-- phpMyAdmin SQL Dump
-- version 4.9.7
-- https://www.phpmyadmin.net/
--
-- Host: localhost:3306
-- Generation Time: Jun 29, 2022 at 07:42 PM
-- Server version: 10.3.35-MariaDB-log
-- PHP Version: 7.4.29

SET SQL_MODE = "NO_AUTO_VALUE_ON_ZERO";
SET AUTOCOMMIT = 0;
START TRANSACTION;
SET time_zone = "+00:00";


/*!40101 SET @OLD_CHARACTER_SET_CLIENT=@@CHARACTER_SET_CLIENT */;
/*!40101 SET @OLD_CHARACTER_SET_RESULTS=@@CHARACTER_SET_RESULTS */;
/*!40101 SET @OLD_COLLATION_CONNECTION=@@COLLATION_CONNECTION */;
/*!40101 SET NAMES utf8mb4 */;

--
-- Database: `educayso_facae`
--

-- --------------------------------------------------------

--
-- Table structure for table `acceso`
--

CREATE TABLE `acceso` (
  `idacceso` int(11) NOT NULL,
  `idusuario` int(10) UNSIGNED NOT NULL,
  `idmodulo` int(11) NOT NULL,
  `idnivelacceso` int(11) NOT NULL
) ENGINE=InnoDB DEFAULT CHARSET=utf8mb4;

--
-- Dumping data for table `acceso`
--

INSERT INTO `acceso` (`idacceso`, `idusuario`, `idmodulo`, `idnivelacceso`) VALUES
(3, 4, 1, 2),
(5, 4, 4, 2),
(6, 4, 5, 2),
(7, 4, 6, 2),
(8, 8, 1, 2),
(9, 8, 6, 2),
(10, 8, 5, 2),
(11, 8, 7, 2),
(12, 8, 8, 2),
(13, 8, 9, 2),
(14, 8, 10, 2),
(15, 8, 11, 2),
(16, 8, 12, 2),
(17, 10, 13, 2),
(18, 10, 5, 2),
(19, 10, 11, 2),
(20, 10, 12, 2),
(21, 11, 14, 2),
(22, 8, 15, 2),
(23, 12, 16, 2),
(24, 11, 16, 2),
(25, 11, 17, 2),
(26, 11, 5, 2),
(27, 11, 11, 2),
(28, 14, 16, 2),
(29, 13, 16, 2),
(30, 13, 5, 2),
(31, 14, 5, 2),
(32, 11, 18, 2),
(33, 11, 7, 2);

-- --------------------------------------------------------

--
-- Stand-in structure for view `acceso1`
-- (See below for the actual view)
--
CREATE TABLE `acceso1` (
`idacceso` int(11)
,`elusuario` varchar(155)
,`idmodulo` int(11)
,`elmodulo` varchar(45)
,`idnivelacceso` int(11)
,`elnivelacceso` varchar(45)
);

-- --------------------------------------------------------

--
-- Table structure for table `articulo`
--

CREATE TABLE `articulo` (
  `idarticulo` int(11) NOT NULL,
  `nombre` varchar(100) DEFAULT NULL,
  `detalle` varchar(200) DEFAULT NULL,
  `idinstitucion` int(11) NOT NULL
) ENGINE=InnoDB DEFAULT CHARSET=utf8mb4;

--
-- Dumping data for table `articulo`
--

INSERT INTO `articulo` (`idarticulo`, `nombre`, `detalle`, `idinstitucion`) VALUES
(1, 'CINTURON BLANCO DE CHRISTOPHER', 'CINTURON BLANCO COGIO 001', 3),
(2, 'CINTURON BLANCO DE STALIN', 'EL CINTURON BLANDO QUE SE LE DIO A STALIN', 3),
(3, 'CINTURO BLANDO DE CHRISTIAN', 'EL CINTURON BLANDO QUE SE LE DIO A CHRISTIAN', 3);

-- --------------------------------------------------------

--
-- Table structure for table `ascenso`
--

CREATE TABLE `ascenso` (
  `idascenso` int(11) NOT NULL,
  `idcliente` int(11) NOT NULL,
  `idevento` int(11) NOT NULL,
  `idcinturon` int(11) NOT NULL
) ENGINE=InnoDB DEFAULT CHARSET=utf8mb4;

-- --------------------------------------------------------

--
-- Table structure for table `asignatura`
--

CREATE TABLE `asignatura` (
  `idasignatura` int(11) NOT NULL,
  `nombre` varchar(45) DEFAULT NULL,
  `creditos` int(11) DEFAULT NULL
) ENGINE=InnoDB DEFAULT CHARSET=utf8mb4;

-- --------------------------------------------------------

--
-- Table structure for table `asistencia`
--

CREATE TABLE `asistencia` (
  `idasistencia` int(11) NOT NULL,
  `idpersona` int(11) DEFAULT NULL,
  `idevento` int(11) DEFAULT NULL,
  `fecha` date DEFAULT NULL,
  `idtipoasistencia` int(11) DEFAULT NULL,
  `comentario` text DEFAULT NULL
) ENGINE=MyISAM DEFAULT CHARSET=latin1;

--
-- Dumping data for table `asistencia`
--

INSERT INTO `asistencia` (`idasistencia`, `idpersona`, `idevento`, `fecha`, `idtipoasistencia`, `comentario`) VALUES
(1, 220, 8, '2022-03-20', 1, ''),
(2, 238, 8, '2022-03-21', 1, '3RA'),
(3, 8, 8, '2013-04-22', 1, 'INGRESO AL SISTEMA'),
(4, 8, 27, '2013-04-22', 1, 'INGRESO AL SISTEMA'),
(5, 329, 27, '2013-04-22', 1, 'INGRESO AL SISTEMA'),
(6, 294, 25, '2013-04-22', 1, 'INGRESO AL SISTEMA'),
(7, 263, 25, '2013-04-22', 1, 'INGRESO AL SISTEMA'),
(8, 330, 27, '2013-04-22', 1, 'INGRESO AL SISTEMA'),
(9, 330, 27, '2014-04-22', 1, 'INGRESO AL SISTEMA'),
(10, 8, 8, '2014-04-22', 1, 'INGRESO AL SISTEMA'),
(11, 331, 24, '2014-04-22', 1, 'INGRESO AL SISTEMA'),
(12, 195, 7, '2014-04-22', 1, 'INGRESO AL SISTEMA'),
(13, 171, 7, '2014-04-22', 1, 'INGRESO AL SISTEMA'),
(14, 201, 7, '2014-04-22', 1, 'INGRESO AL SISTEMA'),
(15, 190, 7, '2014-04-22', 1, 'INGRESO AL SISTEMA'),
(16, 202, 7, '2014-04-22', 1, 'INGRESO AL SISTEMA'),
(17, 173, 7, '2014-04-22', 1, 'INGRESO AL SISTEMA'),
(18, 196, 7, '2014-04-22', 1, 'INGRESO AL SISTEMA'),
(19, 192, 7, '2014-04-22', 1, 'INGRESO AL SISTEMA'),
(20, 177, 7, '2014-04-22', 1, 'INGRESO AL SISTEMA'),
(21, 179, 7, '2014-04-22', 1, 'INGRESO AL SISTEMA'),
(22, 183, 7, '2014-04-22', 1, 'INGRESO AL SISTEMA'),
(23, 185, 7, '2014-04-22', 1, 'INGRESO AL SISTEMA'),
(24, 198, 7, '2014-04-22', 1, 'INGRESO AL SISTEMA'),
(25, 169, 7, '2014-04-22', 1, 'INGRESO AL SISTEMA'),
(26, 332, 7, '2014-04-22', 1, 'INGRESO AL SISTEMA'),
(27, 333, 7, '2014-04-22', 1, 'INGRESO AL SISTEMA'),
(28, 334, 7, '2014-04-22', 1, 'INGRESO AL SISTEMA'),
(29, 203, 7, '2014-04-22', 1, 'INGRESO AL SISTEMA'),
(30, 207, 7, '2014-04-22', 1, 'INGRESO AL SISTEMA'),
(31, 188, 7, '2014-04-22', 1, 'INGRESO AL SISTEMA'),
(32, 182, 7, '2014-04-22', 1, 'INGRESO AL SISTEMA'),
(33, 193, 7, '2014-04-22', 1, 'INGRESO AL SISTEMA'),
(34, 187, 7, '2014-04-22', 1, 'INGRESO AL SISTEMA'),
(35, 197, 7, '2014-04-22', 1, 'INGRESO AL SISTEMA'),
(36, 175, 7, '2014-04-22', 1, 'INGRESO AL SISTEMA'),
(37, 174, 7, '2014-04-22', 1, 'INGRESO AL SISTEMA'),
(38, 191, 7, '2014-04-22', 1, 'INGRESO AL SISTEMA'),
(39, 186, 7, '2014-04-22', 1, 'INGRESO AL SISTEMA'),
(40, 176, 7, '2014-04-22', 1, 'INGRESO AL SISTEMA'),
(41, 8, 8, '2015-04-22', 1, 'INGRESO AL SISTEMA'),
(42, 8, 8, '2016-04-22', 1, 'INGRESO AL SISTEMA'),
(43, 253, 26, '2016-04-22', 1, 'INGRESO AL SISTEMA'),
(44, 310, 25, '2016-04-22', 1, 'INGRESO AL SISTEMA'),
(45, 335, 25, '2016-04-22', 1, 'INGRESO AL SISTEMA'),
(46, 337, 25, '2016-04-22', 1, 'INGRESO AL SISTEMA'),
(47, 338, 25, '2016-04-22', 1, 'INGRESO AL SISTEMA'),
(48, 304, 26, '2017-04-22', 1, 'INGRESO AL SISTEMA'),
(49, 8, 8, '2017-04-22', 1, 'INGRESO AL SISTEMA'),
(50, 277, 25, '2017-04-22', 1, 'INGRESO AL SISTEMA'),
(51, 221, 26, '2017-04-22', 1, 'INGRESO AL SISTEMA'),
(52, 221, 26, '2018-04-22', 1, 'INGRESO AL SISTEMA'),
(53, 8, 8, '2018-04-22', 1, 'INGRESO AL SISTEMA'),
(54, 291, 26, '2018-04-22', 1, 'INGRESO AL SISTEMA'),
(55, 238, 26, '2018-04-22', 1, 'INGRESO AL SISTEMA'),
(56, 282, 26, '2018-04-22', 1, 'INGRESO AL SISTEMA'),
(57, 240, 26, '2018-04-22', 1, 'INGRESO AL SISTEMA'),
(58, 237, 26, '2018-04-22', 1, 'INGRESO AL SISTEMA'),
(59, 236, 26, '2018-04-22', 1, 'INGRESO AL SISTEMA'),
(60, 283, 25, '2018-04-22', 1, 'INGRESO AL SISTEMA'),
(61, 339, 26, '2018-04-22', 1, 'INGRESO AL SISTEMA'),
(62, 289, 26, '2018-04-22', 1, 'INGRESO AL SISTEMA'),
(63, 226, 26, '2018-04-22', 1, 'INGRESO AL SISTEMA'),
(64, 220, 26, '2018-04-22', 1, 'INGRESO AL SISTEMA'),
(65, 239, 8, '2018-04-22', 1, 'INGRESO AL SISTEMA'),
(66, 223, 26, '2018-04-22', 1, 'INGRESO AL SISTEMA'),
(67, 250, 26, '2018-04-22', 1, 'INGRESO AL SISTEMA'),
(68, 285, 26, '2018-04-22', 1, 'INGRESO AL SISTEMA'),
(69, 224, 26, '2018-04-22', 1, 'INGRESO AL SISTEMA'),
(70, 340, 26, '2018-04-22', 1, 'INGRESO AL SISTEMA'),
(71, 341, 26, '2018-04-22', 1, 'INGRESO AL SISTEMA'),
(72, 284, 26, '2018-04-22', 1, 'INGRESO AL SISTEMA'),
(73, 280, 26, '2018-04-22', 1, 'INGRESO AL SISTEMA'),
(74, 83, 28, '2018-04-22', 1, 'INGRESO AL SISTEMA'),
(75, 8, 8, '2019-04-22', 1, 'INGRESO AL SISTEMA'),
(76, 263, 25, '2019-04-22', 1, 'INGRESO AL SISTEMA'),
(77, 256, 26, '2019-04-22', 1, 'INGRESO AL SISTEMA'),
(78, 261, 25, '2019-04-22', 1, 'INGRESO AL SISTEMA'),
(79, 300, 25, '2019-04-22', 1, 'INGRESO AL SISTEMA'),
(80, 314, 25, '2019-04-22', 1, 'INGRESO AL SISTEMA'),
(81, 311, 25, '2019-04-22', 1, 'INGRESO AL SISTEMA'),
(82, 270, 25, '2019-04-22', 1, 'INGRESO AL SISTEMA'),
(83, 298, 25, '2019-04-22', 1, 'INGRESO AL SISTEMA'),
(84, 297, 25, '2019-04-22', 1, 'INGRESO AL SISTEMA'),
(85, 267, 25, '2019-04-22', 1, 'INGRESO AL SISTEMA'),
(86, 299, 25, '2019-04-22', 1, 'INGRESO AL SISTEMA'),
(87, 335, 25, '2019-04-22', 1, 'INGRESO AL SISTEMA'),
(88, 259, 25, '2019-04-22', 1, 'INGRESO AL SISTEMA'),
(89, 258, 26, '2019-04-22', 1, 'INGRESO AL SISTEMA'),
(90, 203, 7, '2019-04-22', 1, 'INGRESO AL SISTEMA'),
(91, 277, 25, '2019-04-22', 1, 'INGRESO AL SISTEMA'),
(92, 271, 25, '2019-04-22', 1, 'INGRESO AL SISTEMA'),
(93, 260, 25, '2019-04-22', 1, 'INGRESO AL SISTEMA'),
(94, 318, 25, '2019-04-22', 1, 'INGRESO AL SISTEMA'),
(95, 273, 25, '2019-04-22', 1, 'INGRESO AL SISTEMA'),
(96, 266, 25, '2019-04-22', 1, 'INGRESO AL SISTEMA'),
(97, 323, 25, '2019-04-22', 1, 'INGRESO AL SISTEMA'),
(98, 264, 25, '2019-04-22', 1, 'INGRESO AL SISTEMA'),
(99, 276, 25, '2019-04-22', 1, 'INGRESO AL SISTEMA'),
(100, 327, 25, '2019-04-22', 1, 'INGRESO AL SISTEMA'),
(101, 337, 25, '2019-04-22', 1, 'INGRESO AL SISTEMA'),
(102, 342, 25, '2019-04-22', 1, 'INGRESO AL SISTEMA'),
(103, 268, 25, '2019-04-22', 1, 'INGRESO AL SISTEMA'),
(104, 272, 25, '2019-04-22', 1, 'INGRESO AL SISTEMA'),
(105, 308, 25, '2019-04-22', 1, 'INGRESO AL SISTEMA'),
(106, 294, 25, '2019-04-22', 1, 'INGRESO AL SISTEMA'),
(107, 254, 25, '2019-04-22', 1, 'INGRESO AL SISTEMA'),
(108, 338, 25, '2019-04-22', 1, 'INGRESO AL SISTEMA'),
(109, 316, 25, '2019-04-22', 1, 'INGRESO AL SISTEMA'),
(110, 257, 25, '2019-04-22', 1, 'INGRESO AL SISTEMA'),
(111, 279, 25, '2019-04-22', 1, 'INGRESO AL SISTEMA'),
(112, 8, 27, '2019-04-22', 1, 'INGRESO AL SISTEMA'),
(113, 83, 28, '2019-04-22', 1, 'INGRESO AL SISTEMA'),
(114, 347, 28, '2019-04-22', 1, 'INGRESO AL SISTEMA'),
(115, 257, 25, '2020-04-22', 1, 'INGRESO AL SISTEMA'),
(116, 8, 8, '2020-04-22', 1, 'INGRESO AL SISTEMA'),
(117, 339, 26, '2020-04-22', 1, 'INGRESO AL SISTEMA'),
(118, 8, 27, '2020-04-22', 1, 'INGRESO AL SISTEMA'),
(119, 83, 28, '2020-04-22', 1, 'INGRESO AL SISTEMA'),
(120, 275, 24, '2020-04-22', 1, 'INGRESO AL SISTEMA'),
(121, 8, 8, '2021-04-22', 1, 'INGRESO AL SISTEMA'),
(122, 8, 8, '2022-04-22', 1, 'INGRESO AL SISTEMA'),
(123, 239, 26, '2022-04-22', 1, ''),
(124, 224, 26, '2022-04-22', 1, ''),
(125, 283, 26, '2022-04-22', 1, 'INGRESO AL SISTEMA'),
(126, 280, 26, '2022-04-22', 1, 'INGRESO AL SISTEMA'),
(127, 253, 26, '2022-04-22', 1, 'INGRESO AL SISTEMA'),
(128, 339, 26, '2022-04-22', 1, 'INGRESO AL SISTEMA'),
(129, 240, 26, '2022-04-22', 1, 'INGRESO AL SISTEMA'),
(130, 282, 26, '2022-04-22', 1, 'INGRESO AL SISTEMA'),
(131, 340, 26, '2022-04-22', 1, 'INGRESO AL SISTEMA'),
(132, 250, 26, '2022-04-22', 1, 'INGRESO AL SISTEMA'),
(133, 238, 26, '2022-04-22', 1, 'INGRESO AL SISTEMA'),
(134, 223, 26, '2022-04-22', 1, 'INGRESO AL SISTEMA'),
(135, 237, 26, '2022-04-22', 1, 'INGRESO AL SISTEMA'),
(136, 234, 26, '2022-04-22', 1, 'INGRESO AL SISTEMA'),
(137, 220, 26, '2022-04-22', 1, 'INGRESO AL SISTEMA'),
(138, 291, 26, '2022-04-22', 1, 'INGRESO AL SISTEMA'),
(139, 303, 26, '2022-04-22', 1, 'INGRESO AL SISTEMA'),
(140, 284, 26, '2022-04-22', 1, 'INGRESO AL SISTEMA'),
(141, 252, 8, '2022-04-22', 1, 'INGRESO AL SISTEMA'),
(142, 285, 26, '2022-04-22', 1, 'INGRESO AL SISTEMA'),
(143, 228, 26, '2022-04-22', 1, 'INGRESO AL SISTEMA'),
(144, 304, 26, '2022-04-22', 1, 'INGRESO AL SISTEMA'),
(145, 341, 26, '2022-04-22', 1, 'INGRESO AL SISTEMA'),
(146, 230, 26, '2022-04-22', 1, 'INGRESO AL SISTEMA'),
(147, 239, 8, '2022-04-22', 1, 'INGRESO AL SISTEMA'),
(148, 241, 26, '2022-04-22', 1, 'INGRESO AL SISTEMA'),
(149, 286, 26, '2022-04-22', 1, 'INGRESO AL SISTEMA'),
(150, 225, 26, '2022-04-22', 1, 'INGRESO AL SISTEMA'),
(151, 302, 26, '2022-04-22', 1, 'INGRESO AL SISTEMA'),
(152, 290, 26, '2022-04-22', 1, 'INGRESO AL SISTEMA'),
(153, 270, 25, '2022-04-22', 1, 'INGRESO AL SISTEMA'),
(154, 258, 26, '2022-04-22', 1, 'INGRESO AL SISTEMA'),
(155, 256, 26, '2022-04-22', 1, 'INGRESO AL SISTEMA'),
(156, 271, 25, '2022-04-22', 1, 'INGRESO AL SISTEMA'),
(157, 259, 25, '2022-04-22', 1, 'INGRESO AL SISTEMA'),
(158, 267, 25, '2022-04-22', 1, 'INGRESO AL SISTEMA'),
(159, 266, 25, '2022-04-22', 1, 'INGRESO AL SISTEMA'),
(160, 311, 25, '2022-04-22', 1, 'INGRESO AL SISTEMA'),
(161, 254, 25, '2022-04-22', 1, 'INGRESO AL SISTEMA'),
(162, 272, 25, '2022-04-22', 1, 'INGRESO AL SISTEMA'),
(163, 342, 25, '2022-04-22', 1, 'INGRESO AL SISTEMA'),
(164, 299, 25, '2022-04-22', 1, 'INGRESO AL SISTEMA'),
(165, 300, 25, '2022-04-22', 1, 'INGRESO AL SISTEMA'),
(166, 279, 25, '2022-04-22', 1, 'INGRESO AL SISTEMA'),
(167, 273, 25, '2022-04-22', 1, 'INGRESO AL SISTEMA'),
(168, 318, 25, '2022-04-22', 1, 'INGRESO AL SISTEMA'),
(169, 316, 25, '2022-04-22', 1, 'INGRESO AL SISTEMA'),
(170, 297, 25, '2022-04-22', 1, 'INGRESO AL SISTEMA'),
(171, 257, 25, '2022-04-22', 1, 'INGRESO AL SISTEMA'),
(172, 310, 25, '2022-04-22', 1, 'INGRESO AL SISTEMA'),
(173, 276, 25, '2022-04-22', 1, 'INGRESO AL SISTEMA'),
(174, 275, 24, '2022-04-22', 1, 'INGRESO AL SISTEMA'),
(175, 264, 25, '2022-04-22', 1, 'INGRESO AL SISTEMA'),
(176, 314, 25, '2022-04-22', 1, 'INGRESO AL SISTEMA'),
(177, 353, 25, '2022-04-22', 1, 'INGRESO AL SISTEMA'),
(178, 262, 25, '2022-04-22', 1, 'INGRESO AL SISTEMA'),
(179, 338, 25, '2022-04-22', 1, 'INGRESO AL SISTEMA'),
(180, 298, 25, '2022-04-22', 1, 'INGRESO AL SISTEMA'),
(181, 260, 25, '2022-04-22', 1, 'INGRESO AL SISTEMA'),
(182, 317, 25, '2022-04-22', 1, 'INGRESO AL SISTEMA'),
(183, 312, 25, '2022-04-22', 1, 'INGRESO AL SISTEMA'),
(184, 337, 25, '2022-04-22', 1, 'INGRESO AL SISTEMA'),
(185, 293, 25, '2022-04-22', 1, 'INGRESO AL SISTEMA'),
(186, 265, 25, '2022-04-22', 1, 'INGRESO AL SISTEMA'),
(187, 354, 25, '2022-04-22', 1, 'INGRESO AL SISTEMA'),
(188, 308, 25, '2022-04-22', 1, 'INGRESO AL SISTEMA'),
(189, 323, 25, '2022-04-22', 1, 'INGRESO AL SISTEMA'),
(190, 278, 25, '2022-04-22', 1, 'INGRESO AL SISTEMA'),
(191, 256, 25, '2022-04-22', 1, 'INGRESO AL SISTEMA'),
(192, 355, 24, '2022-04-22', 1, 'INGRESO AL SISTEMA'),
(193, 289, 26, '2022-04-22', 1, 'INGRESO AL SISTEMA'),
(194, 8, 8, '2023-04-22', 1, 'INGRESO AL SISTEMA'),
(195, 224, 26, '2022-02-13', 1, ''),
(196, 236, 26, '2022-02-13', 2, ''),
(197, 8, 8, '2024-04-22', 1, 'INGRESO AL SISTEMA'),
(198, 345, 28, '2022-04-18', 1, ''),
(199, 195, 7, '2022-03-10', 1, ''),
(200, 193, 7, '2022-03-10', 1, ''),
(201, 202, 7, '2022-03-10', 1, ''),
(202, 200, 7, '2022-03-10', 1, ''),
(203, 170, 7, '2022-03-10', 1, ''),
(204, 206, 7, '2022-03-10', 1, ''),
(205, 191, 7, '2022-03-10', 1, ''),
(206, 8, 8, '2025-04-22', 1, 'INGRESO AL SISTEMA'),
(207, 194, 7, '2022-03-10', 1, ''),
(208, 192, 7, '2022-03-10', 2, ''),
(209, 195, 7, '2022-03-11', 1, ''),
(210, 195, 7, '2022-03-17', 1, ''),
(211, 193, 7, '2022-03-17', 1, ''),
(212, 200, 7, '2022-03-17', 1, ''),
(213, 206, 7, '2022-03-17', 1, ''),
(214, 170, 7, '2022-03-18', 1, ''),
(215, 194, 7, '2022-03-18', 1, ''),
(216, 186, 7, '2022-03-18', 1, ''),
(217, 195, 7, '2022-03-24', 1, ''),
(218, 202, 7, '2022-03-24', 1, ''),
(219, 170, 7, '2022-03-24', 1, ''),
(220, 170, 7, '2022-03-25', 1, ''),
(221, 194, 7, '2022-03-25', 1, ''),
(222, 334, 7, '2022-03-25', 1, ''),
(223, 202, 7, '2022-04-08', 1, ''),
(224, 170, 7, '2022-04-08', 1, ''),
(225, 200, 7, '2022-04-08', 1, ''),
(226, 170, 7, '2022-04-07', 1, ''),
(227, 355, 24, '2025-04-22', 1, 'INGRESO AL SISTEMA'),
(228, 343, 28, '2025-04-22', 1, 'INGRESO AL SISTEMA'),
(229, 239, 26, '2022-04-25', 1, ''),
(230, 224, 26, '2022-04-25', 1, ''),
(231, 222, 26, '2022-04-25', 1, ''),
(232, 240, 26, '2025-04-22', 1, 'INGRESO AL SISTEMA'),
(233, 229, 26, '2022-04-25', 1, ''),
(234, 249, 26, '2022-04-25', 1, ''),
(235, 250, 26, '2022-04-25', 1, ''),
(236, 253, 26, '2022-04-25', 1, ''),
(237, 287, 26, '2022-04-25', 1, ''),
(238, 303, 26, '2022-04-25', 1, ''),
(239, 291, 26, '2022-04-25', 1, ''),
(240, 230, 26, '2022-04-25', 1, ''),
(241, 226, 26, '2022-04-25', 1, ''),
(242, 341, 26, '2022-04-25', 1, ''),
(243, 228, 26, '2022-04-25', 1, ''),
(244, 233, 26, '2022-04-25', 1, ''),
(245, 284, 26, '2022-04-25', 1, ''),
(246, 223, 26, '2022-04-25', 1, ''),
(247, 223, 26, '2025-04-22', 1, 'INGRESO AL SISTEMA'),
(248, 289, 26, '2022-04-25', 1, ''),
(249, 339, 26, '2022-04-25', 1, ''),
(250, 225, 26, '2022-04-25', 1, ''),
(251, 241, 26, '2022-04-25', 1, ''),
(252, 280, 26, '2022-04-25', 1, ''),
(253, 282, 26, '2022-04-25', 1, ''),
(254, 285, 26, '2025-04-22', 1, 'INGRESO AL SISTEMA'),
(255, 286, 26, '2022-04-25', 1, ''),
(256, 302, 26, '2022-04-25', 1, ''),
(257, 234, 26, '2022-04-25', 1, ''),
(258, 240, 26, '2022-04-25', 1, ''),
(259, 283, 26, '2022-04-25', 1, ''),
(260, 220, 26, '2022-04-25', 1, ''),
(261, 227, 26, '2022-04-25', 1, ''),
(262, 238, 26, '2022-04-25', 1, ''),
(263, 237, 26, '2022-04-25', 1, ''),
(264, 281, 26, '2022-04-25', 1, ''),
(265, 221, 26, '2022-04-25', 1, ''),
(266, 340, 26, '2022-04-25', 1, ''),
(267, 235, 26, '2022-04-25', 1, ''),
(268, 285, 26, '2022-04-25', 1, ''),
(269, 290, 26, '2022-04-25', 1, ''),
(270, 304, 26, '2022-04-25', 1, ''),
(271, 252, 26, '2022-04-25', 1, ''),
(272, 258, 26, '2022-04-25', 3, ''),
(273, 292, 26, '2022-04-25', 1, ''),
(274, 236, 26, '2022-04-25', 3, ''),
(275, 283, 26, '2025-04-22', 1, 'INGRESO AL SISTEMA'),
(276, 228, 26, '2025-04-22', 1, 'INGRESO AL SISTEMA'),
(277, 280, 26, '2025-04-22', 1, 'INGRESO AL SISTEMA'),
(278, 238, 26, '2025-04-22', 1, 'INGRESO AL SISTEMA'),
(279, 356, 26, '2022-04-25', 1, ''),
(280, 283, 25, '2025-04-22', 1, 'INGRESO AL SISTEMA'),
(281, 357, 26, '2022-04-25', 1, ''),
(282, 268, 25, '2025-04-22', 1, 'INGRESO AL SISTEMA'),
(283, 258, 26, '2025-04-22', 1, 'INGRESO AL SISTEMA'),
(284, 271, 25, '2025-04-22', 1, 'INGRESO AL SISTEMA'),
(285, 257, 25, '2025-04-22', 1, 'INGRESO AL SISTEMA'),
(286, 252, 8, '2025-04-22', 1, 'INGRESO AL SISTEMA'),
(287, 314, 25, '2025-04-22', 1, 'INGRESO AL SISTEMA'),
(288, 259, 25, '2025-04-22', 1, 'INGRESO AL SISTEMA'),
(289, 260, 25, '2025-04-22', 1, 'INGRESO AL SISTEMA'),
(290, 294, 25, '2025-04-22', 1, 'INGRESO AL SISTEMA'),
(291, 256, 26, '2025-04-22', 1, 'INGRESO AL SISTEMA'),
(292, 254, 29, '2025-04-22', 1, 'INGRESO AL SISTEMA'),
(293, 220, 26, '2025-04-22', 1, 'INGRESO AL SISTEMA'),
(294, 299, 25, '2025-04-22', 1, 'INGRESO AL SISTEMA'),
(295, 224, 26, '2025-04-22', 1, 'INGRESO AL SISTEMA'),
(296, 294, 29, '2025-04-22', 1, 'INGRESO AL SISTEMA'),
(297, 258, 29, '2025-04-22', 1, 'INGRESO AL SISTEMA'),
(298, 268, 29, '2025-04-22', 1, 'INGRESO AL SISTEMA'),
(299, 278, 8, '2025-04-22', 1, 'INGRESO AL SISTEMA'),
(300, 259, 29, '2025-04-22', 1, 'INGRESO AL SISTEMA'),
(301, 252, 29, '2025-04-22', 1, 'INGRESO AL SISTEMA'),
(302, 291, 29, '2025-04-22', 1, 'INGRESO AL SISTEMA'),
(303, 273, 29, '2025-04-22', 1, 'INGRESO AL SISTEMA'),
(304, 220, 29, '2025-04-22', 1, 'INGRESO AL SISTEMA'),
(305, 221, 29, '2025-04-22', 1, 'INGRESO AL SISTEMA'),
(306, 284, 8, '2025-04-22', 1, 'INGRESO AL SISTEMA'),
(307, 266, 25, '2025-04-22', 1, 'INGRESO AL SISTEMA'),
(308, 314, 29, '2025-04-22', 1, 'INGRESO AL SISTEMA'),
(309, 278, 29, '2025-04-22', 1, 'INGRESO AL SISTEMA'),
(310, 299, 29, '2025-04-22', 1, 'INGRESO AL SISTEMA'),
(311, 270, 29, '2025-04-22', 1, 'INGRESO AL SISTEMA'),
(312, 253, 26, '2025-04-22', 1, 'INGRESO AL SISTEMA'),
(313, 316, 29, '2025-04-22', 1, 'INGRESO AL SISTEMA'),
(314, 228, 29, '2025-04-22', 1, 'INGRESO AL SISTEMA'),
(315, 240, 29, '2025-04-22', 1, 'INGRESO AL SISTEMA'),
(316, 224, 29, '2025-04-22', 1, 'INGRESO AL SISTEMA'),
(317, 284, 29, '2025-04-22', 1, 'INGRESO AL SISTEMA'),
(318, 230, 29, '2025-04-22', 1, 'INGRESO AL SISTEMA'),
(319, 257, 29, '2025-04-22', 1, 'INGRESO AL SISTEMA'),
(320, 8, 8, '2026-04-22', 1, 'INGRESO AL SISTEMA'),
(321, 332, 7, '2022-03-10', 1, ''),
(322, 189, 7, '2022-03-10', 1, ''),
(323, 183, 7, '2022-03-10', 1, ''),
(324, 334, 7, '2022-03-10', 1, ''),
(325, 333, 7, '2022-03-10', 1, ''),
(326, 198, 7, '2022-03-10', 1, ''),
(327, 185, 7, '2022-03-10', 1, ''),
(328, 199, 7, '2022-03-10', 1, ''),
(329, 175, 7, '2022-03-10', 1, ''),
(330, 186, 7, '2022-03-10', 1, ''),
(331, 201, 7, '2022-03-10', 1, ''),
(332, 180, 7, '2022-03-10', 1, ''),
(333, 174, 7, '2022-03-10', 1, ''),
(334, 181, 7, '2022-03-10', 1, ''),
(335, 187, 7, '2022-03-10', 1, ''),
(336, 204, 7, '2022-03-10', 1, ''),
(337, 179, 7, '2022-03-10', 1, ''),
(338, 203, 7, '2022-03-10', 1, ''),
(339, 171, 7, '2022-03-10', 1, ''),
(340, 184, 7, '2022-03-10', 1, ''),
(341, 176, 7, '2022-03-10', 1, ''),
(342, 182, 7, '2022-03-10', 1, ''),
(343, 207, 7, '2022-03-10', 1, ''),
(344, 177, 7, '2022-03-10', 1, ''),
(345, 173, 7, '2022-03-10', 1, ''),
(346, 196, 7, '2022-03-10', 1, ''),
(347, 197, 7, '2022-03-10', 1, ''),
(348, 169, 7, '2022-03-10', 1, ''),
(349, 190, 7, '2022-03-10', 1, ''),
(350, 208, 7, '2022-03-10', 1, ''),
(351, 188, 7, '2022-03-10', 1, ''),
(352, 193, 7, '2022-03-11', 1, ''),
(353, 176, 7, '2022-03-11', 1, ''),
(354, 182, 7, '2022-03-11', 1, ''),
(355, 207, 7, '2022-03-11', 1, ''),
(356, 177, 7, '2022-03-11', 1, ''),
(357, 173, 7, '2022-03-11', 1, ''),
(358, 196, 7, '2022-03-11', 1, ''),
(359, 202, 7, '2022-03-11', 1, ''),
(360, 200, 7, '2022-03-11', 1, ''),
(361, 170, 7, '2022-03-11', 1, ''),
(362, 206, 7, '2022-03-11', 1, ''),
(363, 191, 7, '2022-03-11', 1, ''),
(364, 194, 7, '2022-03-11', 1, ''),
(365, 192, 7, '2022-03-11', 1, ''),
(366, 197, 7, '2022-03-11', 1, ''),
(367, 169, 7, '2022-03-11', 1, ''),
(368, 190, 7, '2022-03-11', 1, ''),
(369, 208, 7, '2022-03-11', 1, ''),
(370, 188, 7, '2022-03-11', 1, ''),
(371, 171, 7, '2022-03-11', 1, ''),
(372, 184, 7, '2022-03-11', 1, ''),
(373, 203, 7, '2022-03-11', 1, ''),
(374, 199, 7, '2022-03-11', 1, ''),
(375, 175, 7, '2022-03-11', 1, ''),
(376, 186, 7, '2022-03-11', 1, ''),
(377, 176, 7, '2022-04-08', 1, ''),
(378, 182, 7, '2022-04-08', 1, ''),
(379, 207, 7, '2022-04-08', 1, ''),
(380, 177, 7, '2022-04-08', 1, ''),
(381, 173, 7, '2022-04-08', 1, ''),
(382, 196, 7, '2022-04-08', 1, ''),
(383, 197, 7, '2022-04-08', 1, ''),
(384, 169, 7, '2022-04-08', 1, ''),
(385, 190, 7, '2022-04-08', 1, ''),
(386, 208, 7, '2022-04-08', 1, ''),
(387, 188, 7, '2022-04-08', 1, ''),
(388, 171, 7, '2022-04-08', 1, ''),
(389, 203, 7, '2022-04-08', 1, ''),
(390, 184, 7, '2022-04-08', 1, ''),
(391, 179, 7, '2022-04-08', 1, ''),
(392, 204, 7, '2022-04-08', 1, ''),
(393, 187, 7, '2022-04-08', 1, ''),
(394, 181, 7, '2022-04-08', 1, ''),
(395, 174, 7, '2022-04-08', 1, ''),
(396, 180, 7, '2022-04-08', 1, ''),
(397, 201, 7, '2022-04-08', 1, ''),
(398, 186, 7, '2022-04-08', 1, ''),
(399, 175, 7, '2022-04-08', 1, ''),
(400, 199, 7, '2022-04-08', 1, ''),
(401, 185, 7, '2022-04-08', 1, ''),
(402, 198, 7, '2022-04-08', 1, ''),
(403, 333, 7, '2022-04-08', 1, ''),
(404, 334, 7, '2022-04-08', 1, ''),
(405, 189, 7, '2022-04-08', 1, ''),
(406, 183, 7, '2022-04-08', 1, ''),
(407, 332, 7, '2022-04-08', 1, ''),
(408, 192, 7, '2022-04-08', 1, ''),
(409, 194, 7, '2022-04-08', 1, ''),
(410, 191, 7, '2022-04-08', 1, ''),
(411, 206, 7, '2022-04-08', 1, ''),
(412, 193, 7, '2022-04-08', 1, ''),
(413, 195, 7, '2022-04-08', 1, ''),
(414, 195, 7, '2022-04-07', 1, ''),
(415, 176, 7, '2022-04-07', 1, ''),
(416, 182, 7, '2022-04-07', 1, ''),
(417, 207, 7, '2022-04-07', 1, ''),
(418, 173, 7, '2022-04-07', 1, ''),
(419, 197, 7, '2022-04-07', 1, ''),
(420, 190, 7, '2022-04-07', 1, ''),
(421, 196, 7, '2022-04-07', 1, ''),
(422, 184, 7, '2022-04-07', 1, ''),
(423, 171, 7, '2022-04-07', 1, ''),
(424, 203, 7, '2022-04-07', 1, ''),
(425, 187, 7, '2022-04-07', 1, ''),
(426, 179, 7, '2022-04-07', 1, ''),
(427, 181, 7, '2022-04-07', 1, ''),
(428, 180, 7, '2022-04-07', 1, ''),
(429, 201, 7, '2022-04-07', 1, ''),
(430, 199, 7, '2022-04-07', 1, ''),
(431, 185, 7, '2022-04-07', 1, ''),
(432, 206, 7, '2022-04-07', 1, ''),
(433, 191, 7, '2022-04-07', 1, ''),
(434, 194, 7, '2022-04-07', 1, ''),
(435, 192, 7, '2022-04-07', 1, ''),
(436, 332, 7, '2022-04-07', 1, ''),
(437, 183, 7, '2022-04-07', 1, ''),
(438, 189, 7, '2022-04-07', 1, ''),
(439, 333, 7, '2022-04-07', 1, ''),
(440, 193, 7, '2022-04-07', 1, ''),
(441, 204, 7, '2022-04-07', 1, ''),
(442, 208, 7, '2022-04-07', 1, ''),
(443, 188, 7, '2022-04-07', 1, ''),
(444, 169, 7, '2022-04-07', 1, ''),
(445, 174, 7, '2022-04-07', 1, ''),
(446, 186, 7, '2022-04-07', 1, ''),
(447, 175, 7, '2022-04-07', 1, ''),
(448, 202, 7, '2022-04-07', 1, ''),
(449, 198, 7, '2022-04-07', 1, ''),
(450, 177, 7, '2022-04-07', 1, ''),
(451, 200, 7, '2022-04-07', 1, ''),
(452, 334, 7, '2022-04-07', 1, ''),
(453, 176, 7, '2022-03-25', 1, ''),
(454, 182, 7, '2022-03-25', 1, ''),
(455, 207, 7, '2022-03-25', 1, ''),
(456, 177, 7, '2022-03-25', 1, ''),
(457, 175, 7, '2022-03-25', 1, ''),
(458, 199, 7, '2022-03-25', 1, ''),
(459, 179, 7, '2022-03-25', 1, ''),
(460, 195, 7, '2022-03-25', 1, ''),
(461, 193, 7, '2022-03-25', 1, ''),
(462, 202, 7, '2022-03-25', 1, ''),
(463, 200, 7, '2022-03-25', 1, ''),
(464, 206, 7, '2022-03-25', 1, ''),
(465, 191, 7, '2022-03-25', 1, ''),
(466, 192, 7, '2022-03-25', 1, ''),
(467, 333, 7, '2022-03-25', 1, ''),
(468, 332, 7, '2022-03-25', 1, ''),
(469, 183, 7, '2022-03-25', 1, ''),
(470, 189, 7, '2022-03-25', 1, ''),
(471, 198, 7, '2022-03-25', 1, ''),
(472, 185, 7, '2022-03-25', 1, ''),
(473, 186, 7, '2022-03-25', 1, ''),
(474, 201, 7, '2022-03-25', 1, ''),
(475, 180, 7, '2022-03-25', 1, ''),
(476, 174, 7, '2022-03-25', 1, ''),
(477, 187, 7, '2022-03-25', 1, ''),
(478, 181, 7, '2022-03-25', 1, ''),
(479, 204, 7, '2022-03-25', 1, ''),
(480, 203, 7, '2022-03-25', 1, ''),
(481, 184, 7, '2022-03-25', 1, ''),
(482, 171, 7, '2022-03-25', 1, ''),
(483, 188, 7, '2022-03-25', 1, ''),
(484, 190, 7, '2022-03-25', 1, ''),
(485, 208, 7, '2022-03-25', 1, ''),
(486, 197, 7, '2022-03-25', 1, ''),
(487, 169, 7, '2022-03-25', 1, ''),
(488, 196, 7, '2022-03-25', 1, ''),
(489, 173, 7, '2022-03-25', 1, ''),
(490, 193, 7, '2022-03-24', 1, ''),
(491, 175, 7, '2022-03-24', 1, ''),
(492, 179, 7, '2022-03-24', 1, ''),
(493, 176, 7, '2022-03-24', 1, ''),
(494, 200, 7, '2022-03-24', 1, ''),
(495, 206, 7, '2022-03-24', 1, ''),
(496, 191, 7, '2022-03-24', 1, ''),
(497, 194, 7, '2022-03-24', 1, ''),
(498, 192, 7, '2022-03-24', 1, ''),
(499, 332, 7, '2022-03-24', 1, ''),
(500, 183, 7, '2022-03-24', 1, ''),
(501, 189, 7, '2022-03-24', 1, ''),
(502, 334, 7, '2022-03-24', 1, ''),
(503, 333, 7, '2022-03-24', 1, ''),
(504, 208, 7, '2022-03-24', 1, ''),
(505, 204, 7, '2022-03-24', 1, ''),
(506, 187, 7, '2022-03-24', 1, ''),
(507, 198, 7, '2022-03-24', 1, ''),
(508, 185, 7, '2022-03-24', 1, ''),
(509, 173, 7, '2022-03-24', 1, ''),
(510, 177, 7, '2022-03-24', 1, ''),
(511, 182, 7, '2022-03-24', 1, ''),
(512, 207, 7, '2022-03-24', 1, ''),
(513, 196, 7, '2022-03-24', 1, ''),
(514, 197, 7, '2022-03-24', 1, ''),
(515, 190, 7, '2022-03-24', 1, ''),
(516, 199, 7, '2022-03-24', 1, ''),
(517, 186, 7, '2022-03-24', 1, ''),
(518, 174, 7, '2022-03-24', 1, ''),
(519, 181, 7, '2022-03-24', 1, ''),
(520, 201, 7, '2022-03-24', 1, ''),
(521, 180, 7, '2022-03-24', 1, ''),
(522, 203, 7, '2022-03-24', 1, ''),
(523, 171, 7, '2022-03-24', 1, ''),
(524, 188, 7, '2022-03-24', 1, ''),
(525, 184, 7, '2022-03-24', 1, ''),
(526, 169, 7, '2022-03-24', 1, ''),
(527, 202, 7, '2022-03-17', 1, ''),
(528, 170, 7, '2022-03-17', 1, ''),
(529, 191, 7, '2022-03-17', 1, ''),
(530, 194, 7, '2022-03-17', 1, ''),
(531, 192, 7, '2022-03-17', 1, ''),
(532, 332, 7, '2022-03-17', 1, ''),
(533, 183, 7, '2022-03-17', 1, ''),
(534, 189, 7, '2022-03-17', 1, ''),
(535, 334, 7, '2022-03-17', 1, ''),
(536, 332, 7, '2022-03-11', 1, ''),
(537, 183, 7, '2022-03-11', 1, ''),
(538, 334, 7, '2022-03-11', 1, ''),
(539, 189, 7, '2022-03-11', 1, ''),
(540, 333, 7, '2022-03-11', 1, ''),
(541, 198, 7, '2022-03-11', 1, ''),
(542, 185, 7, '2022-03-11', 1, ''),
(543, 201, 7, '2022-03-11', 1, ''),
(544, 180, 7, '2022-03-11', 1, ''),
(545, 174, 7, '2022-03-11', 1, ''),
(546, 181, 7, '2022-03-11', 1, ''),
(547, 187, 7, '2022-03-11', 1, ''),
(548, 204, 7, '2022-03-11', 1, ''),
(549, 179, 7, '2022-03-11', 1, ''),
(550, 333, 7, '2022-03-17', 1, ''),
(551, 198, 7, '2022-03-17', 1, ''),
(552, 185, 7, '2022-03-17', 1, ''),
(553, 176, 7, '2022-03-17', 1, ''),
(554, 182, 7, '2022-03-17', 1, ''),
(555, 207, 7, '2022-03-17', 1, ''),
(556, 177, 7, '2022-03-17', 1, ''),
(557, 173, 7, '2022-03-17', 1, ''),
(558, 197, 7, '2022-03-17', 1, ''),
(559, 196, 7, '2022-03-17', 1, ''),
(560, 190, 7, '2022-03-17', 1, ''),
(561, 187, 7, '2022-03-17', 1, ''),
(562, 203, 7, '2022-03-17', 1, ''),
(563, 199, 7, '2022-03-17', 1, ''),
(564, 175, 7, '2022-03-17', 1, ''),
(565, 201, 7, '2022-03-17', 1, ''),
(566, 186, 7, '2022-03-17', 1, ''),
(567, 180, 7, '2022-03-17', 1, ''),
(568, 174, 7, '2022-03-17', 1, ''),
(569, 181, 7, '2022-03-17', 1, ''),
(570, 179, 7, '2022-03-17', 1, ''),
(571, 204, 7, '2022-03-17', 1, ''),
(572, 184, 7, '2022-03-17', 1, ''),
(573, 171, 7, '2022-03-17', 1, ''),
(574, 208, 7, '2022-03-17', 1, ''),
(575, 188, 7, '2022-03-17', 1, ''),
(576, 169, 7, '2022-03-17', 1, ''),
(577, 195, 7, '2022-03-18', 1, ''),
(578, 193, 7, '2022-03-18', 1, ''),
(579, 202, 7, '2022-03-18', 1, ''),
(580, 200, 7, '2022-03-18', 1, ''),
(581, 176, 7, '2022-03-18', 1, ''),
(582, 182, 7, '2022-03-18', 1, ''),
(583, 192, 7, '2022-03-18', 1, ''),
(584, 191, 7, '2022-03-18', 1, ''),
(585, 206, 7, '2022-03-18', 1, ''),
(586, 332, 7, '2022-03-18', 1, ''),
(587, 183, 7, '2022-03-18', 1, ''),
(588, 189, 7, '2022-03-18', 1, ''),
(589, 334, 7, '2022-03-18', 1, ''),
(590, 174, 7, '2022-03-18', 1, ''),
(591, 175, 7, '2022-03-18', 1, ''),
(592, 198, 7, '2022-03-18', 1, ''),
(593, 333, 7, '2022-03-18', 1, ''),
(594, 185, 7, '2022-03-18', 1, ''),
(595, 199, 7, '2022-03-18', 1, ''),
(596, 201, 7, '2022-03-18', 1, ''),
(597, 180, 7, '2022-03-18', 1, ''),
(598, 187, 7, '2022-03-18', 1, ''),
(599, 204, 7, '2022-03-18', 1, ''),
(600, 197, 7, '2022-03-18', 1, ''),
(601, 190, 7, '2022-03-18', 1, ''),
(602, 188, 7, '2022-03-18', 1, ''),
(603, 207, 7, '2022-03-18', 1, ''),
(604, 177, 7, '2022-03-18', 1, ''),
(605, 173, 7, '2022-03-18', 1, ''),
(606, 196, 7, '2022-03-18', 1, ''),
(607, 169, 7, '2022-03-18', 1, ''),
(608, 181, 7, '2022-03-18', 1, ''),
(609, 179, 7, '2022-03-18', 1, ''),
(610, 203, 7, '2022-03-18', 1, ''),
(611, 171, 7, '2022-03-18', 1, ''),
(612, 184, 7, '2022-03-18', 1, ''),
(613, 208, 7, '2022-03-18', 1, ''),
(614, 338, 25, '2026-04-22', 1, 'INGRESO AL SISTEMA'),
(615, 270, 25, '2022-04-26', 1, ''),
(616, 256, 25, '2022-04-26', 1, ''),
(617, 279, 25, '2022-04-26', 1, ''),
(618, 269, 25, '2022-04-26', 1, ''),
(619, 272, 25, '2022-04-26', 1, ''),
(620, 275, 25, '2022-04-26', 1, ''),
(621, 317, 25, '2022-04-26', 1, ''),
(622, 308, 25, '2022-04-26', 1, ''),
(623, 297, 25, '2022-04-26', 1, ''),
(624, 310, 25, '2022-04-26', 1, ''),
(625, 260, 25, '2022-04-26', 2, ''),
(626, 255, 25, '2022-04-26', 1, ''),
(627, 318, 25, '2022-04-26', 1, ''),
(628, 311, 25, '2022-04-26', 1, ''),
(629, 259, 25, '2022-04-26', 1, ''),
(630, 276, 25, '2022-04-26', 1, ''),
(631, 254, 25, '2022-04-26', 1, ''),
(632, 267, 25, '2022-04-26', 1, ''),
(633, 337, 25, '2022-04-26', 1, ''),
(634, 309, 25, '2022-04-26', 1, ''),
(635, 294, 25, '2022-04-26', 1, ''),
(636, 258, 25, '2022-04-26', 1, ''),
(637, 266, 25, '2022-04-26', 1, ''),
(638, 268, 25, '2022-04-26', 1, ''),
(639, 319, 25, '2022-04-26', 1, ''),
(640, 299, 25, '2022-04-26', 1, ''),
(641, 338, 25, '2022-04-26', 1, ''),
(642, 265, 25, '2022-04-26', 1, ''),
(643, 354, 25, '2022-04-26', 1, ''),
(644, 293, 25, '2022-04-26', 1, ''),
(645, 314, 25, '2022-04-26', 1, ''),
(646, 271, 25, '2022-04-26', 1, ''),
(647, 264, 25, '2022-04-26', 1, ''),
(648, 273, 25, '2022-04-26', 1, ''),
(649, 353, 25, '2022-04-26', 1, ''),
(650, 261, 25, '2022-04-26', 1, ''),
(651, 316, 25, '2022-04-26', 1, ''),
(652, 262, 25, '2022-04-26', 1, ''),
(653, 274, 25, '2022-04-26', 3, ''),
(654, 278, 25, '2022-04-26', 1, ''),
(655, 327, 25, '2022-04-26', 1, ''),
(656, 298, 25, '2022-04-26', 1, ''),
(657, 257, 25, '2022-04-26', 1, ''),
(658, 321, 25, '2022-04-26', 1, ''),
(659, 263, 25, '2022-04-26', 1, ''),
(660, 358, 25, '2022-04-26', 1, ''),
(661, 359, 25, '2022-04-26', 1, ''),
(662, 300, 25, '2022-04-26', 1, ''),
(663, 322, 25, '2022-04-26', 3, ''),
(664, 309, 25, '2026-04-22', 1, 'INGRESO AL SISTEMA'),
(665, 342, 25, '2022-04-26', 1, ''),
(666, 323, 25, '2022-04-26', 3, ''),
(667, 320, 25, '2022-04-26', 3, ''),
(668, 277, 25, '2022-04-26', 3, ''),
(669, 312, 25, '2022-04-26', 3, ''),
(670, 283, 25, '2022-04-26', 3, ''),
(671, 335, 25, '2022-04-26', 3, ''),
(672, 239, 26, '0000-00-00', 1, ''),
(673, 239, 26, '2022-04-26', 1, ''),
(674, 256, 26, '2022-04-26', 1, ''),
(675, 224, 26, '2022-04-26', 1, ''),
(676, 222, 26, '2022-04-26', 1, ''),
(677, 229, 26, '2022-04-26', 1, ''),
(678, 249, 26, '2022-04-26', 1, ''),
(679, 250, 26, '2022-04-26', 1, ''),
(680, 252, 26, '2022-04-26', 1, ''),
(681, 253, 26, '2022-04-26', 1, ''),
(682, 303, 26, '2022-04-26', 1, ''),
(683, 287, 26, '2022-04-26', 1, ''),
(684, 291, 26, '2022-04-26', 1, ''),
(685, 230, 26, '2022-04-26', 1, ''),
(686, 226, 26, '2022-04-26', 1, ''),
(687, 357, 26, '2022-04-26', 1, ''),
(688, 228, 26, '2022-04-26', 1, ''),
(689, 233, 26, '2022-04-26', 1, ''),
(690, 284, 26, '2022-04-26', 1, ''),
(691, 223, 26, '2022-04-26', 1, ''),
(692, 289, 26, '2022-04-26', 1, ''),
(693, 339, 26, '2022-04-26', 1, ''),
(694, 225, 26, '2022-04-26', 1, ''),
(695, 241, 26, '2022-04-26', 1, ''),
(696, 280, 26, '2022-04-26', 1, ''),
(697, 282, 26, '2022-04-26', 1, ''),
(698, 234, 26, '2022-04-26', 1, ''),
(699, 240, 26, '2022-04-26', 1, ''),
(700, 283, 26, '2022-04-26', 1, ''),
(701, 220, 26, '2022-04-26', 1, ''),
(702, 227, 26, '2022-04-26', 1, ''),
(703, 238, 26, '2022-04-26', 1, ''),
(704, 237, 26, '2022-04-26', 1, ''),
(705, 341, 26, '2022-04-26', 1, ''),
(706, 281, 26, '2022-04-26', 1, ''),
(707, 221, 26, '2022-04-26', 1, ''),
(708, 340, 26, '2022-04-26', 1, ''),
(709, 235, 26, '2022-04-26', 1, ''),
(710, 290, 26, '2022-04-26', 1, ''),
(711, 304, 26, '2022-04-26', 1, ''),
(712, 302, 26, '2022-04-26', 2, ''),
(713, 356, 26, '2022-04-26', 2, ''),
(714, 251, 26, '2022-04-26', 1, ''),
(715, 286, 26, '2022-04-26', 2, ''),
(716, 258, 26, '2022-04-26', 3, ''),
(717, 292, 26, '2022-04-26', 3, ''),
(718, 285, 26, '2022-04-26', 3, ''),
(719, 236, 26, '2022-04-26', 1, ''),
(720, 361, 7, '2026-04-22', 1, 'INGRESO AL SISTEMA'),
(721, 361, 7, '2022-03-10', 1, ''),
(722, 361, 7, '2022-03-11', 1, ''),
(723, 361, 7, '2022-03-17', 1, ''),
(724, 361, 7, '2022-03-18', 1, ''),
(725, 361, 7, '2022-03-24', 1, ''),
(726, 361, 7, '2022-03-25', 1, ''),
(727, 361, 7, '2022-04-07', 1, ''),
(728, 361, 7, '2022-04-08', 1, ''),
(729, 362, 7, '2026-04-22', 1, 'INGRESO AL SISTEMA'),
(730, 362, 7, '2022-03-10', 2, ''),
(731, 362, 7, '2022-03-11', 1, ''),
(732, 362, 7, '2022-03-17', 1, ''),
(733, 362, 7, '2022-03-18', 1, ''),
(734, 362, 7, '2022-03-24', 1, ''),
(735, 362, 7, '2022-03-25', 1, ''),
(736, 362, 7, '2022-04-07', 1, ''),
(737, 362, 7, '2022-04-08', 1, ''),
(738, 8, 8, '2027-04-22', 1, 'INGRESO AL SISTEMA'),
(739, 169, 7, '2027-04-22', 1, 'INGRESO AL SISTEMA'),
(740, 343, 28, '2027-04-22', 1, 'INGRESO AL SISTEMA'),
(741, 220, 26, '2022-04-27', 1, ''),
(742, 270, 25, '2022-04-27', 1, ''),
(743, 300, 25, '2022-04-27', 1, ''),
(744, 297, 25, '2022-04-27', 1, ''),
(745, 319, 25, '2022-04-27', 1, ''),
(746, 272, 25, '2022-04-27', 1, ''),
(747, 298, 25, '2022-04-27', 1, ''),
(748, 287, 26, '2022-04-27', 1, ''),
(749, 342, 25, '2027-04-22', 1, 'INGRESO AL SISTEMA'),
(750, 270, 29, '2027-04-22', 1, 'INGRESO AL SISTEMA'),
(751, 270, 29, '2028-04-22', 1, 'INGRESO AL SISTEMA'),
(752, 270, 25, '2028-04-22', 1, 'INGRESO AL SISTEMA'),
(753, 8, 8, '2028-04-22', 1, 'INGRESO AL SISTEMA'),
(754, 272, 25, '2022-04-28', 1, ''),
(755, 275, 25, '2022-04-28', 1, ''),
(756, 317, 25, '2022-04-28', 1, ''),
(757, 260, 25, '2022-04-28', 1, ''),
(758, 308, 25, '2022-04-28', 1, ''),
(759, 297, 25, '2022-04-28', 1, ''),
(760, 310, 25, '2022-04-28', 1, ''),
(761, 255, 25, '2022-04-28', 1, ''),
(762, 342, 25, '2022-04-28', 1, ''),
(763, 358, 25, '2022-04-28', 1, ''),
(764, 259, 25, '2022-04-28', 1, ''),
(765, 276, 25, '2022-04-28', 1, ''),
(766, 254, 25, '2022-04-28', 1, ''),
(767, 323, 25, '2022-04-28', 1, ''),
(768, 267, 25, '2022-04-28', 1, ''),
(769, 337, 25, '2022-04-28', 1, ''),
(770, 294, 25, '2022-04-28', 1, ''),
(771, 258, 25, '2022-04-28', 1, ''),
(772, 277, 25, '2022-04-28', 1, ''),
(773, 266, 25, '2022-04-28', 1, ''),
(774, 268, 25, '2022-04-28', 1, ''),
(775, 314, 25, '2022-04-28', 1, ''),
(776, 265, 25, '2022-04-28', 1, ''),
(777, 312, 25, '2022-04-28', 1, ''),
(778, 271, 25, '2022-04-28', 1, ''),
(779, 264, 25, '2022-04-28', 1, ''),
(780, 273, 25, '2022-04-28', 1, ''),
(781, 316, 25, '2022-04-28', 1, ''),
(782, 262, 25, '2022-04-28', 1, ''),
(783, 298, 25, '2022-04-28', 1, ''),
(784, 257, 25, '2022-04-28', 4, 'se fue a matricular al hijo a la escuela'),
(785, 321, 25, '2022-04-28', 1, ''),
(786, 256, 25, '2022-04-28', 2, ''),
(787, 299, 25, '2022-04-28', 2, ''),
(788, 353, 25, '2022-04-28', 2, 'tenia problemas con el microfono'),
(789, 269, 25, '2022-04-28', 3, ''),
(790, 270, 25, '2022-04-28', 1, ''),
(791, 279, 25, '2022-04-28', 3, ''),
(792, 322, 25, '2022-04-28', 3, ''),
(793, 300, 25, '2022-04-28', 2, ''),
(794, 318, 25, '2022-04-28', 3, ''),
(795, 311, 25, '2022-04-28', 3, ''),
(796, 309, 25, '2022-04-28', 3, ''),
(797, 320, 25, '2022-04-28', 3, ''),
(798, 319, 25, '2022-04-28', 3, ''),
(799, 338, 25, '2022-04-28', 3, ''),
(800, 354, 25, '2022-04-28', 3, ''),
(801, 293, 25, '2022-04-28', 3, ''),
(802, 283, 25, '2022-04-28', 3, ''),
(803, 335, 25, '2022-04-28', 2, ''),
(804, 261, 25, '2022-04-28', 3, ''),
(805, 359, 25, '2022-04-28', 3, ''),
(806, 274, 25, '2022-04-28', 2, ''),
(807, 278, 25, '2022-04-28', 1, ''),
(808, 327, 25, '2022-04-28', 3, ''),
(809, 263, 25, '2022-04-28', 3, ''),
(810, 254, 25, '2028-04-22', 1, 'INGRESO AL SISTEMA'),
(811, 256, 29, '2028-04-22', 1, 'INGRESO AL SISTEMA'),
(812, 317, 25, '2028-04-22', 1, 'INGRESO AL SISTEMA'),
(813, 268, 25, '2028-04-22', 1, 'INGRESO AL SISTEMA'),
(814, 300, 25, '2028-04-22', 1, 'INGRESO AL SISTEMA'),
(815, 262, 25, '2028-04-22', 1, 'INGRESO AL SISTEMA'),
(816, 299, 29, '2028-04-22', 1, 'INGRESO AL SISTEMA'),
(817, 267, 25, '2028-04-22', 1, 'INGRESO AL SISTEMA'),
(818, 277, 25, '2028-04-22', 1, 'INGRESO AL SISTEMA'),
(819, 298, 25, '2028-04-22', 1, 'INGRESO AL SISTEMA'),
(820, 273, 29, '2028-04-22', 1, 'INGRESO AL SISTEMA'),
(821, 276, 25, '2028-04-22', 1, 'INGRESO AL SISTEMA'),
(822, 316, 25, '2028-04-22', 1, 'INGRESO AL SISTEMA'),
(823, 278, 25, '2028-04-22', 1, 'INGRESO AL SISTEMA'),
(824, 310, 25, '2028-04-22', 1, 'INGRESO AL SISTEMA'),
(825, 308, 25, '2028-04-22', 1, 'INGRESO AL SISTEMA'),
(826, 258, 26, '2028-04-22', 1, 'INGRESO AL SISTEMA'),
(827, 271, 25, '2028-04-22', 1, 'INGRESO AL SISTEMA'),
(828, 265, 25, '2028-04-22', 1, 'INGRESO AL SISTEMA'),
(829, 299, 25, '2028-04-22', 1, 'INGRESO AL SISTEMA'),
(830, 8, 8, '2029-04-22', 1, 'INGRESO AL SISTEMA'),
(831, 239, 26, '2022-04-29', 1, ''),
(832, 224, 26, '2022-04-29', 1, ''),
(833, 222, 26, '2022-04-29', 1, ''),
(834, 229, 26, '2022-04-29', 1, ''),
(835, 249, 26, '2022-04-29', 1, ''),
(836, 252, 26, '2022-04-29', 1, ''),
(837, 251, 26, '2022-04-29', 1, ''),
(838, 253, 26, '2022-04-29', 1, ''),
(839, 303, 26, '2022-04-29', 1, ''),
(840, 287, 26, '2022-04-29', 1, ''),
(841, 291, 26, '2022-04-29', 1, ''),
(842, 230, 26, '2022-04-29', 1, ''),
(843, 226, 26, '2022-04-29', 1, ''),
(844, 233, 26, '2022-04-29', 1, ''),
(845, 284, 26, '2022-04-29', 1, ''),
(846, 223, 26, '2022-04-29', 1, ''),
(847, 289, 26, '2022-04-29', 1, ''),
(848, 339, 26, '2022-04-29', 1, ''),
(849, 241, 26, '2022-04-29', 1, ''),
(850, 280, 26, '2022-04-29', 1, ''),
(851, 341, 26, '2022-04-29', 1, ''),
(852, 282, 26, '2022-04-29', 1, ''),
(853, 286, 26, '2022-04-29', 1, ''),
(854, 302, 26, '2022-04-29', 1, ''),
(855, 234, 26, '2022-04-29', 1, ''),
(856, 240, 26, '2022-04-29', 1, ''),
(857, 283, 26, '2022-04-29', 1, ''),
(858, 220, 26, '2022-04-29', 1, ''),
(859, 227, 26, '2022-04-29', 1, ''),
(860, 238, 26, '2022-04-29', 1, ''),
(861, 237, 26, '2022-04-29', 1, ''),
(862, 281, 26, '2022-04-29', 1, ''),
(863, 221, 26, '2022-04-29', 1, ''),
(864, 235, 26, '2022-04-29', 1, ''),
(865, 285, 26, '2022-04-29', 1, ''),
(866, 340, 26, '2022-04-29', 1, ''),
(867, 292, 26, '2022-04-29', 1, ''),
(868, 290, 26, '2022-04-29', 1, ''),
(869, 304, 26, '2022-04-29', 1, ''),
(870, 250, 26, '2022-04-29', 2, ''),
(871, 357, 26, '2022-04-29', 3, ''),
(872, 228, 26, '2022-04-29', 3, ''),
(873, 356, 26, '2022-04-29', 3, ''),
(874, 236, 26, '2022-04-29', 3, ''),
(875, 225, 26, '2022-04-29', 2, ''),
(876, 258, 26, '2022-04-29', 3, ''),
(877, 256, 26, '2022-04-29', 3, ''),
(878, 269, 25, '2022-04-29', 3, ''),
(879, 270, 25, '2022-04-29', 1, ''),
(880, 256, 25, '2022-04-29', 1, ''),
(881, 278, 25, '2029-04-22', 1, 'INGRESO AL SISTEMA'),
(882, 272, 25, '2022-04-29', 1, ''),
(883, 275, 25, '2022-04-29', 1, ''),
(884, 317, 25, '2022-04-29', 1, ''),
(885, 260, 25, '2022-04-29', 1, ''),
(886, 308, 25, '2022-04-29', 1, ''),
(887, 310, 25, '2022-04-29', 3, ''),
(888, 255, 25, '2022-04-29', 1, ''),
(889, 342, 25, '2022-04-29', 1, ''),
(890, 318, 25, '2022-04-29', 1, ''),
(891, 259, 25, '2022-04-29', 1, ''),
(892, 254, 25, '2022-04-29', 1, ''),
(893, 267, 25, '2022-04-29', 1, ''),
(894, 294, 25, '2022-04-29', 1, ''),
(895, 258, 25, '2022-04-29', 1, ''),
(896, 277, 25, '2022-04-29', 1, ''),
(897, 268, 25, '2022-04-29', 1, ''),
(898, 299, 25, '2022-04-29', 1, ''),
(899, 338, 25, '2022-04-29', 1, ''),
(900, 265, 25, '2022-04-29', 1, ''),
(901, 293, 25, '2022-04-29', 1, ''),
(902, 314, 25, '2022-04-29', 1, ''),
(903, 312, 25, '2022-04-29', 1, ''),
(904, 271, 25, '2022-04-29', 1, ''),
(905, 264, 25, '2022-04-29', 1, ''),
(906, 273, 25, '2022-04-29', 1, ''),
(907, 335, 25, '2022-04-29', 1, ''),
(908, 353, 25, '2022-04-29', 1, ''),
(909, 262, 25, '2022-04-29', 1, ''),
(910, 274, 25, '2022-04-29', 1, ''),
(911, 278, 25, '2022-04-29', 1, ''),
(912, 327, 25, '2022-04-29', 1, ''),
(913, 257, 25, '2022-04-29', 1, ''),
(914, 263, 25, '2022-04-29', 1, ''),
(915, 321, 25, '2022-04-29', 3, ''),
(916, 298, 25, '2022-04-29', 2, ''),
(917, 359, 25, '2022-04-29', 3, ''),
(918, 316, 25, '2022-04-29', 3, ''),
(919, 270, 29, '2029-04-22', 1, 'INGRESO AL SISTEMA'),
(920, 261, 25, '2022-04-29', 3, ''),
(921, 283, 25, '2022-04-29', 3, ''),
(922, 354, 25, '2022-04-29', 3, ''),
(923, 319, 25, '2022-04-29', 3, ''),
(924, 266, 25, '2022-04-29', 3, ''),
(925, 320, 25, '2022-04-29', 3, ''),
(926, 309, 25, '2022-04-29', 3, ''),
(927, 337, 25, '2022-04-29', 2, ''),
(928, 270, 25, '2029-04-22', 1, 'INGRESO AL SISTEMA'),
(929, 323, 25, '2022-04-29', 3, ''),
(930, 268, 25, '2029-04-22', 1, 'INGRESO AL SISTEMA'),
(931, 264, 25, '2029-04-22', 1, 'INGRESO AL SISTEMA'),
(932, 276, 25, '2022-04-29', 1, ''),
(933, 311, 25, '2022-04-29', 1, ''),
(934, 271, 25, '2029-04-22', 1, 'INGRESO AL SISTEMA'),
(935, 300, 25, '2022-04-29', 3, ''),
(936, 358, 25, '2022-04-29', 3, ''),
(937, 297, 25, '2022-04-29', 3, ''),
(938, 322, 25, '2022-04-29', 3, ''),
(939, 279, 25, '2022-04-29', 3, ''),
(940, 272, 25, '2029-04-22', 1, 'INGRESO AL SISTEMA'),
(941, 254, 25, '2029-04-22', 1, 'INGRESO AL SISTEMA'),
(942, 260, 25, '2029-04-22', 1, 'INGRESO AL SISTEMA'),
(943, 277, 25, '2029-04-22', 1, 'INGRESO AL SISTEMA'),
(944, 260, 25, '2030-04-22', 1, 'INGRESO AL SISTEMA'),
(945, 256, 26, '2022-04-25', 3, ''),
(946, 8, 8, '2002-05-22', 1, 'INGRESO AL SISTEMA'),
(947, 254, 25, '2022-05-02', 1, ''),
(948, 259, 25, '2022-05-02', 1, ''),
(949, 299, 25, '2022-05-02', 1, ''),
(950, 271, 25, '2022-05-02', 1, ''),
(951, 283, 25, '2022-05-02', 1, ''),
(952, 262, 25, '2022-05-02', 1, ''),
(953, 278, 25, '2022-05-02', 1, ''),
(954, 257, 25, '2022-05-02', 1, ''),
(955, 263, 25, '2022-05-02', 1, ''),
(956, 276, 25, '2022-05-02', 1, ''),
(957, 239, 26, '2022-05-02', 1, ''),
(958, 224, 26, '2022-05-02', 1, ''),
(959, 222, 26, '2022-05-02', 1, ''),
(960, 229, 26, '2022-05-02', 1, ''),
(961, 250, 26, '2022-05-02', 1, ''),
(962, 252, 26, '2022-05-02', 1, ''),
(963, 303, 26, '2022-05-02', 1, ''),
(964, 287, 26, '2022-05-02', 1, ''),
(965, 291, 26, '2022-05-02', 1, ''),
(966, 230, 26, '2022-05-02', 1, ''),
(967, 341, 26, '2022-05-02', 1, ''),
(968, 233, 26, '2022-05-02', 1, ''),
(969, 284, 26, '2022-05-02', 1, ''),
(970, 289, 26, '2022-05-02', 1, ''),
(971, 339, 26, '2022-05-02', 1, ''),
(972, 241, 26, '2022-05-02', 1, ''),
(973, 280, 26, '2022-05-02', 1, ''),
(974, 234, 26, '2022-05-02', 1, ''),
(975, 225, 26, '2022-05-02', 1, ''),
(976, 240, 26, '2022-05-02', 1, ''),
(977, 283, 26, '2022-05-02', 1, ''),
(978, 220, 26, '2022-05-02', 1, ''),
(979, 238, 26, '2022-05-02', 1, ''),
(980, 237, 26, '2022-05-02', 1, ''),
(981, 221, 26, '2022-05-02', 1, ''),
(982, 340, 26, '2022-05-02', 1, ''),
(983, 235, 26, '2022-05-02', 1, ''),
(984, 292, 26, '2022-05-02', 1, ''),
(985, 285, 26, '2022-05-02', 1, ''),
(986, 356, 26, '2022-05-02', 1, ''),
(987, 311, 25, '2022-05-02', 1, ''),
(988, 294, 25, '2022-05-02', 1, ''),
(989, 265, 25, '2022-05-02', 1, ''),
(990, 184, 7, '2002-05-22', 1, 'INGRESO AL SISTEMA'),
(991, 269, 25, '2022-05-03', 1, ''),
(992, 270, 25, '2022-05-03', 1, ''),
(993, 256, 25, '2022-05-03', 1, ''),
(994, 272, 25, '2022-05-03', 1, ''),
(995, 275, 25, '2022-05-03', 1, ''),
(996, 317, 25, '2022-05-03', 1, ''),
(997, 260, 25, '2022-05-03', 1, ''),
(998, 308, 25, '2022-05-03', 1, ''),
(999, 297, 25, '2022-05-03', 1, ''),
(1000, 310, 25, '2022-05-03', 1, ''),
(1001, 255, 25, '2022-05-03', 1, ''),
(1002, 342, 25, '2022-05-03', 1, ''),
(1003, 358, 25, '2022-05-03', 1, ''),
(1004, 300, 25, '2022-05-03', 1, ''),
(1005, 318, 25, '2022-05-03', 1, ''),
(1006, 311, 25, '2022-05-03', 1, ''),
(1007, 259, 25, '2022-05-03', 1, ''),
(1008, 276, 25, '2022-05-03', 1, ''),
(1009, 254, 25, '2022-05-03', 1, ''),
(1010, 323, 25, '2022-05-03', 1, ''),
(1011, 337, 25, '2022-05-03', 1, ''),
(1012, 258, 25, '2022-05-03', 1, ''),
(1013, 294, 25, '2022-05-03', 1, ''),
(1014, 320, 25, '2022-05-03', 1, ''),
(1015, 266, 25, '2022-05-03', 1, ''),
(1016, 268, 25, '2022-05-03', 1, ''),
(1017, 299, 25, '2022-05-03', 4, 'esta en cita medica'),
(1018, 338, 25, '2022-05-03', 1, ''),
(1019, 265, 25, '2022-05-03', 1, ''),
(1020, 314, 25, '2022-05-03', 1, ''),
(1021, 312, 25, '2022-05-03', 1, ''),
(1022, 271, 25, '2022-05-03', 1, ''),
(1023, 264, 25, '2022-05-03', 1, ''),
(1024, 273, 25, '2022-05-03', 1, ''),
(1025, 353, 25, '2022-05-03', 1, ''),
(1026, 261, 25, '2022-05-03', 1, ''),
(1027, 262, 25, '2022-05-03', 1, ''),
(1028, 274, 25, '2022-05-03', 1, ''),
(1029, 327, 25, '2022-05-03', 1, ''),
(1030, 298, 25, '2022-05-03', 1, ''),
(1031, 257, 25, '2022-05-03', 1, ''),
(1032, 278, 25, '2022-05-03', 1, ''),
(1033, 279, 25, '2022-05-03', 3, ''),
(1034, 335, 25, '2022-05-03', 2, ''),
(1035, 322, 25, '2022-05-03', 3, ''),
(1036, 267, 25, '2022-05-03', 3, ''),
(1037, 309, 25, '2022-05-03', 3, ''),
(1038, 277, 25, '2022-05-03', 3, ''),
(1039, 319, 25, '2022-05-03', 3, ''),
(1040, 354, 25, '2022-05-03', 3, ''),
(1041, 293, 25, '2022-05-03', 3, ''),
(1042, 283, 25, '2022-05-03', 3, ''),
(1043, 316, 25, '2022-05-03', 3, ''),
(1044, 359, 25, '2022-05-03', 3, ''),
(1045, 321, 25, '2022-05-03', 3, ''),
(1046, 263, 25, '2022-05-03', 3, ''),
(1047, 8, 8, '2003-05-22', 1, 'INGRESO AL SISTEMA'),
(1048, 363, 7, '2003-05-22', 1, 'INGRESO AL SISTEMA'),
(1049, 364, 7, '2003-05-22', 1, 'INGRESO AL SISTEMA'),
(1050, 189, 30, '2003-05-22', 1, 'INGRESO AL SISTEMA'),
(1051, 186, 7, '2003-05-22', 1, 'INGRESO AL SISTEMA'),
(1052, 365, 30, '2003-05-22', 1, 'INGRESO AL SISTEMA'),
(1053, 192, 7, '2003-05-22', 1, 'INGRESO AL SISTEMA'),
(1054, 184, 7, '2003-05-22', 1, 'INGRESO AL SISTEMA'),
(1055, 198, 7, '2003-05-22', 1, 'INGRESO AL SISTEMA'),
(1056, 204, 30, '2003-05-22', 1, 'INGRESO AL SISTEMA'),
(1057, 334, 7, '2003-05-22', 1, 'INGRESO AL SISTEMA'),
(1058, 175, 7, '2003-05-22', 1, 'INGRESO AL SISTEMA'),
(1059, 173, 30, '2003-05-22', 1, 'INGRESO AL SISTEMA'),
(1060, 8, 8, '2004-05-22', 1, 'INGRESO AL SISTEMA'),
(1061, 173, 30, '2004-05-22', 1, 'INGRESO AL SISTEMA'),
(1062, 189, 30, '2022-05-03', 1, ''),
(1063, 365, 30, '2022-05-03', 1, ''),
(1064, 198, 30, '2022-05-03', 1, ''),
(1065, 175, 30, '2022-05-03', 1, ''),
(1066, 186, 30, '2022-05-03', 1, ''),
(1067, 180, 30, '2022-05-03', 1, ''),
(1068, 204, 30, '2022-05-03', 1, ''),
(1069, 188, 30, '2022-05-03', 1, ''),
(1070, 173, 30, '2022-05-03', 1, ''),
(1071, 191, 30, '2022-05-03', 1, ''),
(1072, 363, 30, '2022-05-03', 1, ''),
(1073, 203, 30, '2022-05-03', 1, ''),
(1074, 364, 30, '2022-05-03', 1, ''),
(1075, 184, 30, '2022-05-03', 1, ''),
(1076, 182, 30, '2022-05-03', 1, ''),
(1077, 192, 30, '2022-05-03', 1, ''),
(1078, 187, 30, '2022-05-03', 1, ''),
(1079, 334, 30, '2022-05-03', 1, ''),
(1080, 199, 30, '2022-05-03', 1, ''),
(1081, 264, 25, '2004-05-22', 1, 'INGRESO AL SISTEMA'),
(1082, 8, 8, '2005-05-22', 1, 'INGRESO AL SISTEMA'),
(1083, 256, 25, '2022-05-05', 1, ''),
(1084, 272, 25, '2022-05-05', 1, ''),
(1085, 275, 25, '2022-05-05', 1, ''),
(1086, 260, 25, '2022-05-05', 1, ''),
(1087, 278, 25, '2022-05-05', 4, 'tuvo que ir al trabajo e indico que de alla se conectado'),
(1088, 310, 25, '2022-05-05', 1, ''),
(1089, 358, 25, '2022-05-05', 1, ''),
(1090, 318, 25, '2022-05-05', 1, ''),
(1091, 259, 25, '2022-05-05', 1, ''),
(1092, 276, 25, '2022-05-05', 1, ''),
(1093, 254, 25, '2022-05-05', 1, ''),
(1094, 294, 25, '2022-05-05', 1, ''),
(1095, 258, 25, '2022-05-05', 1, ''),
(1096, 277, 25, '2022-05-05', 1, ''),
(1097, 268, 25, '2022-05-05', 1, ''),
(1098, 299, 25, '2022-05-05', 1, ''),
(1099, 338, 25, '2022-05-05', 1, ''),
(1100, 265, 25, '2022-05-05', 1, ''),
(1101, 312, 25, '2022-05-05', 1, ''),
(1102, 271, 25, '2022-05-05', 1, ''),
(1103, 264, 25, '2022-05-05', 1, ''),
(1104, 273, 25, '2022-05-05', 1, ''),
(1105, 335, 25, '2022-05-05', 1, ''),
(1106, 353, 25, '2022-05-05', 1, ''),
(1107, 261, 25, '2022-05-05', 1, ''),
(1108, 316, 25, '2022-05-05', 1, ''),
(1109, 359, 25, '2022-05-05', 3, ''),
(1110, 262, 25, '2022-05-05', 1, ''),
(1111, 274, 25, '2022-05-05', 1, ''),
(1112, 298, 25, '2022-05-05', 1, ''),
(1113, 321, 25, '2022-05-05', 1, ''),
(1114, 297, 25, '2022-05-05', 2, ''),
(1115, 337, 25, '2022-05-05', 2, ''),
(1116, 317, 25, '2022-05-05', 2, ''),
(1117, 314, 25, '2022-05-05', 2, ''),
(1118, 323, 25, '2022-05-05', 2, ''),
(1119, 269, 25, '2022-05-05', 3, ''),
(1120, 270, 25, '2022-05-05', 2, ''),
(1121, 279, 25, '2022-05-05', 3, ''),
(1122, 322, 25, '2022-05-05', 3, ''),
(1123, 308, 25, '2022-05-05', 2, ''),
(1124, 342, 25, '2022-05-05', 3, ''),
(1125, 255, 25, '2022-05-05', 3, ''),
(1126, 300, 25, '2022-05-05', 2, ''),
(1127, 311, 25, '2022-05-05', 3, ''),
(1128, 267, 25, '2022-05-05', 3, ''),
(1129, 309, 25, '2022-05-05', 3, ''),
(1130, 320, 25, '2022-05-05', 2, ''),
(1131, 266, 25, '2022-05-05', 3, ''),
(1132, 319, 25, '2022-05-05', 3, ''),
(1133, 354, 25, '2022-05-05', 3, ''),
(1134, 293, 25, '2022-05-05', 3, ''),
(1135, 283, 25, '2022-05-05', 3, ''),
(1136, 327, 25, '2022-05-05', 2, ''),
(1137, 257, 25, '2022-05-05', 2, ''),
(1138, 263, 25, '2022-05-05', 3, ''),
(1139, 260, 25, '2005-05-22', 1, 'INGRESO AL SISTEMA'),
(1140, 8, 8, '2006-05-22', 1, 'INGRESO AL SISTEMA'),
(1141, 8, 8, '2007-05-22', 1, 'INGRESO AL SISTEMA'),
(1142, 262, 25, '2022-05-07', 1, ''),
(1143, 299, 25, '2022-05-07', 1, ''),
(1144, 263, 25, '2022-05-07', 1, ''),
(1145, 257, 25, '2022-05-07', 1, ''),
(1146, 265, 25, '2022-05-07', 1, ''),
(1147, 239, 26, '2022-05-07', 1, ''),
(1148, 220, 26, '2022-05-07', 1, ''),
(1149, 276, 25, '2022-05-07', 1, ''),
(1150, 252, 26, '2022-05-07', 2, ''),
(1151, 284, 26, '2022-05-07', 2, ''),
(1152, 221, 26, '2022-05-07', 2, ''),
(1153, 235, 26, '2022-05-07', 1, ''),
(1154, 298, 25, '2022-05-07', 2, ''),
(1155, 269, 25, '2022-05-07', 2, ''),
(1156, 8, 30, '2007-05-22', 1, 'INGRESO AL SISTEMA'),
(1157, 8, 30, '2008-05-22', 1, 'INGRESO AL SISTEMA'),
(1158, 271, 25, '2008-05-22', 1, 'INGRESO AL SISTEMA'),
(1159, 8, 8, '2008-05-22', 1, 'INGRESO AL SISTEMA'),
(1160, 8, 8, '2009-05-22', 1, 'INGRESO AL SISTEMA'),
(1161, 8, 8, '2010-05-22', 1, 'INGRESO AL SISTEMA'),
(1162, 260, 25, '2022-05-10', 1, ''),
(1163, 279, 25, '2022-05-10', 1, ''),
(1164, 264, 25, '2022-05-10', 1, ''),
(1165, 257, 25, '2022-05-10', 1, ''),
(1166, 311, 25, '2022-05-10', 1, ''),
(1167, 300, 25, '2022-05-10', 1, ''),
(1168, 297, 25, '2022-05-10', 1, ''),
(1169, 310, 25, '2022-05-10', 1, ''),
(1170, 358, 25, '2022-05-10', 1, ''),
(1171, 256, 25, '2022-05-10', 1, ''),
(1172, 312, 25, '2022-05-10', 1, ''),
(1173, 271, 25, '2022-05-10', 1, ''),
(1174, 322, 25, '2022-05-10', 1, ''),
(1175, 249, 26, '2022-05-10', 1, ''),
(1176, 287, 26, '2022-05-10', 1, ''),
(1177, 228, 26, '2022-05-10', 1, ''),
(1178, 230, 26, '2022-05-10', 1, ''),
(1179, 281, 26, '2022-05-10', 1, ''),
(1180, 220, 26, '2022-05-10', 1, ''),
(1181, 241, 26, '2022-05-10', 1, ''),
(1182, 234, 26, '2022-05-10', 1, ''),
(1183, 303, 26, '2022-05-10', 1, ''),
(1184, 291, 26, '2022-05-10', 1, ''),
(1185, 239, 26, '2022-05-10', 1, ''),
(1186, 235, 26, '2022-05-10', 1, ''),
(1187, 221, 26, '2022-05-10', 1, ''),
(1188, 240, 26, '2022-05-10', 1, ''),
(1189, 258, 25, '2022-05-10', 1, ''),
(1190, 272, 25, '2022-05-10', 1, ''),
(1191, 273, 25, '2022-05-10', 1, ''),
(1192, 337, 25, '2022-05-10', 1, ''),
(1193, 308, 25, '2022-05-10', 1, ''),
(1194, 270, 25, '2022-05-10', 0, ''),
(1195, 8, 8, '2011-05-22', 1, 'INGRESO AL SISTEMA'),
(1196, 8, 8, '2012-05-22', 1, 'INGRESO AL SISTEMA'),
(1197, 256, 25, '2022-05-13', 1, ''),
(1198, 279, 25, '2022-05-13', 1, ''),
(1199, 272, 25, '2022-05-13', 1, ''),
(1200, 317, 25, '2022-05-13', 1, ''),
(1201, 260, 25, '2022-05-13', 1, ''),
(1202, 297, 25, '2022-05-13', 1, ''),
(1203, 310, 25, '2022-05-13', 1, ''),
(1204, 255, 25, '2022-05-13', 1, ''),
(1205, 342, 25, '2022-05-13', 1, ''),
(1206, 318, 25, '2022-05-13', 1, ''),
(1207, 259, 25, '2022-05-13', 1, ''),
(1208, 276, 25, '2022-05-13', 1, ''),
(1209, 254, 25, '2022-05-13', 1, ''),
(1210, 294, 25, '2022-05-13', 1, ''),
(1211, 266, 25, '2022-05-13', 1, ''),
(1212, 268, 25, '2022-05-13', 1, ''),
(1213, 299, 25, '2022-05-13', 1, ''),
(1214, 265, 25, '2022-05-13', 1, ''),
(1215, 271, 25, '2022-05-13', 1, ''),
(1216, 273, 25, '2022-05-13', 1, ''),
(1217, 316, 25, '2022-05-13', 1, ''),
(1218, 262, 25, '2022-05-13', 1, ''),
(1219, 278, 25, '2022-05-13', 1, ''),
(1220, 327, 25, '2022-05-13', 1, ''),
(1221, 263, 25, '2022-05-13', 1, ''),
(1222, 358, 25, '2022-05-13', 1, ''),
(1223, 270, 25, '2022-05-13', 1, ''),
(1224, 224, 26, '2022-05-13', 1, ''),
(1225, 222, 26, '2022-05-13', 1, ''),
(1226, 229, 26, '2022-05-13', 1, ''),
(1227, 230, 26, '2022-05-13', 1, ''),
(1228, 228, 26, '2022-05-13', 1, ''),
(1229, 284, 26, '2022-05-13', 1, ''),
(1230, 280, 26, '2022-05-13', 1, ''),
(1231, 240, 26, '2022-05-13', 1, ''),
(1232, 220, 26, '2022-05-13', 1, ''),
(1233, 227, 26, '2022-05-13', 1, ''),
(1234, 238, 26, '2022-05-13', 1, ''),
(1235, 237, 26, '2022-05-13', 1, ''),
(1236, 340, 26, '2022-05-13', 1, ''),
(1237, 235, 26, '2022-05-13', 1, ''),
(1238, 292, 26, '2022-05-13', 4, ''),
(1239, 285, 26, '2022-05-13', 4, ''),
(1240, 290, 26, '2022-05-13', 1, ''),
(1241, 277, 25, '2022-05-13', 2, ''),
(1242, 314, 25, '2022-05-13', 2, ''),
(1243, 8, 30, '2013-05-22', 1, 'INGRESO AL SISTEMA'),
(1244, 8, 8, '2013-05-22', 1, 'INGRESO AL SISTEMA'),
(1245, 369, 30, '2013-05-22', 1, 'INGRESO AL SISTEMA'),
(1246, 264, 25, '2013-05-22', 1, 'INGRESO AL SISTEMA'),
(1247, 191, 7, '2013-05-22', 1, 'INGRESO AL SISTEMA'),
(1248, 8, 8, '2014-05-22', 1, 'INGRESO AL SISTEMA'),
(1249, 371, 32, '2014-05-22', 1, 'INGRESO AL SISTEMA'),
(1250, 256, 25, '2022-05-15', 1, ''),
(1251, 279, 25, '2022-05-15', 1, ''),
(1252, 272, 25, '2022-05-15', 1, ''),
(1253, 317, 25, '2022-05-15', 1, ''),
(1254, 297, 25, '2022-05-15', 1, ''),
(1255, 300, 25, '2022-05-15', 1, ''),
(1256, 259, 25, '2022-05-15', 1, ''),
(1257, 254, 25, '2022-05-15', 1, ''),
(1258, 337, 25, '2022-05-15', 1, ''),
(1259, 294, 25, '2022-05-15', 1, ''),
(1260, 268, 25, '2022-05-15', 1, ''),
(1261, 299, 25, '2022-05-15', 1, ''),
(1262, 338, 25, '2022-05-15', 1, ''),
(1263, 271, 25, '2022-05-15', 1, ''),
(1264, 262, 25, '2022-05-15', 1, '');
INSERT INTO `asistencia` (`idasistencia`, `idpersona`, `idevento`, `fecha`, `idtipoasistencia`, `comentario`) VALUES
(1265, 278, 25, '2022-05-15', 1, ''),
(1266, 327, 25, '2022-05-15', 1, ''),
(1267, 257, 25, '2022-05-15', 1, ''),
(1268, 276, 25, '2022-05-15', 1, ''),
(1269, 358, 25, '2022-05-15', 1, ''),
(1270, 266, 25, '2022-05-15', 1, ''),
(1271, 263, 25, '2022-05-15', 1, ''),
(1272, 308, 25, '2022-05-15', 1, ''),
(1273, 224, 26, '2022-05-15', 1, ''),
(1274, 222, 26, '2022-05-15', 1, ''),
(1275, 229, 26, '2022-05-15', 1, ''),
(1276, 250, 26, '2022-05-15', 1, ''),
(1277, 253, 26, '2022-05-15', 1, ''),
(1278, 303, 26, '2022-05-15', 1, ''),
(1279, 287, 26, '2022-05-15', 1, ''),
(1280, 291, 26, '2022-05-15', 1, ''),
(1281, 230, 26, '2022-05-15', 1, ''),
(1282, 341, 26, '2022-05-15', 1, ''),
(1283, 284, 26, '2022-05-15', 1, ''),
(1284, 225, 26, '2022-05-15', 1, ''),
(1285, 282, 26, '2022-05-15', 1, ''),
(1286, 240, 26, '2022-05-15', 1, ''),
(1287, 220, 26, '2022-05-15', 1, ''),
(1288, 238, 26, '2022-05-15', 1, ''),
(1289, 237, 26, '2022-05-15', 1, ''),
(1290, 340, 26, '2022-05-15', 1, ''),
(1291, 235, 26, '2022-05-15', 1, ''),
(1292, 252, 26, '2022-05-15', 1, ''),
(1293, 292, 26, '2022-05-15', 1, ''),
(1294, 285, 26, '2022-05-15', 1, ''),
(1295, 290, 26, '2022-05-15', 1, ''),
(1296, 273, 25, '2022-05-15', 1, ''),
(1297, 335, 25, '2022-05-15', 2, ''),
(1298, 270, 25, '2014-05-22', 1, 'INGRESO AL SISTEMA'),
(1299, 372, 24, '2014-05-22', 1, 'INGRESO AL SISTEMA'),
(1300, 8, 8, '2015-05-22', 1, 'INGRESO AL SISTEMA'),
(1301, 8, 8, '2016-05-22', 1, 'INGRESO AL SISTEMA'),
(1302, 8, 8, '2017-05-22', 1, 'INGRESO AL SISTEMA'),
(1303, 269, 25, '2022-05-17', 1, ''),
(1304, 270, 25, '2022-05-17', 1, ''),
(1305, 256, 25, '2022-05-17', 1, ''),
(1306, 279, 25, '2022-05-17', 1, ''),
(1307, 272, 25, '2022-05-17', 1, ''),
(1308, 317, 25, '2022-05-17', 1, ''),
(1309, 260, 25, '2022-05-17', 1, ''),
(1310, 308, 25, '2022-05-17', 1, ''),
(1311, 297, 25, '2022-05-17', 1, ''),
(1312, 310, 25, '2022-05-17', 1, ''),
(1313, 255, 25, '2022-05-17', 1, ''),
(1314, 342, 25, '2022-05-17', 1, ''),
(1315, 358, 25, '2022-05-17', 1, ''),
(1316, 300, 25, '2022-05-17', 1, ''),
(1317, 318, 25, '2022-05-17', 1, ''),
(1318, 259, 25, '2022-05-17', 1, ''),
(1319, 276, 25, '2022-05-17', 1, ''),
(1320, 254, 25, '2022-05-17', 1, ''),
(1321, 323, 25, '2022-05-17', 1, ''),
(1322, 337, 25, '2022-05-17', 1, ''),
(1323, 309, 25, '2022-05-17', 1, ''),
(1324, 294, 25, '2022-05-17', 1, ''),
(1325, 258, 25, '2022-05-17', 1, ''),
(1326, 320, 25, '2022-05-17', 1, ''),
(1327, 266, 25, '2022-05-17', 1, ''),
(1328, 268, 25, '2022-05-17', 1, ''),
(1329, 299, 25, '2022-05-17', 1, ''),
(1330, 265, 25, '2022-05-17', 1, ''),
(1331, 314, 25, '2022-05-17', 1, ''),
(1332, 312, 25, '2022-05-17', 1, ''),
(1333, 271, 25, '2022-05-17', 1, ''),
(1334, 264, 25, '2022-05-17', 1, ''),
(1335, 273, 25, '2022-05-17', 1, ''),
(1336, 353, 25, '2022-05-17', 1, ''),
(1337, 261, 25, '2022-05-17', 1, ''),
(1338, 316, 25, '2022-05-17', 1, ''),
(1339, 262, 25, '2022-05-17', 1, ''),
(1340, 274, 25, '2022-05-17', 1, ''),
(1341, 278, 25, '2022-05-17', 1, ''),
(1342, 298, 25, '2022-05-17', 1, ''),
(1343, 257, 25, '2022-05-17', 1, ''),
(1344, 263, 25, '2022-05-17', 1, ''),
(1345, 275, 25, '2022-05-17', 1, ''),
(1346, 247, 24, '2017-05-22', 1, 'INGRESO AL SISTEMA'),
(1347, 271, 25, '2018-05-22', 1, 'INGRESO AL SISTEMA'),
(1348, 8, 8, '2018-05-22', 1, 'INGRESO AL SISTEMA'),
(1349, 8, 8, '2019-05-22', 1, 'INGRESO AL SISTEMA'),
(1350, 279, 25, '2022-05-19', 1, ''),
(1351, 272, 25, '2022-05-19', 1, ''),
(1352, 310, 25, '2022-05-19', 1, ''),
(1353, 276, 25, '2022-05-19', 1, ''),
(1354, 254, 25, '2022-05-19', 1, ''),
(1355, 297, 25, '2022-05-19', 1, ''),
(1356, 294, 25, '2022-05-19', 1, ''),
(1357, 266, 25, '2022-05-19', 1, ''),
(1358, 268, 25, '2022-05-19', 1, ''),
(1359, 299, 25, '2022-05-19', 1, ''),
(1360, 338, 25, '2022-05-19', 1, ''),
(1361, 265, 25, '2022-05-19', 1, ''),
(1362, 271, 25, '2022-05-19', 1, ''),
(1363, 273, 25, '2022-05-19', 1, ''),
(1364, 262, 25, '2022-05-19', 1, ''),
(1365, 316, 25, '2022-05-19', 1, ''),
(1366, 278, 25, '2022-05-19', 1, ''),
(1367, 298, 25, '2022-05-19', 1, ''),
(1368, 263, 25, '2022-05-19', 1, ''),
(1369, 224, 26, '2022-05-19', 1, ''),
(1370, 222, 26, '2022-05-19', 1, ''),
(1371, 229, 26, '2022-05-19', 1, ''),
(1372, 250, 26, '2022-05-19', 1, ''),
(1373, 252, 26, '2022-05-19', 1, ''),
(1374, 253, 26, '2022-05-19', 1, ''),
(1375, 291, 26, '2022-05-19', 1, ''),
(1376, 226, 26, '2022-05-19', 1, ''),
(1377, 341, 26, '2022-05-19', 1, ''),
(1378, 228, 26, '2022-05-19', 1, ''),
(1379, 233, 26, '2022-05-19', 1, ''),
(1380, 284, 26, '2022-05-19', 1, ''),
(1381, 289, 26, '2022-05-19', 1, ''),
(1382, 241, 26, '2022-05-19', 1, ''),
(1383, 280, 26, '2022-05-19', 1, ''),
(1384, 282, 26, '2022-05-19', 1, ''),
(1385, 240, 26, '2022-05-19', 1, ''),
(1386, 227, 26, '2022-05-19', 1, ''),
(1387, 238, 26, '2022-05-19', 1, ''),
(1388, 237, 26, '2022-05-19', 1, ''),
(1389, 235, 26, '2022-05-19', 1, ''),
(1390, 340, 26, '2022-05-19', 1, ''),
(1391, 292, 26, '2022-05-19', 1, ''),
(1392, 265, 25, '2019-05-22', 1, 'INGRESO AL SISTEMA'),
(1393, 8, 8, '2020-05-22', 1, 'INGRESO AL SISTEMA'),
(1394, 8, 8, '2021-05-22', 1, 'INGRESO AL SISTEMA'),
(1395, 239, 26, '2022-05-22', 1, ''),
(1396, 224, 26, '2022-05-22', 1, ''),
(1397, 222, 26, '2022-05-22', 1, ''),
(1398, 229, 26, '2022-05-22', 1, ''),
(1399, 252, 26, '2022-05-22', 1, ''),
(1400, 303, 26, '2022-05-22', 1, ''),
(1401, 253, 26, '2022-05-22', 1, ''),
(1402, 226, 26, '2022-05-22', 1, ''),
(1403, 228, 26, '2022-05-22', 1, ''),
(1404, 233, 26, '2022-05-22', 1, ''),
(1405, 284, 26, '2022-05-22', 1, ''),
(1406, 241, 26, '2022-05-22', 1, ''),
(1407, 280, 26, '2022-05-22', 1, ''),
(1408, 234, 26, '2022-05-22', 1, ''),
(1409, 240, 26, '2022-05-22', 1, ''),
(1410, 238, 26, '2022-05-22', 1, ''),
(1411, 237, 26, '2022-05-22', 1, ''),
(1412, 220, 26, '2022-05-22', 1, ''),
(1413, 221, 26, '2022-05-22', 1, ''),
(1414, 340, 26, '2022-05-22', 1, ''),
(1415, 235, 26, '2022-05-22', 1, ''),
(1416, 285, 26, '2022-05-22', 1, ''),
(1417, 270, 25, '2022-05-22', 1, ''),
(1418, 308, 25, '2022-05-22', 1, ''),
(1419, 310, 25, '2022-05-22', 1, ''),
(1420, 255, 25, '2022-05-22', 1, ''),
(1421, 342, 25, '2022-05-22', 1, ''),
(1422, 300, 25, '2022-05-22', 1, ''),
(1423, 276, 25, '2022-05-22', 1, ''),
(1424, 297, 25, '2022-05-22', 1, ''),
(1425, 254, 25, '2022-05-22', 1, ''),
(1426, 337, 25, '2022-05-22', 1, ''),
(1427, 294, 25, '2022-05-22', 1, ''),
(1428, 266, 25, '2022-05-22', 1, ''),
(1429, 268, 25, '2022-05-22', 1, ''),
(1430, 299, 25, '2022-05-22', 1, ''),
(1431, 338, 25, '2022-05-22', 1, ''),
(1432, 265, 25, '2022-05-22', 1, ''),
(1433, 314, 25, '2022-05-22', 1, ''),
(1434, 312, 25, '2022-05-22', 1, ''),
(1435, 271, 25, '2022-05-22', 1, ''),
(1436, 273, 25, '2022-05-22', 1, ''),
(1437, 335, 25, '2022-05-22', 1, ''),
(1438, 262, 25, '2022-05-22', 1, ''),
(1439, 278, 25, '2022-05-22', 1, ''),
(1440, 327, 25, '2022-05-22', 1, ''),
(1441, 257, 25, '2022-05-22', 1, ''),
(1442, 263, 25, '2022-05-22', 1, ''),
(1443, 264, 25, '2021-05-22', 1, 'INGRESO AL SISTEMA'),
(1444, 8, 8, '2022-05-22', 1, 'INGRESO AL SISTEMA'),
(1445, 11, 33, '2022-05-18', 1, 'lsfd sf sdfs sfasdf'),
(1446, 264, 25, '2022-05-22', 1, 'INGRESO AL SISTEMA'),
(1447, 264, 25, '2023-05-22', 1, 'INGRESO AL SISTEMA'),
(1448, 8, 8, '2023-05-22', 1, 'INGRESO AL SISTEMA'),
(1449, 374, 33, '2023-05-22', 1, 'INGRESO AL SISTEMA'),
(1450, 370, 31, '2023-05-22', 1, 'INGRESO AL SISTEMA'),
(1451, 370, 31, '2024-05-22', 1, 'INGRESO AL SISTEMA'),
(1452, 8, 8, '2024-05-22', 1, 'INGRESO AL SISTEMA'),
(1453, 265, 25, '2024-05-22', 1, 'INGRESO AL SISTEMA'),
(1454, 254, 25, '2024-05-22', 1, 'INGRESO AL SISTEMA'),
(1455, 8, 8, '2025-05-22', 1, 'INGRESO AL SISTEMA'),
(1456, 203, 7, '2025-05-22', 1, 'INGRESO AL SISTEMA'),
(1457, 264, 25, '2025-05-22', 1, 'INGRESO AL SISTEMA'),
(1458, 265, 25, '2025-05-22', 1, 'INGRESO AL SISTEMA'),
(1459, 8, 8, '2026-05-22', 1, 'INGRESO AL SISTEMA'),
(1460, 375, 31, '2026-05-22', 1, 'INGRESO AL SISTEMA'),
(1461, 260, 25, '2027-05-22', 1, 'INGRESO AL SISTEMA'),
(1462, 8, 8, '2027-05-22', 1, 'INGRESO AL SISTEMA'),
(1463, 8, 8, '2028-05-22', 1, 'INGRESO AL SISTEMA'),
(1464, 8, 8, '2029-05-22', 1, 'INGRESO AL SISTEMA'),
(1465, 83, 32, '2029-05-22', 1, 'INGRESO AL SISTEMA'),
(1466, 8, 8, '2030-05-22', 1, 'INGRESO AL SISTEMA'),
(1467, 240, 26, '2030-05-22', 1, 'INGRESO AL SISTEMA'),
(1468, 264, 25, '2030-05-22', 1, 'INGRESO AL SISTEMA'),
(1469, 260, 25, '2030-05-22', 1, 'INGRESO AL SISTEMA'),
(1470, 271, 25, '2030-05-22', 1, 'INGRESO AL SISTEMA'),
(1471, 285, 26, '2030-05-22', 1, 'INGRESO AL SISTEMA'),
(1472, 262, 25, '2030-05-22', 1, 'INGRESO AL SISTEMA'),
(1473, 261, 25, '2030-05-22', 1, 'INGRESO AL SISTEMA'),
(1474, 279, 25, '2030-05-22', 1, 'INGRESO AL SISTEMA'),
(1475, 284, 29, '2030-05-22', 1, 'INGRESO AL SISTEMA'),
(1476, 294, 25, '2030-05-22', 1, 'INGRESO AL SISTEMA'),
(1477, 272, 25, '2030-05-22', 1, 'INGRESO AL SISTEMA'),
(1478, 265, 25, '2030-05-22', 1, 'INGRESO AL SISTEMA'),
(1479, 299, 25, '2030-05-22', 1, 'INGRESO AL SISTEMA'),
(1480, 237, 26, '2030-05-22', 1, 'INGRESO AL SISTEMA'),
(1481, 238, 26, '2030-05-22', 1, 'INGRESO AL SISTEMA'),
(1482, 280, 26, '2030-05-22', 1, 'INGRESO AL SISTEMA'),
(1483, 254, 25, '2030-05-22', 1, 'INGRESO AL SISTEMA'),
(1484, 341, 26, '2030-05-22', 1, 'INGRESO AL SISTEMA'),
(1485, 250, 26, '2030-05-22', 1, 'INGRESO AL SISTEMA'),
(1486, 252, 29, '2030-05-22', 1, 'INGRESO AL SISTEMA'),
(1487, 338, 25, '2030-05-22', 1, 'INGRESO AL SISTEMA'),
(1488, 263, 25, '2030-05-22', 1, 'INGRESO AL SISTEMA'),
(1489, 273, 29, '2030-05-22', 1, 'INGRESO AL SISTEMA'),
(1490, 300, 25, '2030-05-22', 1, 'INGRESO AL SISTEMA'),
(1491, 308, 25, '2030-05-22', 1, 'INGRESO AL SISTEMA'),
(1492, 223, 26, '2030-05-22', 1, 'INGRESO AL SISTEMA'),
(1493, 253, 26, '2030-05-22', 1, 'INGRESO AL SISTEMA'),
(1494, 342, 25, '2030-05-22', 1, 'INGRESO AL SISTEMA'),
(1495, 258, 26, '2030-05-22', 1, 'INGRESO AL SISTEMA'),
(1496, 256, 29, '2030-05-22', 1, 'INGRESO AL SISTEMA'),
(1497, 314, 25, '2030-05-22', 1, 'INGRESO AL SISTEMA'),
(1498, 259, 25, '2030-05-22', 1, 'INGRESO AL SISTEMA'),
(1499, 224, 29, '2030-05-22', 1, 'INGRESO AL SISTEMA'),
(1500, 291, 26, '2030-05-22', 1, 'INGRESO AL SISTEMA'),
(1501, 220, 26, '2030-05-22', 1, 'INGRESO AL SISTEMA'),
(1502, 316, 25, '2030-05-22', 1, 'INGRESO AL SISTEMA'),
(1503, 304, 26, '2030-05-22', 1, 'INGRESO AL SISTEMA'),
(1504, 257, 25, '2030-05-22', 1, 'INGRESO AL SISTEMA'),
(1505, 312, 25, '2030-05-22', 1, 'INGRESO AL SISTEMA'),
(1506, 225, 26, '2030-05-22', 1, 'INGRESO AL SISTEMA'),
(1507, 268, 25, '2030-05-22', 1, 'INGRESO AL SISTEMA'),
(1508, 318, 25, '2030-05-22', 1, 'INGRESO AL SISTEMA'),
(1509, 311, 25, '2030-05-22', 1, 'INGRESO AL SISTEMA'),
(1510, 310, 25, '2030-05-22', 1, 'INGRESO AL SISTEMA'),
(1511, 297, 25, '2030-05-22', 1, 'INGRESO AL SISTEMA'),
(1512, 335, 25, '2030-05-22', 1, 'INGRESO AL SISTEMA'),
(1513, 270, 25, '2030-05-22', 1, 'INGRESO AL SISTEMA'),
(1514, 269, 25, '2030-05-22', 1, 'INGRESO AL SISTEMA'),
(1515, 228, 26, '2030-05-22', 1, 'INGRESO AL SISTEMA'),
(1516, 230, 29, '2030-05-22', 1, 'INGRESO AL SISTEMA'),
(1517, 286, 26, '2030-05-22', 1, 'INGRESO AL SISTEMA'),
(1518, 233, 26, '2030-05-22', 1, 'INGRESO AL SISTEMA'),
(1519, 264, 25, '2031-05-22', 1, 'INGRESO AL SISTEMA'),
(1520, 240, 26, '2031-05-22', 1, 'INGRESO AL SISTEMA'),
(1521, 268, 25, '2031-05-22', 1, 'INGRESO AL SISTEMA'),
(1522, 8, 8, '2031-05-22', 1, 'INGRESO AL SISTEMA'),
(1523, 220, 26, '2031-05-22', 1, 'INGRESO AL SISTEMA'),
(1524, 256, 29, '2031-05-22', 1, 'INGRESO AL SISTEMA'),
(1525, 284, 29, '2031-05-22', 1, 'INGRESO AL SISTEMA'),
(1526, 260, 25, '2031-05-22', 1, 'INGRESO AL SISTEMA'),
(1527, 225, 26, '2031-05-22', 1, 'INGRESO AL SISTEMA'),
(1528, 310, 25, '2031-05-22', 1, 'INGRESO AL SISTEMA'),
(1529, 282, 26, '2031-05-22', 1, 'INGRESO AL SISTEMA'),
(1530, 235, 26, '2031-05-22', 1, 'INGRESO AL SISTEMA'),
(1531, 249, 26, '2031-05-22', 1, 'INGRESO AL SISTEMA'),
(1532, 274, 25, '2031-05-22', 1, 'INGRESO AL SISTEMA'),
(1533, 284, 26, '2031-05-22', 1, 'INGRESO AL SISTEMA'),
(1534, 316, 25, '2031-05-22', 1, 'INGRESO AL SISTEMA'),
(1535, 273, 29, '2031-05-22', 1, 'INGRESO AL SISTEMA'),
(1536, 241, 26, '2031-05-22', 1, 'INGRESO AL SISTEMA'),
(1537, 318, 25, '2031-05-22', 1, 'INGRESO AL SISTEMA'),
(1538, 254, 25, '2031-05-22', 1, 'INGRESO AL SISTEMA'),
(1539, 230, 29, '2031-05-22', 1, 'INGRESO AL SISTEMA'),
(1540, 263, 25, '2031-05-22', 1, 'INGRESO AL SISTEMA'),
(1541, 270, 25, '2031-05-22', 1, 'INGRESO AL SISTEMA'),
(1542, 228, 26, '2031-05-22', 1, 'INGRESO AL SISTEMA'),
(1543, 233, 26, '2031-05-22', 1, 'INGRESO AL SISTEMA'),
(1544, 342, 25, '2022-04-27', 1, ''),
(1545, 273, 25, '2022-04-27', 1, ''),
(1546, 337, 25, '2022-04-27', 1, ''),
(1547, 294, 25, '2022-04-27', 1, ''),
(1548, 322, 25, '2022-04-27', 1, ''),
(1549, 338, 25, '2022-04-27', 1, ''),
(1550, 312, 25, '2022-04-27', 1, ''),
(1551, 235, 26, '2022-04-27', 1, ''),
(1552, 236, 26, '2022-04-27', 1, ''),
(1553, 230, 26, '2022-04-27', 1, ''),
(1554, 281, 26, '2022-04-27', 1, ''),
(1555, 234, 26, '2022-04-27', 1, ''),
(1556, 241, 26, '2022-04-27', 1, ''),
(1557, 233, 26, '2022-04-27', 1, ''),
(1558, 240, 26, '2022-04-27', 1, ''),
(1559, 221, 26, '2022-04-27', 1, ''),
(1560, 227, 26, '2022-04-27', 1, ''),
(1561, 265, 25, '2022-04-27', 1, ''),
(1562, 370, 31, '2031-05-22', 1, 'INGRESO AL SISTEMA'),
(1563, 370, 31, '2001-06-22', 1, 'INGRESO AL SISTEMA'),
(1564, 8, 8, '2001-06-22', 1, 'INGRESO AL SISTEMA'),
(1565, 230, 29, '2001-06-22', 1, 'INGRESO AL SISTEMA'),
(1566, 318, 25, '2001-06-22', 1, 'INGRESO AL SISTEMA'),
(1567, 233, 26, '2001-06-22', 1, 'INGRESO AL SISTEMA'),
(1568, 282, 26, '2001-06-22', 1, 'INGRESO AL SISTEMA'),
(1569, 273, 29, '2001-06-22', 1, 'INGRESO AL SISTEMA'),
(1570, 273, 25, '2001-06-22', 1, 'INGRESO AL SISTEMA'),
(1571, 220, 26, '2001-06-22', 1, 'INGRESO AL SISTEMA'),
(1572, 8, 34, '2001-06-22', 1, 'INGRESO AL SISTEMA'),
(1573, 225, 26, '2001-06-22', 1, 'INGRESO AL SISTEMA'),
(1574, 230, 26, '2001-06-22', 1, 'INGRESO AL SISTEMA'),
(1575, 239, 8, '2001-06-22', 1, 'INGRESO AL SISTEMA'),
(1576, 383, 26, '2001-06-22', 1, 'INGRESO AL SISTEMA'),
(1577, 238, 26, '2001-06-22', 1, 'INGRESO AL SISTEMA'),
(1578, 263, 25, '2001-06-22', 1, 'INGRESO AL SISTEMA'),
(1579, 287, 29, '2001-06-22', 1, 'INGRESO AL SISTEMA'),
(1580, 289, 26, '2001-06-22', 1, 'INGRESO AL SISTEMA'),
(1581, 276, 34, '2001-06-22', 1, 'INGRESO AL SISTEMA'),
(1582, 312, 25, '2001-06-22', 1, 'INGRESO AL SISTEMA'),
(1583, 274, 25, '2001-06-22', 1, 'INGRESO AL SISTEMA'),
(1584, 229, 34, '2001-06-22', 1, 'INGRESO AL SISTEMA'),
(1585, 260, 25, '2001-06-22', 1, 'INGRESO AL SISTEMA'),
(1586, 270, 25, '2001-06-22', 1, 'INGRESO AL SISTEMA'),
(1587, 279, 25, '2001-06-22', 1, 'INGRESO AL SISTEMA'),
(1588, 8, 8, '2002-06-22', 1, 'INGRESO AL SISTEMA'),
(1589, 337, 25, '2002-06-22', 1, 'INGRESO AL SISTEMA'),
(1590, 264, 25, '2002-06-22', 1, 'INGRESO AL SISTEMA'),
(1591, 370, 31, '2002-06-22', 1, 'INGRESO AL SISTEMA'),
(1592, 260, 25, '2002-06-22', 1, 'INGRESO AL SISTEMA'),
(1593, 221, 26, '2002-06-22', 1, 'INGRESO AL SISTEMA'),
(1594, 249, 26, '2002-06-22', 1, 'INGRESO AL SISTEMA'),
(1595, 287, 29, '2002-06-22', 1, 'INGRESO AL SISTEMA'),
(1596, 287, 34, '2002-06-22', 1, 'INGRESO AL SISTEMA'),
(1597, 276, 34, '2022-06-02', 1, ''),
(1598, 289, 34, '2022-06-02', 1, ''),
(1599, 220, 34, '2022-06-02', 1, ''),
(1600, 359, 34, '2022-06-02', 1, ''),
(1601, 221, 34, '2022-06-02', 1, ''),
(1602, 263, 34, '2022-06-02', 1, ''),
(1603, 274, 34, '2022-06-02', 1, ''),
(1604, 229, 34, '2022-06-02', 1, ''),
(1605, 230, 34, '2022-06-02', 1, ''),
(1606, 294, 34, '2002-06-22', 1, 'INGRESO AL SISTEMA'),
(1607, 289, 34, '2002-06-22', 1, 'INGRESO AL SISTEMA'),
(1608, 281, 34, '2002-06-22', 1, 'INGRESO AL SISTEMA'),
(1609, 8, 8, '2003-06-22', 1, 'INGRESO AL SISTEMA'),
(1610, 370, 31, '2003-06-22', 1, 'INGRESO AL SISTEMA'),
(1611, 274, 25, '2003-06-22', 1, 'INGRESO AL SISTEMA'),
(1612, 384, 31, '2003-06-22', 1, 'INGRESO AL SISTEMA'),
(1613, 385, 31, '2003-06-22', 1, 'INGRESO AL SISTEMA'),
(1614, 387, 31, '2003-06-22', 1, 'INGRESO AL SISTEMA'),
(1615, 388, 31, '2003-06-22', 1, 'INGRESO AL SISTEMA'),
(1616, 235, 26, '2003-06-22', 1, 'INGRESO AL SISTEMA'),
(1617, 221, 26, '2003-06-22', 1, 'INGRESO AL SISTEMA'),
(1618, 8, 34, '2003-06-22', 1, 'INGRESO AL SISTEMA'),
(1619, 310, 25, '2003-06-22', 1, 'INGRESO AL SISTEMA'),
(1620, 220, 26, '2003-06-22', 1, 'INGRESO AL SISTEMA'),
(1621, 274, 34, '2003-06-22', 1, 'INGRESO AL SISTEMA'),
(1622, 284, 26, '2003-06-22', 1, 'INGRESO AL SISTEMA'),
(1623, 286, 26, '2003-06-22', 1, 'INGRESO AL SISTEMA'),
(1624, 225, 26, '2003-06-22', 1, 'INGRESO AL SISTEMA'),
(1625, 8, 8, '2004-06-22', 1, 'INGRESO AL SISTEMA'),
(1626, 389, 34, '2004-06-22', 1, 'INGRESO AL SISTEMA'),
(1627, 8, 8, '2005-06-22', 1, 'INGRESO AL SISTEMA'),
(1628, 264, 25, '2005-06-22', 1, 'INGRESO AL SISTEMA'),
(1629, 260, 25, '2005-06-22', 1, 'INGRESO AL SISTEMA'),
(1630, 8, 8, '2006-06-22', 1, 'INGRESO AL SISTEMA'),
(1631, 8, 8, '2007-06-22', 1, 'INGRESO AL SISTEMA'),
(1632, 285, 26, '2007-06-22', 1, 'INGRESO AL SISTEMA'),
(1633, 312, 25, '2022-06-07', 2, ''),
(1634, 8, 8, '2008-06-22', 1, 'INGRESO AL SISTEMA'),
(1635, 8, 8, '2009-06-22', 1, 'INGRESO AL SISTEMA'),
(1636, 8, 34, '2010-06-22', 1, 'INGRESO AL SISTEMA'),
(1637, 8, 32, '2010-06-22', 1, 'INGRESO AL SISTEMA'),
(1638, 390, 31, '2010-06-22', 1, 'INGRESO AL SISTEMA'),
(1639, 391, 31, '2010-06-22', 1, 'INGRESO AL SISTEMA'),
(1640, 391, 31, '2011-06-22', 1, 'INGRESO AL SISTEMA'),
(1641, 8, 8, '2011-06-22', 1, 'INGRESO AL SISTEMA'),
(1642, 8, 8, '2012-06-22', 1, 'INGRESO AL SISTEMA'),
(1643, 393, 33, '2012-06-22', 1, 'INGRESO AL SISTEMA'),
(1644, 8, 8, '2013-06-22', 1, 'INGRESO AL SISTEMA'),
(1645, 126, 33, '2022-06-13', 1, 'Tiene la carpeta pero faltan documentos\nCarpeta rexplastic color naranja\nMalla curricular.\n2fotos\nCertificado Laboral\nActa de grado\n\n\n'),
(1646, 159, 33, '2022-06-13', 1, 'Tiene todo en orden'),
(1647, 20, 33, '2022-06-13', 1, 'Tiene toda la documentacin en orden'),
(1648, 23, 33, '2022-06-13', 1, 'Tiene toda la carpeta en orden pero dijo que no tena dinero'),
(1649, 21, 33, '2022-06-13', 1, 'Tiene toda la carpeta en orden'),
(1650, 27, 33, '2022-06-13', 1, 'Tiene la carpeta pero ya est matriculado en otra maestria'),
(1651, 18, 33, '2022-06-13', 1, 'Tiene la carpeta pero falta documentos\nRegistro de Senescyt\nActa de grado'),
(1652, 24, 33, '2022-06-13', 1, 'Toda la documentacin\nFalta:\nFotos'),
(1653, 19, 33, '2022-06-13', 1, 'Tiene toda la documentacin'),
(1654, 10, 33, '2022-06-13', 1, 'Tiene toda landocumentacion'),
(1655, 394, 33, '2022-06-13', 1, 'Carpeta en orden'),
(1656, 25, 33, '2022-06-13', 1, 'Carpeta en regla'),
(1657, 17, 33, '2022-06-13', 1, 'Faltan documentos'),
(1658, 28, 33, '2022-06-13', 1, 'Carpeta en regla'),
(1659, 15, 33, '2022-06-13', 1, 'Carpeta en regla'),
(1660, 14, 33, '2022-06-13', 1, 'Carpeta en regla'),
(1661, 16, 33, '2022-06-13', 1, 'Carpeta en regla'),
(1662, 13, 33, '2022-06-13', 1, 'Carpeta en regla'),
(1663, 12, 33, '2022-06-13', 1, 'Carpeta en regla'),
(1664, 11, 33, '2022-06-13', 1, 'Carpeta entregada'),
(1665, 26, 33, '2022-06-13', 1, 'Carpeta entregada'),
(1666, 9, 33, '2022-06-13', 1, 'Carpeta entregada'),
(1667, 8, 8, '2014-06-22', 1, 'INGRESO AL SISTEMA'),
(1668, 281, 34, '2014-06-22', 1, 'INGRESO AL SISTEMA'),
(1669, 312, 34, '2014-06-22', 1, 'INGRESO AL SISTEMA'),
(1670, 8, 8, '2015-06-22', 1, 'INGRESO AL SISTEMA'),
(1671, 390, 31, '2015-06-22', 1, 'INGRESO AL SISTEMA'),
(1672, 410, 8, '2015-06-22', 1, 'INGRESO AL SISTEMA'),
(1673, 410, 33, '2015-06-22', 1, 'INGRESO AL SISTEMA'),
(1674, 391, 31, '2015-06-22', 1, 'INGRESO AL SISTEMA'),
(1675, 8, 8, '2016-06-22', 1, 'INGRESO AL SISTEMA'),
(1676, 11, 33, '2022-06-17', 1, 'Contesto e indica que si continua'),
(1677, 18, 33, '2022-06-17', 3, 'No contesta los telefonos'),
(1678, 373, 33, '2022-06-17', 1, 'Se actualizo informacin como numero de cedula y  movil y se envio los requisitos para que entregue la carpeta'),
(1679, 393, 33, '2022-06-17', 1, 'Se le envio la informacin para que entregue la carpeta'),
(1680, 25, 33, '2022-06-17', 3, 'se llamo a los 2 numeros pero el uno saida que estaba mal y el otro fuera del area de cobertura'),
(1681, 13, 33, '2022-06-17', 1, 'si va a continuar'),
(1682, 10, 33, '2022-06-17', 4, 'BIENVENIDO A CLARO '),
(1683, 159, 33, '2022-06-17', 4, 'EL UN TELENO SUSPENDIDO EL OTRO BIENVENIDO A CLARO'),
(1684, 19, 33, '2022-06-17', 1, 'SI AUN ESTA INTERSADO AUQUE DICE QUE LA SITUACION ESTA DIFICIL'),
(1685, 394, 33, '2022-06-17', 4, 'BIENVENIDO A CLARO'),
(1686, 17, 33, '2022-06-17', 4, 'BIENVENIDO A CLARO'),
(1687, 28, 33, '2022-06-17', 1, 'SI CONTESTO Y TODAVIA ESTA INTERESADO'),
(1688, 15, 33, '2022-06-17', 4, 'BIENVENIDO A CLARO'),
(1689, 49, 33, '2022-06-17', 4, 'BIENVENIDO A CLARO'),
(1690, 14, 33, '2022-06-17', 4, 'BIENVENIDO A CLARO'),
(1691, 8, 8, '2017-06-22', 1, 'INGRESO AL SISTEMA'),
(1692, 26, 33, '2022-06-17', 4, 'BIENVENIDO A CLARO'),
(1693, 8, 8, '2018-06-22', 1, 'INGRESO AL SISTEMA'),
(1694, 412, 33, '2018-06-22', 1, 'INGRESO AL SISTEMA'),
(1695, 8, 8, '2019-06-22', 1, 'INGRESO AL SISTEMA'),
(1696, 8, 8, '2020-06-22', 1, 'INGRESO AL SISTEMA'),
(1697, 413, 31, '2020-06-22', 1, 'INGRESO AL SISTEMA'),
(1698, 413, 31, '2022-05-13', 1, ''),
(1699, 414, 31, '2022-05-13', 1, ''),
(1700, 415, 31, '2022-05-13', 1, ''),
(1701, 416, 31, '2022-05-13', 1, ''),
(1702, 417, 31, '2022-05-13', 1, ''),
(1703, 418, 31, '2022-05-13', 1, ''),
(1704, 419, 31, '2022-05-13', 1, ''),
(1705, 420, 31, '2022-05-13', 1, ''),
(1706, 421, 31, '2022-05-13', 1, ''),
(1707, 422, 31, '2022-05-13', 1, ''),
(1708, 423, 31, '2022-05-13', 1, ''),
(1709, 424, 31, '2022-05-13', 1, ''),
(1710, 425, 31, '2022-05-13', 1, ''),
(1711, 426, 31, '2022-05-13', 1, ''),
(1712, 427, 31, '2022-05-13', 1, ''),
(1713, 428, 31, '2022-05-13', 1, ''),
(1714, 448, 31, '2022-05-13', 1, ''),
(1715, 450, 31, '2022-05-13', 1, ''),
(1716, 449, 31, '2022-05-13', 1, ''),
(1717, 447, 31, '2022-05-13', 1, ''),
(1718, 446, 31, '2022-05-13', 1, ''),
(1719, 445, 31, '2022-05-13', 1, ''),
(1720, 444, 31, '2022-05-13', 1, ''),
(1721, 443, 31, '2022-05-13', 1, ''),
(1722, 442, 31, '2022-05-13', 1, ''),
(1723, 440, 31, '2022-05-13', 1, ''),
(1724, 441, 31, '2022-05-13', 1, ''),
(1725, 439, 31, '2022-05-13', 1, ''),
(1726, 438, 31, '2022-05-13', 1, ''),
(1727, 437, 31, '2022-05-13', 1, ''),
(1728, 432, 31, '2022-05-13', 1, ''),
(1729, 8, 8, '2021-06-22', 1, 'INGRESO AL SISTEMA'),
(1730, 435, 31, '2022-05-13', 1, ''),
(1731, 434, 31, '2022-05-13', 1, ''),
(1732, 433, 31, '2022-05-13', 1, ''),
(1733, 431, 31, '2022-05-13', 1, ''),
(1734, 430, 31, '2022-05-13', 1, ''),
(1735, 451, 31, '2022-05-13', 1, ''),
(1736, 452, 31, '2022-05-13', 1, ''),
(1737, 453, 31, '2022-05-13', 1, ''),
(1738, 454, 31, '2022-05-13', 1, ''),
(1739, 455, 31, '2022-05-13', 1, ''),
(1740, 456, 31, '2022-05-13', 1, ''),
(1741, 457, 31, '2022-05-13', 1, ''),
(1742, 458, 31, '2022-05-13', 1, ''),
(1743, 459, 31, '2022-05-13', 1, ''),
(1744, 460, 31, '2022-05-13', 1, ''),
(1745, 461, 31, '2022-05-13', 1, ''),
(1746, 462, 31, '2022-05-13', 1, ''),
(1747, 463, 31, '2022-05-13', 1, ''),
(1748, 464, 31, '2022-05-13', 1, ''),
(1749, 387, 31, '2022-05-13', 1, ''),
(1750, 465, 31, '2022-05-13', 1, ''),
(1751, 466, 31, '2022-05-13', 1, ''),
(1752, 467, 31, '2022-05-13', 1, ''),
(1753, 468, 31, '2022-05-13', 1, ''),
(1754, 469, 31, '2022-05-13', 1, ''),
(1755, 470, 31, '2022-05-13', 1, ''),
(1756, 471, 31, '2022-05-13', 1, ''),
(1757, 487, 31, '2022-05-13', 1, ''),
(1758, 486, 31, '2022-05-13', 1, ''),
(1759, 485, 31, '2022-05-13', 1, ''),
(1760, 484, 31, '2022-05-13', 1, ''),
(1761, 483, 31, '2022-05-13', 1, ''),
(1762, 482, 31, '2022-05-13', 1, ''),
(1763, 481, 31, '2022-05-13', 1, ''),
(1764, 480, 31, '2022-05-13', 1, ''),
(1765, 479, 31, '2022-05-13', 1, ''),
(1766, 478, 31, '2022-05-13', 1, ''),
(1767, 477, 31, '2022-05-13', 1, ''),
(1768, 476, 31, '2022-05-13', 1, ''),
(1769, 475, 31, '2022-05-13', 1, ''),
(1770, 474, 31, '2022-05-13', 1, ''),
(1771, 473, 31, '2022-05-13', 1, ''),
(1772, 472, 31, '2022-05-13', 1, ''),
(1773, 8, 8, '2022-06-22', 1, 'INGRESO AL SISTEMA'),
(1774, 517, 31, '2022-05-13', 1, ''),
(1775, 512, 31, '2022-05-13', 1, ''),
(1776, 518, 31, '2022-05-13', 1, ''),
(1777, 519, 31, '2022-05-13', 1, ''),
(1778, 520, 31, '2022-05-13', 1, ''),
(1779, 521, 31, '2022-05-13', 1, ''),
(1780, 522, 31, '2022-05-13', 1, ''),
(1781, 523, 31, '2022-05-13', 1, ''),
(1782, 524, 31, '2022-05-13', 1, ''),
(1783, 525, 31, '2022-05-13', 1, ''),
(1784, 526, 31, '2022-05-13', 1, ''),
(1785, 527, 31, '2022-05-13', 1, ''),
(1786, 410, 31, '2022-05-13', 1, ''),
(1787, 392, 31, '2022-05-13', 1, ''),
(1788, 546, 31, '2022-05-13', 1, ''),
(1789, 545, 31, '2022-05-13', 1, ''),
(1790, 543, 31, '2022-05-13', 1, ''),
(1791, 544, 31, '2022-05-13', 1, ''),
(1792, 542, 31, '2022-05-13', 1, ''),
(1793, 541, 31, '2022-05-13', 1, ''),
(1794, 540, 31, '2022-05-13', 1, ''),
(1795, 539, 31, '2022-05-13', 1, ''),
(1796, 536, 31, '2022-05-13', 1, ''),
(1797, 538, 31, '2022-05-13', 1, ''),
(1798, 537, 31, '2022-05-13', 1, ''),
(1799, 535, 31, '2022-05-13', 1, ''),
(1800, 534, 31, '2022-05-13', 1, ''),
(1801, 533, 31, '2022-05-13', 1, ''),
(1802, 532, 31, '2022-05-13', 1, ''),
(1803, 531, 31, '2022-05-13', 1, ''),
(1804, 530, 31, '2022-05-13', 1, ''),
(1805, 529, 31, '2022-05-13', 1, ''),
(1806, 528, 31, '2022-05-13', 1, ''),
(1807, 391, 31, '2022-05-13', 1, ''),
(1808, 488, 31, '2022-05-13', 1, ''),
(1809, 489, 31, '2022-05-13', 1, ''),
(1810, 490, 31, '2022-05-13', 1, ''),
(1811, 491, 31, '2022-05-13', 1, ''),
(1812, 492, 31, '2022-05-13', 1, ''),
(1813, 493, 31, '2022-05-13', 1, ''),
(1814, 494, 31, '2022-05-13', 1, ''),
(1815, 495, 31, '2022-05-13', 1, ''),
(1816, 496, 31, '2022-05-13', 1, ''),
(1817, 497, 31, '2022-05-13', 1, ''),
(1818, 498, 31, '2022-05-13', 1, ''),
(1819, 499, 31, '2022-05-13', 1, ''),
(1820, 500, 31, '2022-05-13', 1, ''),
(1821, 501, 31, '2022-05-13', 1, ''),
(1822, 502, 31, '2022-05-13', 1, ''),
(1823, 503, 31, '2022-05-13', 1, ''),
(1824, 504, 31, '2022-05-13', 1, ''),
(1825, 505, 31, '2022-05-13', 1, ''),
(1826, 412, 31, '2022-05-13', 1, ''),
(1827, 506, 31, '2022-05-13', 1, ''),
(1828, 507, 31, '2022-05-13', 1, ''),
(1829, 508, 31, '2022-05-13', 1, ''),
(1830, 509, 31, '2022-05-13', 1, ''),
(1831, 510, 31, '2022-05-13', 1, ''),
(1832, 511, 31, '2022-05-13', 1, ''),
(1833, 513, 31, '2022-05-13', 1, ''),
(1834, 514, 31, '2022-05-13', 1, ''),
(1835, 515, 31, '2022-05-13', 1, ''),
(1836, 516, 31, '2022-05-13', 1, ''),
(1837, 547, 31, '2022-05-13', 1, ''),
(1838, 548, 31, '2022-05-13', 1, ''),
(1839, 549, 31, '2022-05-13', 1, ''),
(1840, 390, 31, '2022-05-13', 1, ''),
(1841, 8, 8, '2023-06-22', 1, 'INGRESO AL SISTEMA'),
(1842, 8, 8, '2025-06-22', 1, 'INGRESO AL SISTEMA'),
(1843, 8, 8, '2026-06-22', 1, 'INGRESO AL SISTEMA'),
(1844, 8, 8, '2027-06-22', 1, 'INGRESO AL SISTEMA'),
(1845, 8, 8, '2028-06-22', 1, 'INGRESO AL SISTEMA'),
(1846, 8, 35, '2028-06-22', 1, 'INGRESO AL SISTEMA'),
(1847, 551, 35, '2029-06-22', 1, 'INGRESO AL SISTEMA'),
(1848, 8, 35, '2029-06-22', 1, 'INGRESO AL SISTEMA'),
(1849, 552, 35, '2029-06-22', 1, 'INGRESO AL SISTEMA'),
(1850, 554, 35, '2029-06-22', 1, 'INGRESO AL SISTEMA'),
(1851, 83, 35, '2029-06-22', 1, 'INGRESO AL SISTEMA'),
(1852, 555, 35, '2029-06-22', 1, 'INGRESO AL SISTEMA'),
(1853, 556, 35, '2029-06-22', 1, 'INGRESO AL SISTEMA'),
(1854, 557, 35, '2029-06-22', 1, 'INGRESO AL SISTEMA'),
(1855, 558, 35, '2029-06-22', 1, 'INGRESO AL SISTEMA'),
(1856, 82, 35, '2029-06-22', 1, 'INGRESO AL SISTEMA'),
(1857, 559, 35, '2029-06-22', 1, 'INGRESO AL SISTEMA'),
(1858, 561, 35, '2029-06-22', 1, 'INGRESO AL SISTEMA');

-- --------------------------------------------------------

--
-- Stand-in structure for view `asistencia1`
-- (See below for the actual view)
--
CREATE TABLE `asistencia1` (
`idasistencia` int(11)
,`idevento` int(11)
,`elevento` varchar(200)
,`idpersona` int(11)
,`lapersona` varchar(101)
,`fecha` date
,`idtipoasistencia` int(11)
,`tipoasistencia` varchar(100)
,`comentario` text
);

-- --------------------------------------------------------

--
-- Table structure for table `aspirante`
--

CREATE TABLE `aspirante` (
  `idaspirante` int(11) NOT NULL,
  `idpersona` int(11) DEFAULT NULL,
  `iddepartamento` int(11) DEFAULT NULL,
  `fechadesde` date DEFAULT NULL,
  `fechahasta` date DEFAULT NULL
) ENGINE=MyISAM DEFAULT CHARSET=latin1;

--
-- Dumping data for table `aspirante`
--

INSERT INTO `aspirante` (`idaspirante`, `idpersona`, `iddepartamento`, `fechadesde`, `fechahasta`) VALUES
(1, 16, 1, '2022-05-17', '2022-05-17');

-- --------------------------------------------------------

--
-- Stand-in structure for view `aspirante1`
-- (See below for the actual view)
--
CREATE TABLE `aspirante1` (
`idaspirante` int(11)
,`idpersona` int(11)
,`elaspirante` varchar(102)
,`iddepartamento` int(11)
,`lacarrera` varchar(45)
,`fechadesde` date
,`fechahasta` date
);

-- --------------------------------------------------------

--
-- Table structure for table `certificado`
--

CREATE TABLE `certificado` (
  `idcertificado` int(11) NOT NULL,
  `archivo` varchar(100) DEFAULT NULL,
  `propietario` varchar(50) DEFAULT NULL,
  `ubicacion` varchar(100) DEFAULT NULL,
  `evento` varchar(200) DEFAULT NULL,
  `idevento` int(11) DEFAULT NULL,
  `iddocumento` int(11) DEFAULT NULL,
  `idtipodocu` int(11) DEFAULT NULL,
  `posi_nomb_x` decimal(10,2) DEFAULT NULL,
  `posi_nomb_y` decimal(10,2) DEFAULT NULL,
  `ancho_x` decimal(10,2) DEFAULT NULL,
  `alto_y` decimal(10,2) DEFAULT NULL,
  `posi_fecha_x` decimal(10,2) DEFAULT NULL,
  `posi_fecha_y` decimal(10,2) DEFAULT NULL,
  `posi_codigo_x` decimal(10,2) DEFAULT NULL,
  `posi_codigo_y` decimal(10,2) DEFAULT NULL,
  `correohead` varchar(1000) DEFAULT NULL,
  `correofoot` varchar(1100) DEFAULT NULL,
  `correosubject` varchar(500) DEFAULT NULL
) ENGINE=InnoDB DEFAULT CHARSET=utf8mb4;

--
-- Dumping data for table `certificado`
--

INSERT INTO `certificado` (`idcertificado`, `archivo`, `propietario`, `ubicacion`, `evento`, `idevento`, `iddocumento`, `idtipodocu`, `posi_nomb_x`, `posi_nomb_y`, `ancho_x`, `alto_y`, `posi_fecha_x`, `posi_fecha_y`, `posi_codigo_x`, `posi_codigo_y`, `correohead`, `correofoot`, `correosubject`) VALUES
(1, 'Certificado de Alex Gabriel Quispe Mera.pdf', NULL, 'http://congresoutlvte.org/facped/Repositorio/Certificados/PonentesNacionales/', NULL, NULL, NULL, 14, NULL, NULL, NULL, NULL, NULL, NULL, NULL, NULL, NULL, NULL, NULL),
(2, 'Certificado de Alfredo Nicolas Tenorio Obregn.pdf', NULL, 'http://congresoutlvte.org/facped/Repositorio/Certificados/PonentesNacionales/', NULL, NULL, NULL, 14, NULL, NULL, NULL, NULL, NULL, NULL, NULL, NULL, NULL, NULL, NULL),
(3, 'Certificado de Alfredo Nicolas Tenorio O.pdf', NULL, 'http://congresoutlvte.org/facped/Repositorio/Certificados/PonentesNacionales/', NULL, NULL, NULL, 14, NULL, NULL, NULL, NULL, NULL, NULL, NULL, NULL, NULL, NULL, NULL),
(4, 'Certificado de Ana Bedoya Gutierrez.pdf', NULL, 'http://congresoutlvte.org/facped/Repositorio/Certificados/PonentesNacionales/', NULL, NULL, NULL, 14, NULL, NULL, NULL, NULL, NULL, NULL, NULL, NULL, NULL, NULL, NULL),
(5, 'Certificado de Ana Carminea Bedoya Gutierrez.pdf', NULL, 'http://congresoutlvte.org/facped/Repositorio/Certificados/PonentesNacionales/', NULL, NULL, NULL, 14, NULL, NULL, NULL, NULL, NULL, NULL, NULL, NULL, NULL, NULL, NULL),
(6, 'Certificado de Andrea Cortes Gutierrez.pdf', NULL, 'http://congresoutlvte.org/facped/Repositorio/Certificados/PonentesNacionales/', NULL, NULL, NULL, 14, NULL, NULL, NULL, NULL, NULL, NULL, NULL, NULL, NULL, NULL, NULL),
(7, 'Certificado de Arturo Jose Roby Nivelo.pdf', NULL, 'http://congresoutlvte.org/facped/Repositorio/Certificados/PonentesNacionales/', NULL, NULL, NULL, 14, NULL, NULL, NULL, NULL, NULL, NULL, NULL, NULL, NULL, NULL, NULL),
(8, 'Certificado de Carla Bernal Villavicencio.pdf', NULL, 'http://congresoutlvte.org/facped/Repositorio/Certificados/PonentesNacionales/', NULL, NULL, NULL, 14, NULL, NULL, NULL, NULL, NULL, NULL, NULL, NULL, NULL, NULL, NULL),
(9, 'Certificado de Carlos Bruno Jaime.pdf', NULL, 'http://congresoutlvte.org/facped/Repositorio/Certificados/PonentesNacionales/', NULL, NULL, NULL, 14, NULL, NULL, NULL, NULL, NULL, NULL, NULL, NULL, NULL, NULL, NULL),
(10, 'Certificado de Carlos Simon Plata Cabrera.pdf', NULL, 'http://congresoutlvte.org/facped/Repositorio/Certificados/PonentesNacionales/', NULL, NULL, NULL, 14, NULL, NULL, NULL, NULL, NULL, NULL, NULL, NULL, NULL, NULL, NULL),
(11, 'Certificado de Carmen Karina Hurtado Toral.pdf', NULL, 'http://congresoutlvte.org/facped/Repositorio/Certificados/PonentesNacionales/', NULL, NULL, NULL, 14, NULL, NULL, NULL, NULL, NULL, NULL, NULL, NULL, NULL, NULL, NULL),
(12, 'Certificado de Cecilia Mariana Ulloa E.pdf', NULL, 'http://congresoutlvte.org/facped/Repositorio/Certificados/PonentesNacionales/', NULL, NULL, NULL, 14, NULL, NULL, NULL, NULL, NULL, NULL, NULL, NULL, NULL, NULL, NULL),
(13, 'Certificado de Cecilia Mariana Ulloa Espinoza.pdf', NULL, 'http://congresoutlvte.org/facped/Repositorio/Certificados/PonentesNacionales/', NULL, NULL, NULL, 14, NULL, NULL, NULL, NULL, NULL, NULL, NULL, NULL, NULL, NULL, NULL),
(14, 'Certificado de Celia Batalla Benavides.pdf', NULL, 'http://congresoutlvte.org/facped/Repositorio/Certificados/PonentesNacionales/', NULL, NULL, NULL, 14, NULL, NULL, NULL, NULL, NULL, NULL, NULL, NULL, NULL, NULL, NULL),
(15, 'Certificado de Celia Veronica Batalla Benavides.pdf', NULL, 'http://congresoutlvte.org/facped/Repositorio/Certificados/PonentesNacionales/', NULL, NULL, NULL, 14, NULL, NULL, NULL, NULL, NULL, NULL, NULL, NULL, NULL, NULL, NULL),
(16, 'Certificado de Celia Veronica Batalla B.pdf', NULL, 'http://congresoutlvte.org/facped/Repositorio/Certificados/PonentesNacionales/', NULL, NULL, NULL, 14, NULL, NULL, NULL, NULL, NULL, NULL, NULL, NULL, NULL, NULL, NULL),
(17, 'Certificado de Diego Hurtado.pdf', NULL, 'http://congresoutlvte.org/facped/Repositorio/Certificados/PonentesNacionales/', NULL, NULL, NULL, 14, NULL, NULL, NULL, NULL, NULL, NULL, NULL, NULL, NULL, NULL, NULL),
(18, 'Certificado de Ena Alexandra Diaz Iturre.pdf', NULL, 'http://congresoutlvte.org/facped/Repositorio/Certificados/PonentesNacionales/', NULL, NULL, NULL, 14, NULL, NULL, NULL, NULL, NULL, NULL, NULL, NULL, NULL, NULL, NULL),
(19, 'Certificado de Enma Elena Espinoza Echeverria.pdf', NULL, 'http://congresoutlvte.org/facped/Repositorio/Certificados/PonentesNacionales/', NULL, NULL, NULL, 14, NULL, NULL, NULL, NULL, NULL, NULL, NULL, NULL, NULL, NULL, NULL),
(20, 'Certificado de Evelyn Perea Rodrguez.pdf', NULL, 'http://congresoutlvte.org/facped/Repositorio/Certificados/PonentesNacionales/', NULL, NULL, NULL, 14, NULL, NULL, NULL, NULL, NULL, NULL, NULL, NULL, NULL, NULL, NULL),
(21, 'Certificado de Fausto Ivan Guapi Guaman.pdf', NULL, 'http://congresoutlvte.org/facped/Repositorio/Certificados/PonentesNacionales/', NULL, NULL, NULL, 14, NULL, NULL, NULL, NULL, NULL, NULL, NULL, NULL, NULL, NULL, NULL),
(22, 'Certificado de Fernando Teofilo Fernandez Rodriguez .pdf', NULL, 'http://congresoutlvte.org/facped/Repositorio/Certificados/PonentesNacionales/', NULL, NULL, NULL, 14, NULL, NULL, NULL, NULL, NULL, NULL, NULL, NULL, NULL, NULL, NULL),
(23, 'Certificado de Fernando Teofilo Fernandez R.pdf', NULL, 'http://congresoutlvte.org/facped/Repositorio/Certificados/PonentesNacionales/', NULL, NULL, NULL, 14, NULL, NULL, NULL, NULL, NULL, NULL, NULL, NULL, NULL, NULL, NULL),
(24, 'Certificado de Francisco Angel Simon Ricardo.pdf', NULL, 'http://congresoutlvte.org/facped/Repositorio/Certificados/PonentesNacionales/', NULL, NULL, NULL, 14, NULL, NULL, NULL, NULL, NULL, NULL, NULL, NULL, NULL, NULL, NULL),
(25, 'Certificado de Gaby A Arroyo Preciado.pdf', NULL, 'http://congresoutlvte.org/facped/Repositorio/Certificados/PonentesNacionales/', NULL, NULL, NULL, 14, NULL, NULL, NULL, NULL, NULL, NULL, NULL, NULL, NULL, NULL, NULL),
(26, 'Certificado de Gaby Adelaida Arroyo Preciado.pdf', NULL, 'http://congresoutlvte.org/facped/Repositorio/Certificados/PonentesNacionales/', NULL, NULL, NULL, 14, NULL, NULL, NULL, NULL, NULL, NULL, NULL, NULL, NULL, NULL, NULL),
(27, 'Certificado de Henry Javier Renteria Macias.pdf', NULL, 'http://congresoutlvte.org/facped/Repositorio/Certificados/PonentesNacionales/', NULL, NULL, NULL, 14, NULL, NULL, NULL, NULL, NULL, NULL, NULL, NULL, NULL, NULL, NULL),
(28, 'Certificado de Henry Renteria Macias.pdf', NULL, 'http://congresoutlvte.org/facped/Repositorio/Certificados/PonentesNacionales/', NULL, NULL, NULL, 14, NULL, NULL, NULL, NULL, NULL, NULL, NULL, NULL, NULL, NULL, NULL),
(29, 'Certificado de Hernan Chila Ortiz.pdf', NULL, 'http://congresoutlvte.org/facped/Repositorio/Certificados/PonentesNacionales/', NULL, NULL, NULL, 14, NULL, NULL, NULL, NULL, NULL, NULL, NULL, NULL, NULL, NULL, NULL),
(30, 'Certificado de Hernan Chila.pdf', NULL, 'http://congresoutlvte.org/facped/Repositorio/Certificados/PonentesNacionales/', NULL, NULL, NULL, 14, NULL, NULL, NULL, NULL, NULL, NULL, NULL, NULL, NULL, NULL, NULL),
(31, 'Certificado de Hugo David Tapia Sosa-1er Congreso.pdf', NULL, 'http://congresoutlvte.org/facped/Repositorio/Certificados/PonentesNacionales/', NULL, NULL, NULL, 14, NULL, NULL, NULL, NULL, NULL, NULL, NULL, NULL, NULL, NULL, NULL),
(32, 'Certificado de Isabel Clavijo Robinson.pdf', NULL, 'http://congresoutlvte.org/facped/Repositorio/Certificados/PonentesNacionales/', NULL, NULL, NULL, 14, NULL, NULL, NULL, NULL, NULL, NULL, NULL, NULL, NULL, NULL, NULL),
(33, 'Certificado de Isabel Veronica Clavijo Robinson.pdf', NULL, 'http://congresoutlvte.org/facped/Repositorio/Certificados/PonentesNacionales/', NULL, NULL, NULL, 14, NULL, NULL, NULL, NULL, NULL, NULL, NULL, NULL, NULL, NULL, NULL),
(34, 'Certificado de Jeimy Hernandez Martinez.pdf', NULL, 'http://congresoutlvte.org/facped/Repositorio/Certificados/PonentesNacionales/', NULL, NULL, NULL, 14, NULL, NULL, NULL, NULL, NULL, NULL, NULL, NULL, NULL, NULL, NULL),
(35, 'Certificado de Jenny Johanna Palacios Gonzalez.pdf', NULL, 'http://congresoutlvte.org/facped/Repositorio/Certificados/PonentesNacionales/', NULL, NULL, NULL, 14, NULL, NULL, NULL, NULL, NULL, NULL, NULL, NULL, NULL, NULL, NULL),
(36, 'Certificado de Jenny Margarita Valverde Medina.pdf', NULL, 'http://congresoutlvte.org/facped/Repositorio/Certificados/PonentesNacionales/', NULL, NULL, NULL, 14, NULL, NULL, NULL, NULL, NULL, NULL, NULL, NULL, NULL, NULL, NULL),
(37, 'Certificado de Jessica Marquez Ramirez.pdf', NULL, 'http://congresoutlvte.org/facped/Repositorio/Certificados/PonentesNacionales/', NULL, NULL, NULL, 14, NULL, NULL, NULL, NULL, NULL, NULL, NULL, NULL, NULL, NULL, NULL),
(38, 'Certificado de Jimmy Fernando Ramirez Marquez.pdf', NULL, 'http://congresoutlvte.org/facped/Repositorio/Certificados/PonentesNacionales/', NULL, NULL, NULL, 14, NULL, NULL, NULL, NULL, NULL, NULL, NULL, NULL, NULL, NULL, NULL),
(39, 'Certificado de Joseph Cruel Siguenza.pdf', NULL, 'http://congresoutlvte.org/facped/Repositorio/Certificados/PonentesNacionales/', NULL, NULL, NULL, 14, NULL, NULL, NULL, NULL, NULL, NULL, NULL, NULL, NULL, NULL, NULL),
(40, 'Certificado de Juan Tacoronte Morales.pdf', NULL, 'http://congresoutlvte.org/facped/Repositorio/Certificados/PonentesNacionales/', NULL, NULL, NULL, 14, NULL, NULL, NULL, NULL, NULL, NULL, NULL, NULL, NULL, NULL, NULL),
(41, 'Certificado de Kelly Estrada Realpe .pdf', NULL, 'http://congresoutlvte.org/facped/Repositorio/Certificados/PonentesNacionales/', NULL, NULL, NULL, 14, NULL, NULL, NULL, NULL, NULL, NULL, NULL, NULL, NULL, NULL, NULL),
(42, 'Certificado de Leonel Aldana Naranjo.pdf', NULL, 'http://congresoutlvte.org/facped/Repositorio/Certificados/PonentesNacionales/', NULL, NULL, NULL, 14, NULL, NULL, NULL, NULL, NULL, NULL, NULL, NULL, NULL, NULL, NULL),
(43, 'Certificado de Luis Estupian Rodriguez.pdf', NULL, 'http://congresoutlvte.org/facped/Repositorio/Certificados/PonentesNacionales/', NULL, NULL, NULL, 14, NULL, NULL, NULL, NULL, NULL, NULL, NULL, NULL, NULL, NULL, NULL),
(44, 'Certificado de Maria Isabel Vallejo Cardenas.pdf', NULL, 'http://congresoutlvte.org/facped/Repositorio/Certificados/PonentesNacionales/', NULL, NULL, NULL, 14, NULL, NULL, NULL, NULL, NULL, NULL, NULL, NULL, NULL, NULL, NULL),
(45, 'Certificado de Maria Paula Villa Lujano.pdf', NULL, 'http://congresoutlvte.org/facped/Repositorio/Certificados/PonentesNacionales/', NULL, NULL, NULL, 14, NULL, NULL, NULL, NULL, NULL, NULL, NULL, NULL, NULL, NULL, NULL),
(46, 'Certificado de Marianela Acua Ortigosa.pdf', NULL, 'http://congresoutlvte.org/facped/Repositorio/Certificados/PonentesNacionales/', NULL, NULL, NULL, 14, NULL, NULL, NULL, NULL, NULL, NULL, NULL, NULL, NULL, NULL, NULL),
(47, 'Certificado de Marisol Morales Martinez .pdf', NULL, 'http://congresoutlvte.org/facped/Repositorio/Certificados/PonentesNacionales/', NULL, NULL, NULL, 14, NULL, NULL, NULL, NULL, NULL, NULL, NULL, NULL, NULL, NULL, NULL),
(48, 'Certificado de Martin Mateo Ramirez Marquez.pdf', NULL, 'http://congresoutlvte.org/facped/Repositorio/Certificados/PonentesNacionales/', NULL, NULL, NULL, 14, NULL, NULL, NULL, NULL, NULL, NULL, NULL, NULL, NULL, NULL, NULL),
(49, 'Certificado de Mercedes Bustos Gamez.pdf', NULL, 'http://congresoutlvte.org/facped/Repositorio/Certificados/PonentesNacionales/', NULL, NULL, NULL, 14, NULL, NULL, NULL, NULL, NULL, NULL, NULL, NULL, NULL, NULL, NULL),
(50, 'Certificado de Miryan Veronica Vera Mera.pdf', NULL, 'http://congresoutlvte.org/facped/Repositorio/Certificados/PonentesNacionales/', NULL, NULL, NULL, 14, NULL, NULL, NULL, NULL, NULL, NULL, NULL, NULL, NULL, NULL, NULL),
(51, 'Certificado de Monica Tatiana Tonato Velasco.pdf', NULL, 'http://congresoutlvte.org/facped/Repositorio/Certificados/PonentesNacionales/', NULL, NULL, NULL, 14, NULL, NULL, NULL, NULL, NULL, NULL, NULL, NULL, NULL, NULL, NULL),
(52, 'Certificado de Nelly del Rocio Panchano.pdf', NULL, 'http://congresoutlvte.org/facped/Repositorio/Certificados/PonentesNacionales/', NULL, NULL, NULL, 14, NULL, NULL, NULL, NULL, NULL, NULL, NULL, NULL, NULL, NULL, NULL),
(53, 'Certificado de Olga Quionez Guagua.pdf', NULL, 'http://congresoutlvte.org/facped/Repositorio/Certificados/PonentesNacionales/', NULL, NULL, NULL, 14, NULL, NULL, NULL, NULL, NULL, NULL, NULL, NULL, NULL, NULL, NULL),
(54, 'Certificado de Patricia M Lujano Meza.pdf', NULL, 'http://congresoutlvte.org/facped/Repositorio/Certificados/PonentesNacionales/', NULL, NULL, NULL, 14, NULL, NULL, NULL, NULL, NULL, NULL, NULL, NULL, NULL, NULL, NULL),
(55, 'Certificado de Patricia Margarita Lujano Meza.pdf', NULL, 'http://congresoutlvte.org/facped/Repositorio/Certificados/PonentesNacionales/', NULL, NULL, NULL, 14, NULL, NULL, NULL, NULL, NULL, NULL, NULL, NULL, NULL, NULL, NULL),
(56, 'Certificado de Pedro Cesar Godoy Roser.pdf', NULL, 'http://congresoutlvte.org/facped/Repositorio/Certificados/PonentesNacionales/', NULL, NULL, NULL, 14, NULL, NULL, NULL, NULL, NULL, NULL, NULL, NULL, NULL, NULL, NULL),
(57, 'Certificado de Rita Leivis Bolaos Mosquera.pdf', NULL, 'http://congresoutlvte.org/facped/Repositorio/Certificados/PonentesNacionales/', NULL, NULL, NULL, 14, NULL, NULL, NULL, NULL, NULL, NULL, NULL, NULL, NULL, NULL, NULL),
(58, 'Certificado de Santa Rocio Toala Ponce.pdf', NULL, 'http://congresoutlvte.org/facped/Repositorio/Certificados/PonentesNacionales/', NULL, NULL, NULL, 14, NULL, NULL, NULL, NULL, NULL, NULL, NULL, NULL, NULL, NULL, NULL),
(59, 'Certificado de Santos Geovanny Mina Bone.pdf', NULL, 'http://congresoutlvte.org/facped/Repositorio/Certificados/PonentesNacionales/', NULL, NULL, NULL, 14, NULL, NULL, NULL, NULL, NULL, NULL, NULL, NULL, NULL, NULL, NULL),
(60, 'Certificado de Sara Elizabeth Tenorio Segura.pdf', NULL, 'http://congresoutlvte.org/facped/Repositorio/Certificados/PonentesNacionales/', NULL, NULL, NULL, 14, NULL, NULL, NULL, NULL, NULL, NULL, NULL, NULL, NULL, NULL, NULL),
(61, 'Certificado de Sergio Guzman Garcia Sanclemente.pdf', NULL, 'http://congresoutlvte.org/facped/Repositorio/Certificados/PonentesNacionales/', NULL, NULL, NULL, 14, NULL, NULL, NULL, NULL, NULL, NULL, NULL, NULL, NULL, NULL, NULL),
(62, 'Certificado de Tunin Gilmar Murillo andrade.pdf', NULL, 'http://congresoutlvte.org/facped/Repositorio/Certificados/PonentesNacionales/', NULL, NULL, NULL, 14, NULL, NULL, NULL, NULL, NULL, NULL, NULL, NULL, NULL, NULL, NULL),
(63, 'Certificado de Victor Eduardo Quispe Mera.pdf', NULL, 'http://congresoutlvte.org/facped/Repositorio/Certificados/PonentesNacionales/', NULL, NULL, NULL, 14, NULL, NULL, NULL, NULL, NULL, NULL, NULL, NULL, NULL, NULL, NULL),
(64, 'Certificado de Victor Manuel Arroyo Quionez.pdf', NULL, 'http://congresoutlvte.org/facped/Repositorio/Certificados/PonentesNacionales/', NULL, NULL, NULL, 14, NULL, NULL, NULL, NULL, NULL, NULL, NULL, NULL, NULL, NULL, NULL),
(65, 'Certificado de Wendy  Santos Marquez.pdf', NULL, 'http://congresoutlvte.org/facped/Repositorio/Certificados/PonentesNacionales/', NULL, NULL, NULL, 14, NULL, NULL, NULL, NULL, NULL, NULL, NULL, NULL, NULL, NULL, NULL),
(66, 'Certificado de Wendy Narcisa Santos Marquez.pdf', NULL, 'http://congresoutlvte.org/facped/Repositorio/Certificados/PonentesNacionales/', NULL, NULL, NULL, 14, NULL, NULL, NULL, NULL, NULL, NULL, NULL, NULL, NULL, NULL, NULL),
(67, 'Certificado de Xiomara Grueso Guerrero.pdf', NULL, 'http://congresoutlvte.org/facped/Repositorio/Certificados/PonentesNacionales/', NULL, NULL, NULL, 14, NULL, NULL, NULL, NULL, NULL, NULL, NULL, NULL, NULL, NULL, NULL),
(68, 'Certificado de Alberto Renato Tambaco Quintero.pdf', NULL, 'http://congresoutlvte.org/facped/Repositorio/Certificados/DocentesParticipantes/', NULL, NULL, NULL, 14, NULL, NULL, NULL, NULL, NULL, NULL, NULL, NULL, NULL, NULL, NULL),
(69, 'Certificado de Alejandro Andres Marquez Quionez.pdf', NULL, 'http://congresoutlvte.org/facped/Repositorio/Certificados/DocentesParticipantes/', NULL, NULL, NULL, 14, NULL, NULL, NULL, NULL, NULL, NULL, NULL, NULL, NULL, NULL, NULL),
(70, 'Certificado de Alicia Caicedo Hurtado.pdf', NULL, 'http://congresoutlvte.org/facped/Repositorio/Certificados/DocentesParticipantes/', NULL, NULL, NULL, 14, NULL, NULL, NULL, NULL, NULL, NULL, NULL, NULL, NULL, NULL, NULL),
(71, 'Certificado de Alicia Magdalena Suarez Jijon.pdf', NULL, 'http://congresoutlvte.org/facped/Repositorio/Certificados/DocentesParticipantes/', NULL, NULL, NULL, 14, NULL, NULL, NULL, NULL, NULL, NULL, NULL, NULL, NULL, NULL, NULL),
(72, 'Certificado de Amalia Paula Angulo Caicedo.pdf', NULL, 'http://congresoutlvte.org/facped/Repositorio/Certificados/DocentesParticipantes/', NULL, NULL, NULL, 14, NULL, NULL, NULL, NULL, NULL, NULL, NULL, NULL, NULL, NULL, NULL),
(73, 'Certificado de Angy Brigitte Gruezo Espinoza.pdf', NULL, 'http://congresoutlvte.org/facped/Repositorio/Certificados/DocentesParticipantes/', NULL, NULL, NULL, 14, NULL, NULL, NULL, NULL, NULL, NULL, NULL, NULL, NULL, NULL, NULL),
(74, 'Certificado de Ariel Angel Angulo Quionez.pdf', NULL, 'http://congresoutlvte.org/facped/Repositorio/Certificados/DocentesParticipantes/', NULL, NULL, NULL, 14, NULL, NULL, NULL, NULL, NULL, NULL, NULL, NULL, NULL, NULL, NULL),
(75, 'Certificado de Belen Amador Rodriguez.pdf', NULL, 'http://congresoutlvte.org/facped/Repositorio/Certificados/DocentesParticipantes/', NULL, NULL, NULL, 14, NULL, NULL, NULL, NULL, NULL, NULL, NULL, NULL, NULL, NULL, NULL),
(76, 'Certificado de Carlos Ivan Realpe Camacho.pdf', NULL, 'http://congresoutlvte.org/facped/Repositorio/Certificados/DocentesParticipantes/', NULL, NULL, NULL, 14, NULL, NULL, NULL, NULL, NULL, NULL, NULL, NULL, NULL, NULL, NULL),
(77, 'Certificado de Carmen Laura Bone Medina.pdf', NULL, 'http://congresoutlvte.org/facped/Repositorio/Certificados/DocentesParticipantes/', NULL, NULL, NULL, 14, NULL, NULL, NULL, NULL, NULL, NULL, NULL, NULL, NULL, NULL, NULL),
(78, 'Certificado de Carmen Lila Casierra Castro.pdf', NULL, 'http://congresoutlvte.org/facped/Repositorio/Certificados/DocentesParticipantes/', NULL, NULL, NULL, 14, NULL, NULL, NULL, NULL, NULL, NULL, NULL, NULL, NULL, NULL, NULL),
(79, 'Certificado de Cristobal Colon Bone Obando.pdf', NULL, 'http://congresoutlvte.org/facped/Repositorio/Certificados/DocentesParticipantes/', NULL, NULL, NULL, 14, NULL, NULL, NULL, NULL, NULL, NULL, NULL, NULL, NULL, NULL, NULL),
(80, 'Certificado de Duvay Gerardo Carrillo Perdomo.pdf', NULL, 'http://congresoutlvte.org/facped/Repositorio/Certificados/DocentesParticipantes/', NULL, NULL, NULL, 14, NULL, NULL, NULL, NULL, NULL, NULL, NULL, NULL, NULL, NULL, NULL),
(81, 'Certificado de Elizabeth del Rocio Falcones Barbosa.pdf', NULL, 'http://congresoutlvte.org/facped/Repositorio/Certificados/DocentesParticipantes/', NULL, NULL, NULL, 14, NULL, NULL, NULL, NULL, NULL, NULL, NULL, NULL, NULL, NULL, NULL),
(82, 'Certificado de Elsa Cecilia Quionez Ortiz.pdf', NULL, 'http://congresoutlvte.org/facped/Repositorio/Certificados/DocentesParticipantes/', NULL, NULL, NULL, 14, NULL, NULL, NULL, NULL, NULL, NULL, NULL, NULL, NULL, NULL, NULL),
(83, 'Certificado de Erika Gina Ortiz Diaz.pdf', NULL, 'http://congresoutlvte.org/facped/Repositorio/Certificados/DocentesParticipantes/', NULL, NULL, NULL, 14, NULL, NULL, NULL, NULL, NULL, NULL, NULL, NULL, NULL, NULL, NULL),
(84, 'Certificado de Ermel Efrain Capurro Tapia.pdf', NULL, 'http://congresoutlvte.org/facped/Repositorio/Certificados/DocentesParticipantes/', NULL, NULL, NULL, 14, NULL, NULL, NULL, NULL, NULL, NULL, NULL, NULL, NULL, NULL, NULL),
(85, 'Certificado de Fanny Natividad Chanatasig Arcos.pdf', NULL, 'http://congresoutlvte.org/facped/Repositorio/Certificados/DocentesParticipantes/', NULL, NULL, NULL, 14, NULL, NULL, NULL, NULL, NULL, NULL, NULL, NULL, NULL, NULL, NULL),
(86, 'Certificado de Gilbert Nazareno Vivero.pdf', NULL, 'http://congresoutlvte.org/facped/Repositorio/Certificados/DocentesParticipantes/', NULL, NULL, NULL, 14, NULL, NULL, NULL, NULL, NULL, NULL, NULL, NULL, NULL, NULL, NULL),
(87, 'Certificado de Gissela Medina Cruz.pdf', NULL, 'http://congresoutlvte.org/facped/Repositorio/Certificados/DocentesParticipantes/', NULL, NULL, NULL, 14, NULL, NULL, NULL, NULL, NULL, NULL, NULL, NULL, NULL, NULL, NULL),
(88, 'Certificado de Ivan Alejandro Abad Rivera.pdf', NULL, 'http://congresoutlvte.org/facped/Repositorio/Certificados/DocentesParticipantes/', NULL, NULL, NULL, 14, NULL, NULL, NULL, NULL, NULL, NULL, NULL, NULL, NULL, NULL, NULL),
(89, 'Certificado de Ivette Kennia Montao Salazar.pdf', NULL, 'http://congresoutlvte.org/facped/Repositorio/Certificados/DocentesParticipantes/', NULL, NULL, NULL, 14, NULL, NULL, NULL, NULL, NULL, NULL, NULL, NULL, NULL, NULL, NULL),
(90, 'Certificado de Jasmin Monserrate Druet Carvajal.pdf', NULL, 'http://congresoutlvte.org/facped/Repositorio/Certificados/DocentesParticipantes/', NULL, NULL, NULL, 14, NULL, NULL, NULL, NULL, NULL, NULL, NULL, NULL, NULL, NULL, NULL),
(91, 'Certificado de Jenny Antonieta Mndez Vivar.pdf', NULL, 'http://congresoutlvte.org/facped/Repositorio/Certificados/DocentesParticipantes/', NULL, NULL, NULL, 14, NULL, NULL, NULL, NULL, NULL, NULL, NULL, NULL, NULL, NULL, NULL),
(92, 'Certificado de Jose Gerardo Cortez Narvaez.pdf', NULL, 'http://congresoutlvte.org/facped/Repositorio/Certificados/DocentesParticipantes/', NULL, NULL, NULL, 14, NULL, NULL, NULL, NULL, NULL, NULL, NULL, NULL, NULL, NULL, NULL),
(93, 'Certificado de Juan Guillermo Rivas Rosero.pdf', NULL, 'http://congresoutlvte.org/facped/Repositorio/Certificados/DocentesParticipantes/', NULL, NULL, NULL, 14, NULL, NULL, NULL, NULL, NULL, NULL, NULL, NULL, NULL, NULL, NULL),
(94, 'Certificado de Juan Manuel Palma Salazar.pdf', NULL, 'http://congresoutlvte.org/facped/Repositorio/Certificados/DocentesParticipantes/', NULL, NULL, NULL, 14, NULL, NULL, NULL, NULL, NULL, NULL, NULL, NULL, NULL, NULL, NULL),
(95, 'Certificado de Julio Cesar Callaveral Angulo.pdf', NULL, 'http://congresoutlvte.org/facped/Repositorio/Certificados/DocentesParticipantes/', NULL, NULL, NULL, 14, NULL, NULL, NULL, NULL, NULL, NULL, NULL, NULL, NULL, NULL, NULL),
(96, 'Certificado de Karla Vanessa Carvajal Arroyo.pdf', NULL, 'http://congresoutlvte.org/facped/Repositorio/Certificados/DocentesParticipantes/', NULL, NULL, NULL, 14, NULL, NULL, NULL, NULL, NULL, NULL, NULL, NULL, NULL, NULL, NULL),
(97, 'Certificado de Ladymar Juliana Castro Rodriguez.pdf', NULL, 'http://congresoutlvte.org/facped/Repositorio/Certificados/DocentesParticipantes/', NULL, NULL, NULL, 14, NULL, NULL, NULL, NULL, NULL, NULL, NULL, NULL, NULL, NULL, NULL),
(98, 'Certificado de Laura Estefania Baes Rodriguez.pdf', NULL, 'http://congresoutlvte.org/facped/Repositorio/Certificados/DocentesParticipantes/', NULL, NULL, NULL, 14, NULL, NULL, NULL, NULL, NULL, NULL, NULL, NULL, NULL, NULL, NULL),
(99, 'Certificado de Leidy Virginia Realpe Rosero.pdf', NULL, 'http://congresoutlvte.org/facped/Repositorio/Certificados/DocentesParticipantes/', NULL, NULL, NULL, 14, NULL, NULL, NULL, NULL, NULL, NULL, NULL, NULL, NULL, NULL, NULL),
(100, 'Certificado de Leoaysa Priscila Ortiz Delgado.pdf', NULL, 'http://congresoutlvte.org/facped/Repositorio/Certificados/DocentesParticipantes/', NULL, NULL, NULL, 14, NULL, NULL, NULL, NULL, NULL, NULL, NULL, NULL, NULL, NULL, NULL),
(101, 'Certificado de Liliana Lourdes Franco Andrade.pdf', NULL, 'http://congresoutlvte.org/facped/Repositorio/Certificados/DocentesParticipantes/', NULL, NULL, NULL, 14, NULL, NULL, NULL, NULL, NULL, NULL, NULL, NULL, NULL, NULL, NULL),
(102, 'Certificado de Lizardo Ciro Chasing Reyna.pdf', NULL, 'http://congresoutlvte.org/facped/Repositorio/Certificados/DocentesParticipantes/', NULL, NULL, NULL, 14, NULL, NULL, NULL, NULL, NULL, NULL, NULL, NULL, NULL, NULL, NULL),
(103, 'Certificado de Lucia Germania Chavez Ruano.pdf', NULL, 'http://congresoutlvte.org/facped/Repositorio/Certificados/DocentesParticipantes/', NULL, NULL, NULL, 14, NULL, NULL, NULL, NULL, NULL, NULL, NULL, NULL, NULL, NULL, NULL),
(104, 'Certificado de Ludys Yoconda Gomez Pinillo.pdf', NULL, 'http://congresoutlvte.org/facped/Repositorio/Certificados/DocentesParticipantes/', NULL, NULL, NULL, 14, NULL, NULL, NULL, NULL, NULL, NULL, NULL, NULL, NULL, NULL, NULL),
(105, 'Certificado de Luis Alberto Diaz Lerma.pdf', NULL, 'http://congresoutlvte.org/facped/Repositorio/Certificados/DocentesParticipantes/', NULL, NULL, NULL, 14, NULL, NULL, NULL, NULL, NULL, NULL, NULL, NULL, NULL, NULL, NULL),
(106, 'Certificado de Mabel Orlanda Sanchez Mirana.pdf', NULL, 'http://congresoutlvte.org/facped/Repositorio/Certificados/DocentesParticipantes/', NULL, NULL, NULL, 14, NULL, NULL, NULL, NULL, NULL, NULL, NULL, NULL, NULL, NULL, NULL),
(107, 'Certificado de Marco Antonio Villavicencio Iamagua.pdf', NULL, 'http://congresoutlvte.org/facped/Repositorio/Certificados/DocentesParticipantes/', NULL, NULL, NULL, 14, NULL, NULL, NULL, NULL, NULL, NULL, NULL, NULL, NULL, NULL, NULL),
(108, 'Certificado de Margarita Yisel Caicedo Arroyo.pdf', NULL, 'http://congresoutlvte.org/facped/Repositorio/Certificados/DocentesParticipantes/', NULL, NULL, NULL, 14, NULL, NULL, NULL, NULL, NULL, NULL, NULL, NULL, NULL, NULL, NULL),
(109, 'Certificado de Maria de Lourdes Quionez Araujo.pdf', NULL, 'http://congresoutlvte.org/facped/Repositorio/Certificados/DocentesParticipantes/', NULL, NULL, NULL, 14, NULL, NULL, NULL, NULL, NULL, NULL, NULL, NULL, NULL, NULL, NULL),
(110, 'Certificado de Maria Elena Pea Pea.pdf', NULL, 'http://congresoutlvte.org/facped/Repositorio/Certificados/DocentesParticipantes/', NULL, NULL, NULL, 14, NULL, NULL, NULL, NULL, NULL, NULL, NULL, NULL, NULL, NULL, NULL),
(111, 'Certificado de Maria Mercedes Cedeo Cortez.pdf', NULL, 'http://congresoutlvte.org/facped/Repositorio/Certificados/DocentesParticipantes/', NULL, NULL, NULL, 14, NULL, NULL, NULL, NULL, NULL, NULL, NULL, NULL, NULL, NULL, NULL),
(112, 'Certificado de Mauricio Edmundo Ojeda Morn.pdf', NULL, 'http://congresoutlvte.org/facped/Repositorio/Certificados/DocentesParticipantes/', NULL, NULL, NULL, 14, NULL, NULL, NULL, NULL, NULL, NULL, NULL, NULL, NULL, NULL, NULL),
(113, 'Certificado de Mercedes Preciado Trejo.pdf', NULL, 'http://congresoutlvte.org/facped/Repositorio/Certificados/DocentesParticipantes/', NULL, NULL, NULL, 14, NULL, NULL, NULL, NULL, NULL, NULL, NULL, NULL, NULL, NULL, NULL),
(114, 'Certificado de Mirtha Lorena Aguilar Mora .pdf', NULL, 'http://congresoutlvte.org/facped/Repositorio/Certificados/DocentesParticipantes/', NULL, NULL, NULL, 14, NULL, NULL, NULL, NULL, NULL, NULL, NULL, NULL, NULL, NULL, NULL),
(115, 'Certificado de Nilo Alberto Benavides Solis.pdf', NULL, 'http://congresoutlvte.org/facped/Repositorio/Certificados/DocentesParticipantes/', NULL, NULL, NULL, 14, NULL, NULL, NULL, NULL, NULL, NULL, NULL, NULL, NULL, NULL, NULL),
(116, 'Certificado de Norma Beatriz Lara Riera.pdf', NULL, 'http://congresoutlvte.org/facped/Repositorio/Certificados/DocentesParticipantes/', NULL, NULL, NULL, 14, NULL, NULL, NULL, NULL, NULL, NULL, NULL, NULL, NULL, NULL, NULL),
(117, 'Certificado de Patricia Jacqueline Mendoza Cortez.pdf', NULL, 'http://congresoutlvte.org/facped/Repositorio/Certificados/DocentesParticipantes/', NULL, NULL, NULL, 14, NULL, NULL, NULL, NULL, NULL, NULL, NULL, NULL, NULL, NULL, NULL),
(118, 'Certificado de Raquel Noemi Guevara Heredia.pdf', NULL, 'http://congresoutlvte.org/facped/Repositorio/Certificados/DocentesParticipantes/', NULL, NULL, NULL, 14, NULL, NULL, NULL, NULL, NULL, NULL, NULL, NULL, NULL, NULL, NULL),
(119, 'Certificado de Rocio Pilar Cuero Ortiz.pdf', NULL, 'http://congresoutlvte.org/facped/Repositorio/Certificados/DocentesParticipantes/', NULL, NULL, NULL, 14, NULL, NULL, NULL, NULL, NULL, NULL, NULL, NULL, NULL, NULL, NULL),
(120, 'Certificado de Ruben Dario Angulo Quionez.pdf', NULL, 'http://congresoutlvte.org/facped/Repositorio/Certificados/DocentesParticipantes/', NULL, NULL, NULL, 14, NULL, NULL, NULL, NULL, NULL, NULL, NULL, NULL, NULL, NULL, NULL),
(121, 'Certificado de Sara Noemi Zapata Moreira.pdf', NULL, 'http://congresoutlvte.org/facped/Repositorio/Certificados/DocentesParticipantes/', NULL, NULL, NULL, 14, NULL, NULL, NULL, NULL, NULL, NULL, NULL, NULL, NULL, NULL, NULL),
(122, 'Certificado de Sayda Janeth Palma Perea.pdf', NULL, 'http://congresoutlvte.org/facped/Repositorio/Certificados/DocentesParticipantes/', NULL, NULL, NULL, 14, NULL, NULL, NULL, NULL, NULL, NULL, NULL, NULL, NULL, NULL, NULL),
(123, 'Certificado de Sonia Holguin Mendoza.pdf', NULL, 'http://congresoutlvte.org/facped/Repositorio/Certificados/DocentesParticipantes/', NULL, NULL, NULL, 14, NULL, NULL, NULL, NULL, NULL, NULL, NULL, NULL, NULL, NULL, NULL),
(124, 'Certificado de Teofila Abigail Nazareno Ortiz.pdf', NULL, 'http://congresoutlvte.org/facped/Repositorio/Certificados/DocentesParticipantes/', NULL, NULL, NULL, 14, NULL, NULL, NULL, NULL, NULL, NULL, NULL, NULL, NULL, NULL, NULL),
(125, 'Certificado de Tunin Gilmar Murillo Andrade.pdf', NULL, 'http://congresoutlvte.org/facped/Repositorio/Certificados/DocentesParticipantes/', NULL, NULL, NULL, 14, NULL, NULL, NULL, NULL, NULL, NULL, NULL, NULL, NULL, NULL, NULL),
(126, 'Certificado de Vanessa Leonela Mideros Quionez.pdf', NULL, 'http://congresoutlvte.org/facped/Repositorio/Certificados/DocentesParticipantes/', NULL, NULL, NULL, 14, NULL, NULL, NULL, NULL, NULL, NULL, NULL, NULL, NULL, NULL, NULL),
(127, 'Certificado de Veronica Leonor Cadena Cortez.pdf', NULL, 'http://congresoutlvte.org/facped/Repositorio/Certificados/DocentesParticipantes/', NULL, NULL, NULL, 14, NULL, NULL, NULL, NULL, NULL, NULL, NULL, NULL, NULL, NULL, NULL),
(128, 'Certificado de Vilma Viviana Garcia Caicedo.pdf', NULL, 'http://congresoutlvte.org/facped/Repositorio/Certificados/DocentesParticipantes/', NULL, NULL, NULL, 14, NULL, NULL, NULL, NULL, NULL, NULL, NULL, NULL, NULL, NULL, NULL),
(129, 'Certificado de Viviana Vanessa Aparicio Izurieta.pdf', NULL, 'http://congresoutlvte.org/facped/Repositorio/Certificados/DocentesParticipantes/', NULL, NULL, NULL, 14, NULL, NULL, NULL, NULL, NULL, NULL, NULL, NULL, NULL, NULL, NULL),
(130, 'Certificado de Wiston Clemente Monrroy Quionez.pdf', NULL, 'http://congresoutlvte.org/facped/Repositorio/Certificados/DocentesParticipantes/', NULL, NULL, NULL, 14, NULL, NULL, NULL, NULL, NULL, NULL, NULL, NULL, NULL, NULL, NULL),
(131, 'Certificado de Yaquelin Caicedo aez.pdf', NULL, 'http://congresoutlvte.org/facped/Repositorio/Certificados/DocentesParticipantes/', NULL, NULL, NULL, 14, NULL, NULL, NULL, NULL, NULL, NULL, NULL, NULL, NULL, NULL, NULL),
(132, 'Certificado de Yisela Monserrate Moreira Guerrero.pdf', NULL, 'http://congresoutlvte.org/facped/Repositorio/Certificados/DocentesParticipantes/', NULL, NULL, NULL, 14, NULL, NULL, NULL, NULL, NULL, NULL, NULL, NULL, NULL, NULL, NULL),
(133, 'ESTC-1000.pdf', 'Rosales Mero Raquel Noemi', 'http://congresoutlvte.org/facped/Repositorio/Certificados/Estudiantes/', NULL, NULL, NULL, 14, NULL, NULL, NULL, NULL, NULL, NULL, NULL, NULL, NULL, NULL, NULL),
(134, 'ESTC-1001.pdf', 'Rosales Sarria Suany Elizabeth', 'http://congresoutlvte.org/facped/Repositorio/Certificados/Estudiantes/', NULL, NULL, NULL, 14, NULL, NULL, NULL, NULL, NULL, NULL, NULL, NULL, NULL, NULL, NULL),
(135, 'ESTC-1002.pdf', 'Rosales segura ibonne VERNARDA', 'http://congresoutlvte.org/facped/Repositorio/Certificados/Estudiantes/', NULL, NULL, NULL, 14, NULL, NULL, NULL, NULL, NULL, NULL, NULL, NULL, NULL, NULL, NULL),
(136, 'ESTC-1003.pdf', 'Rossmery Becerra Cabezas', 'http://congresoutlvte.org/facped/Repositorio/Certificados/Estudiantes/', NULL, NULL, NULL, 14, NULL, NULL, NULL, NULL, NULL, NULL, NULL, NULL, NULL, NULL, NULL),
(137, 'ESTC-1004.pdf', 'Ruano Bustos Fricson Ricardo', 'http://congresoutlvte.org/facped/Repositorio/Certificados/Estudiantes/', NULL, NULL, NULL, 14, NULL, NULL, NULL, NULL, NULL, NULL, NULL, NULL, NULL, NULL, NULL),
(138, 'ESTC-1005.pdf', 'Ruano Cortez Erika Julissa', 'http://congresoutlvte.org/facped/Repositorio/Certificados/Estudiantes/', NULL, NULL, NULL, 14, NULL, NULL, NULL, NULL, NULL, NULL, NULL, NULL, NULL, NULL, NULL),
(139, 'ESTC-1006.pdf', 'RUGEL CHICA YULLY PATRICIA', 'http://congresoutlvte.org/facped/Repositorio/Certificados/Estudiantes/', NULL, NULL, NULL, 14, NULL, NULL, NULL, NULL, NULL, NULL, NULL, NULL, NULL, NULL, NULL),
(140, 'ESTC-1007.pdf', 'Ruiz Chiluisa Cristina', 'http://congresoutlvte.org/facped/Repositorio/Certificados/Estudiantes/', NULL, NULL, NULL, 14, NULL, NULL, NULL, NULL, NULL, NULL, NULL, NULL, NULL, NULL, NULL),
(141, 'ESTC-1008.pdf', 'Saavedra Castillo Thais Eduarda', 'http://congresoutlvte.org/facped/Repositorio/Certificados/Estudiantes/', NULL, NULL, NULL, 14, NULL, NULL, NULL, NULL, NULL, NULL, NULL, NULL, NULL, NULL, NULL),
(142, 'ESTC-1009.pdf', 'Saavedra Montao Aishle Joyce', 'http://congresoutlvte.org/facped/Repositorio/Certificados/Estudiantes/', NULL, NULL, NULL, 14, NULL, NULL, NULL, NULL, NULL, NULL, NULL, NULL, NULL, NULL, NULL),
(143, 'ESTC-100.pdf', 'DAYRA ELIZABETH GONGORA MENDEZ', 'http://congresoutlvte.org/facped/Repositorio/Certificados/Estudiantes/', NULL, NULL, NULL, 14, NULL, NULL, NULL, NULL, NULL, NULL, NULL, NULL, NULL, NULL, NULL),
(144, 'ESTC-1010.pdf', 'Salazar Mosquera Maritza', 'http://congresoutlvte.org/facped/Repositorio/Certificados/Estudiantes/', NULL, NULL, NULL, 14, NULL, NULL, NULL, NULL, NULL, NULL, NULL, NULL, NULL, NULL, NULL),
(145, 'ESTC-1011.pdf', 'Salazar Reyes Xiomara Albertina', 'http://congresoutlvte.org/facped/Repositorio/Certificados/Estudiantes/', NULL, NULL, NULL, 14, NULL, NULL, NULL, NULL, NULL, NULL, NULL, NULL, NULL, NULL, NULL),
(146, 'ESTC-1012.pdf', 'Salazar Snchez Janeth Mara', 'http://congresoutlvte.org/facped/Repositorio/Certificados/Estudiantes/', NULL, NULL, NULL, 14, NULL, NULL, NULL, NULL, NULL, NULL, NULL, NULL, NULL, NULL, NULL),
(147, 'ESTC-1013.pdf', 'Salazar Snchez Janeth Mara', 'http://congresoutlvte.org/facped/Repositorio/Certificados/Estudiantes/', NULL, NULL, NULL, 14, NULL, NULL, NULL, NULL, NULL, NULL, NULL, NULL, NULL, NULL, NULL),
(148, 'ESTC-1014.pdf', 'Salazar Tuarez Diana Sandra', 'http://congresoutlvte.org/facped/Repositorio/Certificados/Estudiantes/', NULL, NULL, NULL, 14, NULL, NULL, NULL, NULL, NULL, NULL, NULL, NULL, NULL, NULL, NULL),
(149, 'ESTC-1015.pdf', 'Salcedo Bone Ariana Mayerli', 'http://congresoutlvte.org/facped/Repositorio/Certificados/Estudiantes/', NULL, NULL, NULL, 14, NULL, NULL, NULL, NULL, NULL, NULL, NULL, NULL, NULL, NULL, NULL),
(150, 'ESTC-1016.pdf', 'Salomn Mercado Nicole Patricia', 'http://congresoutlvte.org/facped/Repositorio/Certificados/Estudiantes/', NULL, NULL, NULL, 14, NULL, NULL, NULL, NULL, NULL, NULL, NULL, NULL, NULL, NULL, NULL),
(151, 'ESTC-1017.pdf', 'Samande Alava Saskya Layla', 'http://congresoutlvte.org/facped/Repositorio/Certificados/Estudiantes/', NULL, NULL, NULL, 14, NULL, NULL, NULL, NULL, NULL, NULL, NULL, NULL, NULL, NULL, NULL),
(152, 'ESTC-1018.pdf', 'San Nicolas Medina Klairet Alexandra', 'http://congresoutlvte.org/facped/Repositorio/Certificados/Estudiantes/', NULL, NULL, NULL, 14, NULL, NULL, NULL, NULL, NULL, NULL, NULL, NULL, NULL, NULL, NULL),
(153, 'ESTC-1019.pdf', 'San Nicolas Medina yovy Nimia', 'http://congresoutlvte.org/facped/Repositorio/Certificados/Estudiantes/', NULL, NULL, NULL, 14, NULL, NULL, NULL, NULL, NULL, NULL, NULL, NULL, NULL, NULL, NULL),
(154, 'ESTC-101.pdf', 'LUCY MAIRA BORJA GRUEZO', 'http://congresoutlvte.org/facped/Repositorio/Certificados/Estudiantes/', NULL, NULL, NULL, 14, NULL, NULL, NULL, NULL, NULL, NULL, NULL, NULL, NULL, NULL, NULL),
(155, 'ESTC-1020.pdf', 'Sanchez Angulo Rita Eleana', 'http://congresoutlvte.org/facped/Repositorio/Certificados/Estudiantes/', NULL, NULL, NULL, 14, NULL, NULL, NULL, NULL, NULL, NULL, NULL, NULL, NULL, NULL, NULL),
(156, 'ESTC-1021.pdf', 'SANCHEZ CAGUA BELEN DEL ROCIO', 'http://congresoutlvte.org/facped/Repositorio/Certificados/Estudiantes/', NULL, NULL, NULL, 14, NULL, NULL, NULL, NULL, NULL, NULL, NULL, NULL, NULL, NULL, NULL),
(157, 'ESTC-1022.pdf', 'Sanchez Govea Gimabel Viviana', 'http://congresoutlvte.org/facped/Repositorio/Certificados/Estudiantes/', NULL, NULL, NULL, 14, NULL, NULL, NULL, NULL, NULL, NULL, NULL, NULL, NULL, NULL, NULL),
(158, 'ESTC-1023.pdf', 'Snchez Guevara Annisa Noemi', 'http://congresoutlvte.org/facped/Repositorio/Certificados/Estudiantes/', NULL, NULL, NULL, 14, NULL, NULL, NULL, NULL, NULL, NULL, NULL, NULL, NULL, NULL, NULL),
(159, 'ESTC-1024.pdf', 'Sandoval Chanaluisa Pedro Luis', 'http://congresoutlvte.org/facped/Repositorio/Certificados/Estudiantes/', NULL, NULL, NULL, 14, NULL, NULL, NULL, NULL, NULL, NULL, NULL, NULL, NULL, NULL, NULL),
(160, 'ESTC-1025.pdf', 'Sandoval Chanaluisa Pedro Luis', 'http://congresoutlvte.org/facped/Repositorio/Certificados/Estudiantes/', NULL, NULL, NULL, 14, NULL, NULL, NULL, NULL, NULL, NULL, NULL, NULL, NULL, NULL, NULL),
(161, 'ESTC-1026.pdf', 'Santa Vernica Samaniego Tamayo', 'http://congresoutlvte.org/facped/Repositorio/Certificados/Estudiantes/', NULL, NULL, NULL, 14, NULL, NULL, NULL, NULL, NULL, NULL, NULL, NULL, NULL, NULL, NULL),
(162, 'ESTC-1027.pdf', 'Santamaria Torres Karol Mishelle', 'http://congresoutlvte.org/facped/Repositorio/Certificados/Estudiantes/', NULL, NULL, NULL, 14, NULL, NULL, NULL, NULL, NULL, NULL, NULL, NULL, NULL, NULL, NULL),
(163, 'ESTC-1028.pdf', 'Santana Midero Mell Milena', 'http://congresoutlvte.org/facped/Repositorio/Certificados/Estudiantes/', NULL, NULL, NULL, 14, NULL, NULL, NULL, NULL, NULL, NULL, NULL, NULL, NULL, NULL, NULL),
(164, 'ESTC-1029.pdf', 'Santilln Candela Landy Nathaly', 'http://congresoutlvte.org/facped/Repositorio/Certificados/Estudiantes/', NULL, NULL, NULL, 14, NULL, NULL, NULL, NULL, NULL, NULL, NULL, NULL, NULL, NULL, NULL),
(165, 'ESTC-102.pdf', 'JAYSA JAMILETH FARIAS MALAT', 'http://congresoutlvte.org/facped/Repositorio/Certificados/Estudiantes/', NULL, NULL, NULL, 14, NULL, NULL, NULL, NULL, NULL, NULL, NULL, NULL, NULL, NULL, NULL),
(166, 'ESTC-1030.pdf', 'Santilln Mazo Karla Paola', 'http://congresoutlvte.org/facped/Repositorio/Certificados/Estudiantes/', NULL, NULL, NULL, 14, NULL, NULL, NULL, NULL, NULL, NULL, NULL, NULL, NULL, NULL, NULL),
(167, 'ESTC-1031.pdf', 'Santos Gonzlez Margarita Yasmin', 'http://congresoutlvte.org/facped/Repositorio/Certificados/Estudiantes/', NULL, NULL, NULL, 14, NULL, NULL, NULL, NULL, NULL, NULL, NULL, NULL, NULL, NULL, NULL),
(168, 'ESTC-1032.pdf', 'Sara Tello Renteria', 'http://congresoutlvte.org/facped/Repositorio/Certificados/Estudiantes/', NULL, NULL, NULL, 14, NULL, NULL, NULL, NULL, NULL, NULL, NULL, NULL, NULL, NULL, NULL),
(169, 'ESTC-1033.pdf', 'Sarmiento Ordoez Elizabeth Edith', 'http://congresoutlvte.org/facped/Repositorio/Certificados/Estudiantes/', NULL, NULL, NULL, 14, NULL, NULL, NULL, NULL, NULL, NULL, NULL, NULL, NULL, NULL, NULL),
(170, 'ESTC-1034.pdf', 'Sarmiento Ordoez Kimberly', 'http://congresoutlvte.org/facped/Repositorio/Certificados/Estudiantes/', NULL, NULL, NULL, 14, NULL, NULL, NULL, NULL, NULL, NULL, NULL, NULL, NULL, NULL, NULL),
(171, 'ESTC-1035.pdf', 'Segovia Lopez Armenia Alisson', 'http://congresoutlvte.org/facped/Repositorio/Certificados/Estudiantes/', NULL, NULL, NULL, 14, NULL, NULL, NULL, NULL, NULL, NULL, NULL, NULL, NULL, NULL, NULL),
(172, 'ESTC-1036.pdf', 'Segovia Lopez Magerly Nohelia', 'http://congresoutlvte.org/facped/Repositorio/Certificados/Estudiantes/', NULL, NULL, NULL, 14, NULL, NULL, NULL, NULL, NULL, NULL, NULL, NULL, NULL, NULL, NULL),
(173, 'ESTC-1037.pdf', 'Segura Farias Gema Maite', 'http://congresoutlvte.org/facped/Repositorio/Certificados/Estudiantes/', NULL, NULL, NULL, 14, NULL, NULL, NULL, NULL, NULL, NULL, NULL, NULL, NULL, NULL, NULL),
(174, 'ESTC-1038.pdf', 'Segura Guerrero Silvia Dayana', 'http://congresoutlvte.org/facped/Repositorio/Certificados/Estudiantes/', NULL, NULL, NULL, 14, NULL, NULL, NULL, NULL, NULL, NULL, NULL, NULL, NULL, NULL, NULL),
(175, 'ESTC-1039.pdf', 'Segura Iturre Mirka Dayanara', 'http://congresoutlvte.org/facped/Repositorio/Certificados/Estudiantes/', NULL, NULL, NULL, 14, NULL, NULL, NULL, NULL, NULL, NULL, NULL, NULL, NULL, NULL, NULL),
(176, 'ESTC-103.pdf', 'ALIDA NARCISA ALCIVAR HERNANDEZ', 'http://congresoutlvte.org/facped/Repositorio/Certificados/Estudiantes/', NULL, NULL, NULL, 14, NULL, NULL, NULL, NULL, NULL, NULL, NULL, NULL, NULL, NULL, NULL),
(177, 'ESTC-1040.pdf', 'Sevilla cortes kelly', 'http://congresoutlvte.org/facped/Repositorio/Certificados/Estudiantes/', NULL, NULL, NULL, 14, NULL, NULL, NULL, NULL, NULL, NULL, NULL, NULL, NULL, NULL, NULL),
(178, 'ESTC-1041.pdf', 'Sevillano Gonzales Gladys Mirella', 'http://congresoutlvte.org/facped/Repositorio/Certificados/Estudiantes/', NULL, NULL, NULL, 14, NULL, NULL, NULL, NULL, NULL, NULL, NULL, NULL, NULL, NULL, NULL),
(179, 'ESTC-1042.pdf', 'Sheila Lisbeth Mero Alarcn', 'http://congresoutlvte.org/facped/Repositorio/Certificados/Estudiantes/', NULL, NULL, NULL, 14, NULL, NULL, NULL, NULL, NULL, NULL, NULL, NULL, NULL, NULL, NULL),
(180, 'ESTC-1043.pdf', 'Sifuentes Sol Nagelly Vanessa', 'http://congresoutlvte.org/facped/Repositorio/Certificados/Estudiantes/', NULL, NULL, NULL, 14, NULL, NULL, NULL, NULL, NULL, NULL, NULL, NULL, NULL, NULL, NULL),
(181, 'ESTC-1044.pdf', 'SIMISTERRA QUINTERO KEVIN JOSUE', 'http://congresoutlvte.org/facped/Repositorio/Certificados/Estudiantes/', NULL, NULL, NULL, 14, NULL, NULL, NULL, NULL, NULL, NULL, NULL, NULL, NULL, NULL, NULL),
(182, 'ESTC-1045.pdf', 'Sol Cheme Angie Gabriela', 'http://congresoutlvte.org/facped/Repositorio/Certificados/Estudiantes/', NULL, NULL, NULL, 14, NULL, NULL, NULL, NULL, NULL, NULL, NULL, NULL, NULL, NULL, NULL),
(183, 'ESTC-1046.pdf', 'Solis Tenorio Doris Elizabeth', 'http://congresoutlvte.org/facped/Repositorio/Certificados/Estudiantes/', NULL, NULL, NULL, 14, NULL, NULL, NULL, NULL, NULL, NULL, NULL, NULL, NULL, NULL, NULL),
(184, 'ESTC-1047.pdf', 'Solorzano Bravo yuleisy Vanessa', 'http://congresoutlvte.org/facped/Repositorio/Certificados/Estudiantes/', NULL, NULL, NULL, 14, NULL, NULL, NULL, NULL, NULL, NULL, NULL, NULL, NULL, NULL, NULL),
(185, 'ESTC-1048.pdf', 'Solorzano Navarrete Shanlly Nayely', 'http://congresoutlvte.org/facped/Repositorio/Certificados/Estudiantes/', NULL, NULL, NULL, 14, NULL, NULL, NULL, NULL, NULL, NULL, NULL, NULL, NULL, NULL, NULL),
(186, 'ESTC-1049.pdf', 'Soto Mera Carla Michelle', 'http://congresoutlvte.org/facped/Repositorio/Certificados/Estudiantes/', NULL, NULL, NULL, 14, NULL, NULL, NULL, NULL, NULL, NULL, NULL, NULL, NULL, NULL, NULL),
(187, 'ESTC-104.pdf', 'KATHERIN JULISSA JAMA DEL CASTILLO', 'http://congresoutlvte.org/facped/Repositorio/Certificados/Estudiantes/', NULL, NULL, NULL, 14, NULL, NULL, NULL, NULL, NULL, NULL, NULL, NULL, NULL, NULL, NULL),
(188, 'ESTC-1050.pdf', 'SUAREZ BRIONES MARCO VINICIO', 'http://congresoutlvte.org/facped/Repositorio/Certificados/Estudiantes/', NULL, NULL, NULL, 14, NULL, NULL, NULL, NULL, NULL, NULL, NULL, NULL, NULL, NULL, NULL),
(189, 'ESTC-1051.pdf', 'Suarez Caicedo Yasuri Dayana', 'http://congresoutlvte.org/facped/Repositorio/Certificados/Estudiantes/', NULL, NULL, NULL, 14, NULL, NULL, NULL, NULL, NULL, NULL, NULL, NULL, NULL, NULL, NULL),
(190, 'ESTC-1052.pdf', 'Sulema Roselly Cabezas Chasing', 'http://congresoutlvte.org/facped/Repositorio/Certificados/Estudiantes/', NULL, NULL, NULL, 14, NULL, NULL, NULL, NULL, NULL, NULL, NULL, NULL, NULL, NULL, NULL),
(191, 'ESTC-1053.pdf', 'Susana Isabel Saldarriaga Quintero', 'http://congresoutlvte.org/facped/Repositorio/Certificados/Estudiantes/', NULL, NULL, NULL, 14, NULL, NULL, NULL, NULL, NULL, NULL, NULL, NULL, NULL, NULL, NULL),
(192, 'ESTC-1054.pdf', 'Tafur Cagua Jonathan Eduardo', 'http://congresoutlvte.org/facped/Repositorio/Certificados/Estudiantes/', NULL, NULL, NULL, 14, NULL, NULL, NULL, NULL, NULL, NULL, NULL, NULL, NULL, NULL, NULL),
(193, 'ESTC-1055.pdf', 'Tafur Cagua Jonathan Eduardo', 'http://congresoutlvte.org/facped/Repositorio/Certificados/Estudiantes/', NULL, NULL, NULL, 14, NULL, NULL, NULL, NULL, NULL, NULL, NULL, NULL, NULL, NULL, NULL),
(194, 'ESTC-1056.pdf', 'Tafur Portez Fiama Zuleika', 'http://congresoutlvte.org/facped/Repositorio/Certificados/Estudiantes/', NULL, NULL, NULL, 14, NULL, NULL, NULL, NULL, NULL, NULL, NULL, NULL, NULL, NULL, NULL),
(195, 'ESTC-1057.pdf', 'Tapasco Chicaiza Nathalia Andrea', 'http://congresoutlvte.org/facped/Repositorio/Certificados/Estudiantes/', NULL, NULL, NULL, 14, NULL, NULL, NULL, NULL, NULL, NULL, NULL, NULL, NULL, NULL, NULL),
(196, 'ESTC-1058.pdf', 'Tapia Jama Karelis Estefania', 'http://congresoutlvte.org/facped/Repositorio/Certificados/Estudiantes/', NULL, NULL, NULL, 14, NULL, NULL, NULL, NULL, NULL, NULL, NULL, NULL, NULL, NULL, NULL),
(197, 'ESTC-1059.pdf', 'Tapuyo tapuyo Belsy Noelia', 'http://congresoutlvte.org/facped/Repositorio/Certificados/Estudiantes/', NULL, NULL, NULL, 14, NULL, NULL, NULL, NULL, NULL, NULL, NULL, NULL, NULL, NULL, NULL),
(198, 'ESTC-105.pdf', 'GENESIS XIOMARA FRANCO NAZARENO', 'http://congresoutlvte.org/facped/Repositorio/Certificados/Estudiantes/', NULL, NULL, NULL, 14, NULL, NULL, NULL, NULL, NULL, NULL, NULL, NULL, NULL, NULL, NULL),
(199, 'ESTC-1060.pdf', 'Tello Parrales Kevin Daniel', 'http://congresoutlvte.org/facped/Repositorio/Certificados/Estudiantes/', NULL, NULL, NULL, 14, NULL, NULL, NULL, NULL, NULL, NULL, NULL, NULL, NULL, NULL, NULL),
(200, 'ESTC-1061.pdf', 'Tenorio Arauz Pierina Esperanza', 'http://congresoutlvte.org/facped/Repositorio/Certificados/Estudiantes/', NULL, NULL, NULL, 14, NULL, NULL, NULL, NULL, NULL, NULL, NULL, NULL, NULL, NULL, NULL),
(201, 'ESTC-1062.pdf', 'Tenorio Ayov Tamara Dayanna', 'http://congresoutlvte.org/facped/Repositorio/Certificados/Estudiantes/', NULL, NULL, NULL, 14, NULL, NULL, NULL, NULL, NULL, NULL, NULL, NULL, NULL, NULL, NULL),
(202, 'ESTC-1063.pdf', 'TENORIO BURGUEZ MARIA ELENA', 'http://congresoutlvte.org/facped/Repositorio/Certificados/Estudiantes/', NULL, NULL, NULL, 14, NULL, NULL, NULL, NULL, NULL, NULL, NULL, NULL, NULL, NULL, NULL),
(203, 'ESTC-1064.pdf', 'Tenorio Cabezas Andrea Nicole', 'http://congresoutlvte.org/facped/Repositorio/Certificados/Estudiantes/', NULL, NULL, NULL, 14, NULL, NULL, NULL, NULL, NULL, NULL, NULL, NULL, NULL, NULL, NULL),
(204, 'ESTC-1065.pdf', 'Tenorio Carvajal Angely karoly', 'http://congresoutlvte.org/facped/Repositorio/Certificados/Estudiantes/', NULL, NULL, NULL, 14, NULL, NULL, NULL, NULL, NULL, NULL, NULL, NULL, NULL, NULL, NULL),
(205, 'ESTC-1066.pdf', 'Tenorio Godoy Andrea Paola', 'http://congresoutlvte.org/facped/Repositorio/Certificados/Estudiantes/', NULL, NULL, NULL, 14, NULL, NULL, NULL, NULL, NULL, NULL, NULL, NULL, NULL, NULL, NULL),
(206, 'ESTC-1067.pdf', 'Tenorio Maldonado Fanny Jacqueline', 'http://congresoutlvte.org/facped/Repositorio/Certificados/Estudiantes/', NULL, NULL, NULL, 14, NULL, NULL, NULL, NULL, NULL, NULL, NULL, NULL, NULL, NULL, NULL),
(207, 'ESTC-1068.pdf', 'Tenorio Mina Jennily Juleidy', 'http://congresoutlvte.org/facped/Repositorio/Certificados/Estudiantes/', NULL, NULL, NULL, 14, NULL, NULL, NULL, NULL, NULL, NULL, NULL, NULL, NULL, NULL, NULL),
(208, 'ESTC-1069.pdf', 'Tenorio Orejuela Ana Karen', 'http://congresoutlvte.org/facped/Repositorio/Certificados/Estudiantes/', NULL, NULL, NULL, 14, NULL, NULL, NULL, NULL, NULL, NULL, NULL, NULL, NULL, NULL, NULL),
(209, 'ESTC-106.pdf', 'LIDIA ALEXANDRA RODRIGUEZ', 'http://congresoutlvte.org/facped/Repositorio/Certificados/Estudiantes/', NULL, NULL, NULL, 14, NULL, NULL, NULL, NULL, NULL, NULL, NULL, NULL, NULL, NULL, NULL),
(210, 'ESTC-1070.pdf', 'Tenorio Tenorio Maydana Xiomara', 'http://congresoutlvte.org/facped/Repositorio/Certificados/Estudiantes/', NULL, NULL, NULL, 14, NULL, NULL, NULL, NULL, NULL, NULL, NULL, NULL, NULL, NULL, NULL),
(211, 'ESTC-1071.pdf', 'tenorio vaca maria jose', 'http://congresoutlvte.org/facped/Repositorio/Certificados/Estudiantes/', NULL, NULL, NULL, 14, NULL, NULL, NULL, NULL, NULL, NULL, NULL, NULL, NULL, NULL, NULL),
(212, 'ESTC-1072.pdf', 'Thais Daniela Borja Ballesteros', 'http://congresoutlvte.org/facped/Repositorio/Certificados/Estudiantes/', NULL, NULL, NULL, 14, NULL, NULL, NULL, NULL, NULL, NULL, NULL, NULL, NULL, NULL, NULL),
(213, 'ESTC-1073.pdf', 'Thais Juliana benalcazar Pastrana', 'http://congresoutlvte.org/facped/Repositorio/Certificados/Estudiantes/', NULL, NULL, NULL, 14, NULL, NULL, NULL, NULL, NULL, NULL, NULL, NULL, NULL, NULL, NULL),
(214, 'ESTC-1074.pdf', 'Tierra Guzman Noem Carolina', 'http://congresoutlvte.org/facped/Repositorio/Certificados/Estudiantes/', NULL, NULL, NULL, 14, NULL, NULL, NULL, NULL, NULL, NULL, NULL, NULL, NULL, NULL, NULL),
(215, 'ESTC-1075.pdf', 'Tobar Ortiz Stefania Nicole', 'http://congresoutlvte.org/facped/Repositorio/Certificados/Estudiantes/', NULL, NULL, NULL, 14, NULL, NULL, NULL, NULL, NULL, NULL, NULL, NULL, NULL, NULL, NULL),
(216, 'ESTC-1076.pdf', 'Tocagn Tabango Lady Marilyn', 'http://congresoutlvte.org/facped/Repositorio/Certificados/Estudiantes/', NULL, NULL, NULL, 14, NULL, NULL, NULL, NULL, NULL, NULL, NULL, NULL, NULL, NULL, NULL),
(217, 'ESTC-1077.pdf', 'Tofio Alvares Ronmy Vanessa', 'http://congresoutlvte.org/facped/Repositorio/Certificados/Estudiantes/', NULL, NULL, NULL, 14, NULL, NULL, NULL, NULL, NULL, NULL, NULL, NULL, NULL, NULL, NULL),
(218, 'ESTC-1078.pdf', 'Toral Bailon Victoria Mariela', 'http://congresoutlvte.org/facped/Repositorio/Certificados/Estudiantes/', NULL, NULL, NULL, 14, NULL, NULL, NULL, NULL, NULL, NULL, NULL, NULL, NULL, NULL, NULL),
(219, 'ESTC-1079.pdf', 'TORRES CHILA DALILA TAHIRONA', 'http://congresoutlvte.org/facped/Repositorio/Certificados/Estudiantes/', NULL, NULL, NULL, 14, NULL, NULL, NULL, NULL, NULL, NULL, NULL, NULL, NULL, NULL, NULL),
(220, 'ESTC-107.pdf', 'NICOL MADELEIS PATA COLOBON', 'http://congresoutlvte.org/facped/Repositorio/Certificados/Estudiantes/', NULL, NULL, NULL, 14, NULL, NULL, NULL, NULL, NULL, NULL, NULL, NULL, NULL, NULL, NULL),
(221, 'ESTC-1080.pdf', 'Torres Ibarbo Jenniffer Leila', 'http://congresoutlvte.org/facped/Repositorio/Certificados/Estudiantes/', NULL, NULL, NULL, 14, NULL, NULL, NULL, NULL, NULL, NULL, NULL, NULL, NULL, NULL, NULL);
INSERT INTO `certificado` (`idcertificado`, `archivo`, `propietario`, `ubicacion`, `evento`, `idevento`, `iddocumento`, `idtipodocu`, `posi_nomb_x`, `posi_nomb_y`, `ancho_x`, `alto_y`, `posi_fecha_x`, `posi_fecha_y`, `posi_codigo_x`, `posi_codigo_y`, `correohead`, `correofoot`, `correosubject`) VALUES
(222, 'ESTC-1081.pdf', 'Torres Ibarbo Jenniffer Leila', 'http://congresoutlvte.org/facped/Repositorio/Certificados/Estudiantes/', NULL, NULL, NULL, 14, NULL, NULL, NULL, NULL, NULL, NULL, NULL, NULL, NULL, NULL, NULL),
(223, 'ESTC-1082.pdf', 'Torres Quionez Dayana elizabeth', 'http://congresoutlvte.org/facped/Repositorio/Certificados/Estudiantes/', NULL, NULL, NULL, 14, NULL, NULL, NULL, NULL, NULL, NULL, NULL, NULL, NULL, NULL, NULL),
(224, 'ESTC-1083.pdf', 'Torres Reina Anthony Alexander', 'http://congresoutlvte.org/facped/Repositorio/Certificados/Estudiantes/', NULL, NULL, NULL, 14, NULL, NULL, NULL, NULL, NULL, NULL, NULL, NULL, NULL, NULL, NULL),
(225, 'ESTC-1084.pdf', 'TORRES TREJO MARIA PAULINA', 'http://congresoutlvte.org/facped/Repositorio/Certificados/Estudiantes/', NULL, NULL, NULL, 14, NULL, NULL, NULL, NULL, NULL, NULL, NULL, NULL, NULL, NULL, NULL),
(226, 'ESTC-1085.pdf', 'TORRES TREJO MARIA PAULINA', 'http://congresoutlvte.org/facped/Repositorio/Certificados/Estudiantes/', NULL, NULL, NULL, 14, NULL, NULL, NULL, NULL, NULL, NULL, NULL, NULL, NULL, NULL, NULL),
(227, 'ESTC-1086.pdf', 'Trejo Moreira Denisse Mariuxi', 'http://congresoutlvte.org/facped/Repositorio/Certificados/Estudiantes/', NULL, NULL, NULL, 14, NULL, NULL, NULL, NULL, NULL, NULL, NULL, NULL, NULL, NULL, NULL),
(228, 'ESTC-1087.pdf', 'Trejo perea yanela', 'http://congresoutlvte.org/facped/Repositorio/Certificados/Estudiantes/', NULL, NULL, NULL, 14, NULL, NULL, NULL, NULL, NULL, NULL, NULL, NULL, NULL, NULL, NULL),
(229, 'ESTC-1088.pdf', 'Triana Vera Dayanna Verenisse', 'http://congresoutlvte.org/facped/Repositorio/Certificados/Estudiantes/', NULL, NULL, NULL, 14, NULL, NULL, NULL, NULL, NULL, NULL, NULL, NULL, NULL, NULL, NULL),
(230, 'ESTC-1089.pdf', 'TRUJILLO ACEVEDO KARLA ARIANA', 'http://congresoutlvte.org/facped/Repositorio/Certificados/Estudiantes/', NULL, NULL, NULL, 14, NULL, NULL, NULL, NULL, NULL, NULL, NULL, NULL, NULL, NULL, NULL),
(231, 'ESTC-108.pdf', 'ALEXANDRA GASPAR CABEZA', 'http://congresoutlvte.org/facped/Repositorio/Certificados/Estudiantes/', NULL, NULL, NULL, 14, NULL, NULL, NULL, NULL, NULL, NULL, NULL, NULL, NULL, NULL, NULL),
(232, 'ESTC-1090.pdf', 'Trujillo Delgado Corina Elizabeth', 'http://congresoutlvte.org/facped/Repositorio/Certificados/Estudiantes/', NULL, NULL, NULL, 14, NULL, NULL, NULL, NULL, NULL, NULL, NULL, NULL, NULL, NULL, NULL),
(233, 'ESTC-1091.pdf', 'Tuares Moreira Erick Francisco', 'http://congresoutlvte.org/facped/Repositorio/Certificados/Estudiantes/', NULL, NULL, NULL, 14, NULL, NULL, NULL, NULL, NULL, NULL, NULL, NULL, NULL, NULL, NULL),
(234, 'ESTC-1092.pdf', 'Tufio Gmez Liner Solanda', 'http://congresoutlvte.org/facped/Repositorio/Certificados/Estudiantes/', NULL, NULL, NULL, 14, NULL, NULL, NULL, NULL, NULL, NULL, NULL, NULL, NULL, NULL, NULL),
(235, 'ESTC-1093.pdf', 'Tufio Mercado Tania Ivonne', 'http://congresoutlvte.org/facped/Repositorio/Certificados/Estudiantes/', NULL, NULL, NULL, 14, NULL, NULL, NULL, NULL, NULL, NULL, NULL, NULL, NULL, NULL, NULL),
(236, 'ESTC-1094.pdf', 'Uglade Casquete Klerida Isabel', 'http://congresoutlvte.org/facped/Repositorio/Certificados/Estudiantes/', NULL, NULL, NULL, 14, NULL, NULL, NULL, NULL, NULL, NULL, NULL, NULL, NULL, NULL, NULL),
(237, 'ESTC-1095.pdf', 'Ulloa Lemos Joel Enrique', 'http://congresoutlvte.org/facped/Repositorio/Certificados/Estudiantes/', NULL, NULL, NULL, 14, NULL, NULL, NULL, NULL, NULL, NULL, NULL, NULL, NULL, NULL, NULL),
(238, 'ESTC-1096.pdf', 'Urea Chila Claudia', 'http://congresoutlvte.org/facped/Repositorio/Certificados/Estudiantes/', NULL, NULL, NULL, 14, NULL, NULL, NULL, NULL, NULL, NULL, NULL, NULL, NULL, NULL, NULL),
(239, 'ESTC-1097.pdf', 'Vaca Cepeda Johnny Nivaldo', 'http://congresoutlvte.org/facped/Repositorio/Certificados/Estudiantes/', NULL, NULL, NULL, 14, NULL, NULL, NULL, NULL, NULL, NULL, NULL, NULL, NULL, NULL, NULL),
(240, 'ESTC-1098.pdf', 'Valdez Hurtado Mirna Fanny', 'http://congresoutlvte.org/facped/Repositorio/Certificados/Estudiantes/', NULL, NULL, NULL, 14, NULL, NULL, NULL, NULL, NULL, NULL, NULL, NULL, NULL, NULL, NULL),
(241, 'ESTC-1099.pdf', 'Valdivieso Alcivar Jadira Jessenia', 'http://congresoutlvte.org/facped/Repositorio/Certificados/Estudiantes/', NULL, NULL, NULL, 14, NULL, NULL, NULL, NULL, NULL, NULL, NULL, NULL, NULL, NULL, NULL),
(242, 'ESTC-109.pdf', 'ANDREA YOCASTA CIFUENTES CRUEL', 'http://congresoutlvte.org/facped/Repositorio/Certificados/Estudiantes/', NULL, NULL, NULL, 14, NULL, NULL, NULL, NULL, NULL, NULL, NULL, NULL, NULL, NULL, NULL),
(243, 'ESTC-10.pdf', 'ANA QUINDE TARIRA', 'http://congresoutlvte.org/facped/Repositorio/Certificados/Estudiantes/', NULL, NULL, NULL, 14, NULL, NULL, NULL, NULL, NULL, NULL, NULL, NULL, NULL, NULL, NULL),
(244, 'ESTC-1100.pdf', 'valencia angulo paola katherine', 'http://congresoutlvte.org/facped/Repositorio/Certificados/Estudiantes/', NULL, NULL, NULL, 14, NULL, NULL, NULL, NULL, NULL, NULL, NULL, NULL, NULL, NULL, NULL),
(245, 'ESTC-1101.pdf', 'Valencia Ayovi Jenny Estefania', 'http://congresoutlvte.org/facped/Repositorio/Certificados/Estudiantes/', NULL, NULL, NULL, 14, NULL, NULL, NULL, NULL, NULL, NULL, NULL, NULL, NULL, NULL, NULL),
(246, 'ESTC-1102.pdf', 'Valencia Ballestero Landy Rebeca', 'http://congresoutlvte.org/facped/Repositorio/Certificados/Estudiantes/', NULL, NULL, NULL, 14, NULL, NULL, NULL, NULL, NULL, NULL, NULL, NULL, NULL, NULL, NULL),
(247, 'ESTC-1103.pdf', 'Valencia Bautista Guadalupe Jineth', 'http://congresoutlvte.org/facped/Repositorio/Certificados/Estudiantes/', NULL, NULL, NULL, 14, NULL, NULL, NULL, NULL, NULL, NULL, NULL, NULL, NULL, NULL, NULL),
(248, 'ESTC-1104.pdf', 'Valencia Klinger Carmen Gabriela', 'http://congresoutlvte.org/facped/Repositorio/Certificados/Estudiantes/', NULL, NULL, NULL, 14, NULL, NULL, NULL, NULL, NULL, NULL, NULL, NULL, NULL, NULL, NULL),
(249, 'ESTC-1105.pdf', 'Valencia Marquez Gemnia anais', 'http://congresoutlvte.org/facped/Repositorio/Certificados/Estudiantes/', NULL, NULL, NULL, 14, NULL, NULL, NULL, NULL, NULL, NULL, NULL, NULL, NULL, NULL, NULL),
(250, 'ESTC-1106.pdf', 'Valencia Martinez Danesis', 'http://congresoutlvte.org/facped/Repositorio/Certificados/Estudiantes/', NULL, NULL, NULL, 14, NULL, NULL, NULL, NULL, NULL, NULL, NULL, NULL, NULL, NULL, NULL),
(251, 'ESTC-1107.pdf', 'Valencia Murillo Paola', 'http://congresoutlvte.org/facped/Repositorio/Certificados/Estudiantes/', NULL, NULL, NULL, 14, NULL, NULL, NULL, NULL, NULL, NULL, NULL, NULL, NULL, NULL, NULL),
(252, 'ESTC-1108.pdf', 'Valencia obando laura elaxandra', 'http://congresoutlvte.org/facped/Repositorio/Certificados/Estudiantes/', NULL, NULL, NULL, 14, NULL, NULL, NULL, NULL, NULL, NULL, NULL, NULL, NULL, NULL, NULL),
(253, 'ESTC-1109.pdf', 'Valencia Ordnez Freddy Roberto', 'http://congresoutlvte.org/facped/Repositorio/Certificados/Estudiantes/', NULL, NULL, NULL, 14, NULL, NULL, NULL, NULL, NULL, NULL, NULL, NULL, NULL, NULL, NULL),
(254, 'ESTC-110.pdf', 'AIDA YOLIMA HERNANDEZ DAVILA', 'http://congresoutlvte.org/facped/Repositorio/Certificados/Estudiantes/', NULL, NULL, NULL, 14, NULL, NULL, NULL, NULL, NULL, NULL, NULL, NULL, NULL, NULL, NULL),
(255, 'ESTC-1110.pdf', 'VALENCIA PINCAY MARIA MARYURI', 'http://congresoutlvte.org/facped/Repositorio/Certificados/Estudiantes/', NULL, NULL, NULL, 14, NULL, NULL, NULL, NULL, NULL, NULL, NULL, NULL, NULL, NULL, NULL),
(256, 'ESTC-1111.pdf', 'Valencia Segura Ivonne Annabell', 'http://congresoutlvte.org/facped/Repositorio/Certificados/Estudiantes/', NULL, NULL, NULL, 14, NULL, NULL, NULL, NULL, NULL, NULL, NULL, NULL, NULL, NULL, NULL),
(257, 'ESTC-1112.pdf', 'Valencia Silva Alison Micaela', 'http://congresoutlvte.org/facped/Repositorio/Certificados/Estudiantes/', NULL, NULL, NULL, 14, NULL, NULL, NULL, NULL, NULL, NULL, NULL, NULL, NULL, NULL, NULL),
(258, 'ESTC-1113.pdf', 'Valencia Sosa Luca Gissela', 'http://congresoutlvte.org/facped/Repositorio/Certificados/Estudiantes/', NULL, NULL, NULL, 14, NULL, NULL, NULL, NULL, NULL, NULL, NULL, NULL, NULL, NULL, NULL),
(259, 'ESTC-1114.pdf', 'Valencia Vernaza Celia Fernanda', 'http://congresoutlvte.org/facped/Repositorio/Certificados/Estudiantes/', NULL, NULL, NULL, 14, NULL, NULL, NULL, NULL, NULL, NULL, NULL, NULL, NULL, NULL, NULL),
(260, 'ESTC-1115.pdf', 'Valery Dayuma Acosta Olaves', 'http://congresoutlvte.org/facped/Repositorio/Certificados/Estudiantes/', NULL, NULL, NULL, 14, NULL, NULL, NULL, NULL, NULL, NULL, NULL, NULL, NULL, NULL, NULL),
(261, 'ESTC-1116.pdf', 'VALLADARES LOPEZ NATHALYA CARMEN', 'http://congresoutlvte.org/facped/Repositorio/Certificados/Estudiantes/', NULL, NULL, NULL, 14, NULL, NULL, NULL, NULL, NULL, NULL, NULL, NULL, NULL, NULL, NULL),
(262, 'ESTC-1117.pdf', 'Vallecilla Mosquera Andrea Liliana', 'http://congresoutlvte.org/facped/Repositorio/Certificados/Estudiantes/', NULL, NULL, NULL, 14, NULL, NULL, NULL, NULL, NULL, NULL, NULL, NULL, NULL, NULL, NULL),
(263, 'ESTC-1118.pdf', 'VALLEJO ESPINOZA JENNY DEL PILAR', 'http://congresoutlvte.org/facped/Repositorio/Certificados/Estudiantes/', NULL, NULL, NULL, 14, NULL, NULL, NULL, NULL, NULL, NULL, NULL, NULL, NULL, NULL, NULL),
(264, 'ESTC-1119.pdf', 'Valverde Gonzles Gissella Estefania', 'http://congresoutlvte.org/facped/Repositorio/Certificados/Estudiantes/', NULL, NULL, NULL, 14, NULL, NULL, NULL, NULL, NULL, NULL, NULL, NULL, NULL, NULL, NULL),
(265, 'ESTC-111.pdf', 'JACQUELINE JANETH ARAUJO SAAVEDRA', 'http://congresoutlvte.org/facped/Repositorio/Certificados/Estudiantes/', NULL, NULL, NULL, 14, NULL, NULL, NULL, NULL, NULL, NULL, NULL, NULL, NULL, NULL, NULL),
(266, 'ESTC-1120.pdf', 'Vanessa Elena Mora GUAGUA', 'http://congresoutlvte.org/facped/Repositorio/Certificados/Estudiantes/', NULL, NULL, NULL, 14, NULL, NULL, NULL, NULL, NULL, NULL, NULL, NULL, NULL, NULL, NULL),
(267, 'ESTC-1121.pdf', 'VARGAS CEDENO GENESIS IRENE', 'http://congresoutlvte.org/facped/Repositorio/Certificados/Estudiantes/', NULL, NULL, NULL, 14, NULL, NULL, NULL, NULL, NULL, NULL, NULL, NULL, NULL, NULL, NULL),
(268, 'ESTC-1122.pdf', 'Vargas Torres Katherine Estefania', 'http://congresoutlvte.org/facped/Repositorio/Certificados/Estudiantes/', NULL, NULL, NULL, 14, NULL, NULL, NULL, NULL, NULL, NULL, NULL, NULL, NULL, NULL, NULL),
(269, 'ESTC-1123.pdf', 'Vsquez Quionez Alba Elvira', 'http://congresoutlvte.org/facped/Repositorio/Certificados/Estudiantes/', NULL, NULL, NULL, 14, NULL, NULL, NULL, NULL, NULL, NULL, NULL, NULL, NULL, NULL, NULL),
(270, 'ESTC-1124.pdf', 'Velasco Bailon Estefania Juliana', 'http://congresoutlvte.org/facped/Repositorio/Certificados/Estudiantes/', NULL, NULL, NULL, 14, NULL, NULL, NULL, NULL, NULL, NULL, NULL, NULL, NULL, NULL, NULL),
(271, 'ESTC-1125.pdf', 'Velasco Garcia Caroline Neyla', 'http://congresoutlvte.org/facped/Repositorio/Certificados/Estudiantes/', NULL, NULL, NULL, 14, NULL, NULL, NULL, NULL, NULL, NULL, NULL, NULL, NULL, NULL, NULL),
(272, 'ESTC-1126.pdf', 'Velasco Ortiz Liz Andreina', 'http://congresoutlvte.org/facped/Repositorio/Certificados/Estudiantes/', NULL, NULL, NULL, 14, NULL, NULL, NULL, NULL, NULL, NULL, NULL, NULL, NULL, NULL, NULL),
(273, 'ESTC-1127.pdf', 'Velsquez Meza Juan Diego', 'http://congresoutlvte.org/facped/Repositorio/Certificados/Estudiantes/', NULL, NULL, NULL, 14, NULL, NULL, NULL, NULL, NULL, NULL, NULL, NULL, NULL, NULL, NULL),
(274, 'ESTC-1128.pdf', 'Vlez Mendoza Neiva Katherine', 'http://congresoutlvte.org/facped/Repositorio/Certificados/Estudiantes/', NULL, NULL, NULL, 14, NULL, NULL, NULL, NULL, NULL, NULL, NULL, NULL, NULL, NULL, NULL),
(275, 'ESTC-1129.pdf', 'Ver Batioja Lisette Johanna', 'http://congresoutlvte.org/facped/Repositorio/Certificados/Estudiantes/', NULL, NULL, NULL, 14, NULL, NULL, NULL, NULL, NULL, NULL, NULL, NULL, NULL, NULL, NULL),
(276, 'ESTC-112.pdf', 'MARIA CRISTINA VERGARA SANTO', 'http://congresoutlvte.org/facped/Repositorio/Certificados/Estudiantes/', NULL, NULL, NULL, 14, NULL, NULL, NULL, NULL, NULL, NULL, NULL, NULL, NULL, NULL, NULL),
(277, 'ESTC-1130.pdf', 'Vera Casierra Nancy Jomaira', 'http://congresoutlvte.org/facped/Repositorio/Certificados/Estudiantes/', NULL, NULL, NULL, 14, NULL, NULL, NULL, NULL, NULL, NULL, NULL, NULL, NULL, NULL, NULL),
(278, 'ESTC-1131.pdf', 'Vera Faras Diana Cecilia', 'http://congresoutlvte.org/facped/Repositorio/Certificados/Estudiantes/', NULL, NULL, NULL, 14, NULL, NULL, NULL, NULL, NULL, NULL, NULL, NULL, NULL, NULL, NULL),
(279, 'ESTC-1132.pdf', 'Vera Ferrin Dixiana Maribel', 'http://congresoutlvte.org/facped/Repositorio/Certificados/Estudiantes/', NULL, NULL, NULL, 14, NULL, NULL, NULL, NULL, NULL, NULL, NULL, NULL, NULL, NULL, NULL),
(280, 'ESTC-1133.pdf', 'Vera Peaherrera Jomayra Cecibel', 'http://congresoutlvte.org/facped/Repositorio/Certificados/Estudiantes/', NULL, NULL, NULL, 14, NULL, NULL, NULL, NULL, NULL, NULL, NULL, NULL, NULL, NULL, NULL),
(281, 'ESTC-1134.pdf', 'Vera Quiones Ana Piedad', 'http://congresoutlvte.org/facped/Repositorio/Certificados/Estudiantes/', NULL, NULL, NULL, 14, NULL, NULL, NULL, NULL, NULL, NULL, NULL, NULL, NULL, NULL, NULL),
(282, 'ESTC-1135.pdf', 'Vera Rubio Eduardo', 'http://congresoutlvte.org/facped/Repositorio/Certificados/Estudiantes/', NULL, NULL, NULL, 14, NULL, NULL, NULL, NULL, NULL, NULL, NULL, NULL, NULL, NULL, NULL),
(283, 'ESTC-1136.pdf', 'Verduga Vera Virginia Viviana', 'http://congresoutlvte.org/facped/Repositorio/Certificados/Estudiantes/', NULL, NULL, NULL, 14, NULL, NULL, NULL, NULL, NULL, NULL, NULL, NULL, NULL, NULL, NULL),
(284, 'ESTC-1137.pdf', 'Vergara Merlin Mara Jos', 'http://congresoutlvte.org/facped/Repositorio/Certificados/Estudiantes/', NULL, NULL, NULL, 14, NULL, NULL, NULL, NULL, NULL, NULL, NULL, NULL, NULL, NULL, NULL),
(285, 'ESTC-1138.pdf', 'Vergara Merlin Mara Lastenia', 'http://congresoutlvte.org/facped/Repositorio/Certificados/Estudiantes/', NULL, NULL, NULL, 14, NULL, NULL, NULL, NULL, NULL, NULL, NULL, NULL, NULL, NULL, NULL),
(286, 'ESTC-1139.pdf', 'Vergara santos Mara Cristina', 'http://congresoutlvte.org/facped/Repositorio/Certificados/Estudiantes/', NULL, NULL, NULL, 14, NULL, NULL, NULL, NULL, NULL, NULL, NULL, NULL, NULL, NULL, NULL),
(287, 'ESTC-113.pdf', 'JACKSON AYTON BAGUI', 'http://congresoutlvte.org/facped/Repositorio/Certificados/Estudiantes/', NULL, NULL, NULL, 14, NULL, NULL, NULL, NULL, NULL, NULL, NULL, NULL, NULL, NULL, NULL),
(288, 'ESTC-1140.pdf', 'Vergara santos Mara Cristina', 'http://congresoutlvte.org/facped/Repositorio/Certificados/Estudiantes/', NULL, NULL, NULL, 14, NULL, NULL, NULL, NULL, NULL, NULL, NULL, NULL, NULL, NULL, NULL),
(289, 'ESTC-1141.pdf', 'Vernaza Arroyo Mariuxi Izabel', 'http://congresoutlvte.org/facped/Repositorio/Certificados/Estudiantes/', NULL, NULL, NULL, 14, NULL, NULL, NULL, NULL, NULL, NULL, NULL, NULL, NULL, NULL, NULL),
(290, 'ESTC-1142.pdf', 'Vernaza monroy patricia marlene', 'http://congresoutlvte.org/facped/Repositorio/Certificados/Estudiantes/', NULL, NULL, NULL, 14, NULL, NULL, NULL, NULL, NULL, NULL, NULL, NULL, NULL, NULL, NULL),
(291, 'ESTC-1143.pdf', 'Vernaza Padilla Dayra Dayana', 'http://congresoutlvte.org/facped/Repositorio/Certificados/Estudiantes/', NULL, NULL, NULL, 14, NULL, NULL, NULL, NULL, NULL, NULL, NULL, NULL, NULL, NULL, NULL),
(292, 'ESTC-1144.pdf', 'Victoria Geovanna Vera Angulo', 'http://congresoutlvte.org/facped/Repositorio/Certificados/Estudiantes/', NULL, NULL, NULL, 14, NULL, NULL, NULL, NULL, NULL, NULL, NULL, NULL, NULL, NULL, NULL),
(293, 'ESTC-1145.pdf', 'Vilela Figueroa nimia yolanda', 'http://congresoutlvte.org/facped/Repositorio/Certificados/Estudiantes/', NULL, NULL, NULL, 14, NULL, NULL, NULL, NULL, NULL, NULL, NULL, NULL, NULL, NULL, NULL),
(294, 'ESTC-1146.pdf', 'villacis santana betsy abigail', 'http://congresoutlvte.org/facped/Repositorio/Certificados/Estudiantes/', NULL, NULL, NULL, 14, NULL, NULL, NULL, NULL, NULL, NULL, NULL, NULL, NULL, NULL, NULL),
(295, 'ESTC-1147.pdf', 'Villalba Lara Rosa Mara', 'http://congresoutlvte.org/facped/Repositorio/Certificados/Estudiantes/', NULL, NULL, NULL, 14, NULL, NULL, NULL, NULL, NULL, NULL, NULL, NULL, NULL, NULL, NULL),
(296, 'ESTC-1148.pdf', 'Villamar Sanchez Mercedes Dioselina', 'http://congresoutlvte.org/facped/Repositorio/Certificados/Estudiantes/', NULL, NULL, NULL, 14, NULL, NULL, NULL, NULL, NULL, NULL, NULL, NULL, NULL, NULL, NULL),
(297, 'ESTC-1149.pdf', 'villamarin Intriago Silvia Eugenia', 'http://congresoutlvte.org/facped/Repositorio/Certificados/Estudiantes/', NULL, NULL, NULL, 14, NULL, NULL, NULL, NULL, NULL, NULL, NULL, NULL, NULL, NULL, NULL),
(298, 'ESTC-114.pdf', 'COSME SALVADOR RAMIREZ DUEAS', 'http://congresoutlvte.org/facped/Repositorio/Certificados/Estudiantes/', NULL, NULL, NULL, 14, NULL, NULL, NULL, NULL, NULL, NULL, NULL, NULL, NULL, NULL, NULL),
(299, 'ESTC-1150.pdf', 'Villarreal Ortega Carla Anah', 'http://congresoutlvte.org/facped/Repositorio/Certificados/Estudiantes/', NULL, NULL, NULL, 14, NULL, NULL, NULL, NULL, NULL, NULL, NULL, NULL, NULL, NULL, NULL),
(300, 'ESTC-1151.pdf', 'Vinicio Miguel Vera Bone', 'http://congresoutlvte.org/facped/Repositorio/Certificados/Estudiantes/', NULL, NULL, NULL, 14, NULL, NULL, NULL, NULL, NULL, NULL, NULL, NULL, NULL, NULL, NULL),
(301, 'ESTC-1152.pdf', 'VINUEZA OLMEDO EVELYN ANDREA', 'http://congresoutlvte.org/facped/Repositorio/Certificados/Estudiantes/', NULL, NULL, NULL, 14, NULL, NULL, NULL, NULL, NULL, NULL, NULL, NULL, NULL, NULL, NULL),
(302, 'ESTC-1153.pdf', 'Vivas Quiroz Genesis Morelia', 'http://congresoutlvte.org/facped/Repositorio/Certificados/Estudiantes/', NULL, NULL, NULL, 14, NULL, NULL, NULL, NULL, NULL, NULL, NULL, NULL, NULL, NULL, NULL),
(303, 'ESTC-1154.pdf', 'Vivero Padilla Ana Rosmery', 'http://congresoutlvte.org/facped/Repositorio/Certificados/Estudiantes/', NULL, NULL, NULL, 14, NULL, NULL, NULL, NULL, NULL, NULL, NULL, NULL, NULL, NULL, NULL),
(304, 'ESTC-1155.pdf', 'Vivero Velasco Yanina', 'http://congresoutlvte.org/facped/Repositorio/Certificados/Estudiantes/', NULL, NULL, NULL, 14, NULL, NULL, NULL, NULL, NULL, NULL, NULL, NULL, NULL, NULL, NULL),
(305, 'ESTC-1156.pdf', 'Wila Corozo Karla Lisbeth', 'http://congresoutlvte.org/facped/Repositorio/Certificados/Estudiantes/', NULL, NULL, NULL, 14, NULL, NULL, NULL, NULL, NULL, NULL, NULL, NULL, NULL, NULL, NULL),
(306, 'ESTC-1157.pdf', 'Wila Rodriguez Graciela Thais', 'http://congresoutlvte.org/facped/Repositorio/Certificados/Estudiantes/', NULL, NULL, NULL, 14, NULL, NULL, NULL, NULL, NULL, NULL, NULL, NULL, NULL, NULL, NULL),
(307, 'ESTC-1158.pdf', 'Yaguana Sarango Selena Margoth', 'http://congresoutlvte.org/facped/Repositorio/Certificados/Estudiantes/', NULL, NULL, NULL, 14, NULL, NULL, NULL, NULL, NULL, NULL, NULL, NULL, NULL, NULL, NULL),
(308, 'ESTC-1159.pdf', 'Yaguana Sarango Valeria Estefania', 'http://congresoutlvte.org/facped/Repositorio/Certificados/Estudiantes/', NULL, NULL, NULL, 14, NULL, NULL, NULL, NULL, NULL, NULL, NULL, NULL, NULL, NULL, NULL),
(309, 'ESTC-115.pdf', 'JAHAYRA VERONICA PARCO PAUCAR', 'http://congresoutlvte.org/facped/Repositorio/Certificados/Estudiantes/', NULL, NULL, NULL, 14, NULL, NULL, NULL, NULL, NULL, NULL, NULL, NULL, NULL, NULL, NULL),
(310, 'ESTC-1160.pdf', 'Yandry Javier Ruiz Castillo', 'http://congresoutlvte.org/facped/Repositorio/Certificados/Estudiantes/', NULL, NULL, NULL, 14, NULL, NULL, NULL, NULL, NULL, NULL, NULL, NULL, NULL, NULL, NULL),
(311, 'ESTC-1161.pdf', 'Yanez franco evelyn andrea', 'http://congresoutlvte.org/facped/Repositorio/Certificados/Estudiantes/', NULL, NULL, NULL, 14, NULL, NULL, NULL, NULL, NULL, NULL, NULL, NULL, NULL, NULL, NULL),
(312, 'ESTC-1162.pdf', 'Yanza Maza Fernanda', 'http://congresoutlvte.org/facped/Repositorio/Certificados/Estudiantes/', NULL, NULL, NULL, 14, NULL, NULL, NULL, NULL, NULL, NULL, NULL, NULL, NULL, NULL, NULL),
(313, 'ESTC-1163.pdf', 'Ypez Gonzlez Erika', 'http://congresoutlvte.org/facped/Repositorio/Certificados/Estudiantes/', NULL, NULL, NULL, 14, NULL, NULL, NULL, NULL, NULL, NULL, NULL, NULL, NULL, NULL, NULL),
(314, 'ESTC-1164.pdf', 'Yuly Tatiana Aapa San Nicolas', 'http://congresoutlvte.org/facped/Repositorio/Certificados/Estudiantes/', NULL, NULL, NULL, 14, NULL, NULL, NULL, NULL, NULL, NULL, NULL, NULL, NULL, NULL, NULL),
(315, 'ESTC-1165.pdf', 'zambrano angulo bethsaira lilibeth', 'http://congresoutlvte.org/facped/Repositorio/Certificados/Estudiantes/', NULL, NULL, NULL, 14, NULL, NULL, NULL, NULL, NULL, NULL, NULL, NULL, NULL, NULL, NULL),
(316, 'ESTC-1166.pdf', 'Zambrano Benites Betsy Mayra', 'http://congresoutlvte.org/facped/Repositorio/Certificados/Estudiantes/', NULL, NULL, NULL, 14, NULL, NULL, NULL, NULL, NULL, NULL, NULL, NULL, NULL, NULL, NULL),
(317, 'ESTC-1167.pdf', 'Zambrano Chila Anglica Alexandra', 'http://congresoutlvte.org/facped/Repositorio/Certificados/Estudiantes/', NULL, NULL, NULL, 14, NULL, NULL, NULL, NULL, NULL, NULL, NULL, NULL, NULL, NULL, NULL),
(318, 'ESTC-1168.pdf', 'Zambrano Meja Andrea Stefania', 'http://congresoutlvte.org/facped/Repositorio/Certificados/Estudiantes/', NULL, NULL, NULL, 14, NULL, NULL, NULL, NULL, NULL, NULL, NULL, NULL, NULL, NULL, NULL),
(319, 'ESTC-1169.pdf', 'Zambrano Moncayo Shirley Mailyn', 'http://congresoutlvte.org/facped/Repositorio/Certificados/Estudiantes/', NULL, NULL, NULL, 14, NULL, NULL, NULL, NULL, NULL, NULL, NULL, NULL, NULL, NULL, NULL),
(320, 'ESTC-116.pdf', 'JESSICA ZENEIDA SANDOVAL SANDOVAL', 'http://congresoutlvte.org/facped/Repositorio/Certificados/Estudiantes/', NULL, NULL, NULL, 14, NULL, NULL, NULL, NULL, NULL, NULL, NULL, NULL, NULL, NULL, NULL),
(321, 'ESTC-1170.pdf', 'ZAMBRANO PUJOS NATHALY ESTEFANIA', 'http://congresoutlvte.org/facped/Repositorio/Certificados/Estudiantes/', NULL, NULL, NULL, 14, NULL, NULL, NULL, NULL, NULL, NULL, NULL, NULL, NULL, NULL, NULL),
(322, 'ESTC-1171.pdf', 'Zambrano Rivadeneira Angie Melissa', 'http://congresoutlvte.org/facped/Repositorio/Certificados/Estudiantes/', NULL, NULL, NULL, 14, NULL, NULL, NULL, NULL, NULL, NULL, NULL, NULL, NULL, NULL, NULL),
(323, 'ESTC-1172.pdf', 'Zambrano Valencia Melany Denisse', 'http://congresoutlvte.org/facped/Repositorio/Certificados/Estudiantes/', NULL, NULL, NULL, 14, NULL, NULL, NULL, NULL, NULL, NULL, NULL, NULL, NULL, NULL, NULL),
(324, 'ESTC-1173.pdf', 'Zambrano Vlez Damaris Marely', 'http://congresoutlvte.org/facped/Repositorio/Certificados/Estudiantes/', NULL, NULL, NULL, 14, NULL, NULL, NULL, NULL, NULL, NULL, NULL, NULL, NULL, NULL, NULL),
(325, 'ESTC-1174.pdf', 'Zamora Angulo Lisbeth Stefania', 'http://congresoutlvte.org/facped/Repositorio/Certificados/Estudiantes/', NULL, NULL, NULL, 14, NULL, NULL, NULL, NULL, NULL, NULL, NULL, NULL, NULL, NULL, NULL),
(326, 'ESTC-1175.pdf', 'Zamora Valdez Mnica Elizabeth', 'http://congresoutlvte.org/facped/Repositorio/Certificados/Estudiantes/', NULL, NULL, NULL, 14, NULL, NULL, NULL, NULL, NULL, NULL, NULL, NULL, NULL, NULL, NULL),
(327, 'ESTC-1176.pdf', 'ZAMORAANGULO DAYANA JAMILETH', 'http://congresoutlvte.org/facped/Repositorio/Certificados/Estudiantes/', NULL, NULL, NULL, 14, NULL, NULL, NULL, NULL, NULL, NULL, NULL, NULL, NULL, NULL, NULL),
(328, 'ESTC-1177.pdf', 'Zanipatn Erazo Alessia Fabiola', 'http://congresoutlvte.org/facped/Repositorio/Certificados/Estudiantes/', NULL, NULL, NULL, 14, NULL, NULL, NULL, NULL, NULL, NULL, NULL, NULL, NULL, NULL, NULL),
(329, 'ESTC-1178.pdf', 'Zanipatin Melville Nstor Abraham', 'http://congresoutlvte.org/facped/Repositorio/Certificados/Estudiantes/', NULL, NULL, NULL, 14, NULL, NULL, NULL, NULL, NULL, NULL, NULL, NULL, NULL, NULL, NULL),
(330, 'ESTC-117.pdf', 'DORA ILIANA CHEME PEREIRA', 'http://congresoutlvte.org/facped/Repositorio/Certificados/Estudiantes/', NULL, NULL, NULL, 14, NULL, NULL, NULL, NULL, NULL, NULL, NULL, NULL, NULL, NULL, NULL),
(331, 'ESTC-118.pdf', 'LISETTE JOHANNA VERA BATIOJA', 'http://congresoutlvte.org/facped/Repositorio/Certificados/Estudiantes/', NULL, NULL, NULL, 14, NULL, NULL, NULL, NULL, NULL, NULL, NULL, NULL, NULL, NULL, NULL),
(332, 'ESTC-119.pdf', 'MARCIA GIRABEL ALVAREZ QUINTO', 'http://congresoutlvte.org/facped/Repositorio/Certificados/Estudiantes/', NULL, NULL, NULL, 14, NULL, NULL, NULL, NULL, NULL, NULL, NULL, NULL, NULL, NULL, NULL),
(333, 'ESTC-11.pdf', 'PATRICK ESTUPIAN SILVA', 'http://congresoutlvte.org/facped/Repositorio/Certificados/Estudiantes/', NULL, NULL, NULL, 14, NULL, NULL, NULL, NULL, NULL, NULL, NULL, NULL, NULL, NULL, NULL),
(334, 'ESTC-120.pdf', 'EVELYN ANDREA PANEZO MINA', 'http://congresoutlvte.org/facped/Repositorio/Certificados/Estudiantes/', NULL, NULL, NULL, 14, NULL, NULL, NULL, NULL, NULL, NULL, NULL, NULL, NULL, NULL, NULL),
(335, 'ESTC-121.pdf', 'MISCHELLE DAYANA MARCHAN TELLO', 'http://congresoutlvte.org/facped/Repositorio/Certificados/Estudiantes/', NULL, NULL, NULL, 14, NULL, NULL, NULL, NULL, NULL, NULL, NULL, NULL, NULL, NULL, NULL),
(336, 'ESTC-122.pdf', 'PIERINA CELINA QUIONEZ ARBOLEDA', 'http://congresoutlvte.org/facped/Repositorio/Certificados/Estudiantes/', NULL, NULL, NULL, 14, NULL, NULL, NULL, NULL, NULL, NULL, NULL, NULL, NULL, NULL, NULL),
(337, 'ESTC-123.pdf', 'DEYVI PAUL LALEO PARRAGA', 'http://congresoutlvte.org/facped/Repositorio/Certificados/Estudiantes/', NULL, NULL, NULL, 14, NULL, NULL, NULL, NULL, NULL, NULL, NULL, NULL, NULL, NULL, NULL),
(338, 'ESTC-124.pdf', 'ANA KAREN CUERO CORREO', 'http://congresoutlvte.org/facped/Repositorio/Certificados/Estudiantes/', NULL, NULL, NULL, 14, NULL, NULL, NULL, NULL, NULL, NULL, NULL, NULL, NULL, NULL, NULL),
(339, 'ESTC-125.pdf', 'SELENY MODELEY TOALOMBO LPEZ', 'http://congresoutlvte.org/facped/Repositorio/Certificados/Estudiantes/', NULL, NULL, NULL, 14, NULL, NULL, NULL, NULL, NULL, NULL, NULL, NULL, NULL, NULL, NULL),
(340, 'ESTC-126.pdf', 'GERALDINE ROMINA PERA GUTIERREZ', 'http://congresoutlvte.org/facped/Repositorio/Certificados/Estudiantes/', NULL, NULL, NULL, 14, NULL, NULL, NULL, NULL, NULL, NULL, NULL, NULL, NULL, NULL, NULL),
(341, 'ESTC-127.pdf', 'YARITZA ANAIS LEN MORENO', 'http://congresoutlvte.org/facped/Repositorio/Certificados/Estudiantes/', NULL, NULL, NULL, 14, NULL, NULL, NULL, NULL, NULL, NULL, NULL, NULL, NULL, NULL, NULL),
(342, 'ESTC-128.pdf', 'ERIKA THALIA ANGULO LARA', 'http://congresoutlvte.org/facped/Repositorio/Certificados/Estudiantes/', NULL, NULL, NULL, 14, NULL, NULL, NULL, NULL, NULL, NULL, NULL, NULL, NULL, NULL, NULL),
(343, 'ESTC-129.pdf', 'SCARLET JURITZA PRECIADO PEREA', 'http://congresoutlvte.org/facped/Repositorio/Certificados/Estudiantes/', NULL, NULL, NULL, 14, NULL, NULL, NULL, NULL, NULL, NULL, NULL, NULL, NULL, NULL, NULL),
(344, 'ESTC-12.pdf', 'LINA JUDITH MENDOZA PRRAGA', 'http://congresoutlvte.org/facped/Repositorio/Certificados/Estudiantes/', NULL, NULL, NULL, 14, NULL, NULL, NULL, NULL, NULL, NULL, NULL, NULL, NULL, NULL, NULL),
(345, 'ESTC-130.pdf', 'WENDY ELIZABETH VELEZ BETANCOURT', 'http://congresoutlvte.org/facped/Repositorio/Certificados/Estudiantes/', NULL, NULL, NULL, 14, NULL, NULL, NULL, NULL, NULL, NULL, NULL, NULL, NULL, NULL, NULL),
(346, 'ESTC-131.pdf', 'JULIANA MILENA GONZALEZ MERIZALDE', 'http://congresoutlvte.org/facped/Repositorio/Certificados/Estudiantes/', NULL, NULL, NULL, 14, NULL, NULL, NULL, NULL, NULL, NULL, NULL, NULL, NULL, NULL, NULL),
(347, 'ESTC-132.pdf', 'JOSSELIN GIRABEL MINA VALDEZ', 'http://congresoutlvte.org/facped/Repositorio/Certificados/Estudiantes/', NULL, NULL, NULL, 14, NULL, NULL, NULL, NULL, NULL, NULL, NULL, NULL, NULL, NULL, NULL),
(348, 'ESTC-133.pdf', 'HIPOLITO LEONIDAS BUENO CASANOVA', 'http://congresoutlvte.org/facped/Repositorio/Certificados/Estudiantes/', NULL, NULL, NULL, 14, NULL, NULL, NULL, NULL, NULL, NULL, NULL, NULL, NULL, NULL, NULL),
(349, 'ESTC-134.pdf', 'CARLOS ANDRES AYOVI ESTUPIAN', 'http://congresoutlvte.org/facped/Repositorio/Certificados/Estudiantes/', NULL, NULL, NULL, 14, NULL, NULL, NULL, NULL, NULL, NULL, NULL, NULL, NULL, NULL, NULL),
(350, 'ESTC-135.pdf', 'ANYI BRIGETTE GRUEZO ESPINOZA', 'http://congresoutlvte.org/facped/Repositorio/Certificados/Estudiantes/', NULL, NULL, NULL, 14, NULL, NULL, NULL, NULL, NULL, NULL, NULL, NULL, NULL, NULL, NULL),
(351, 'ESTC-136.pdf', 'XIOMARA ALBERTINA SALAZAR REYES', 'http://congresoutlvte.org/facped/Repositorio/Certificados/Estudiantes/', NULL, NULL, NULL, 14, NULL, NULL, NULL, NULL, NULL, NULL, NULL, NULL, NULL, NULL, NULL),
(352, 'ESTC-137.pdf', 'SHADIA LILIBETH SANCHEZ CIFUENTES', 'http://congresoutlvte.org/facped/Repositorio/Certificados/Estudiantes/', NULL, NULL, NULL, 14, NULL, NULL, NULL, NULL, NULL, NULL, NULL, NULL, NULL, NULL, NULL),
(353, 'ESTC-138.pdf', 'ANDREW STEVEN RODRGUEZ ALCIVAR', 'http://congresoutlvte.org/facped/Repositorio/Certificados/Estudiantes/', NULL, NULL, NULL, 14, NULL, NULL, NULL, NULL, NULL, NULL, NULL, NULL, NULL, NULL, NULL),
(354, 'ESTC-139.pdf', 'ALBERTO TAYLOR ROJA VERA', 'http://congresoutlvte.org/facped/Repositorio/Certificados/Estudiantes/', NULL, NULL, NULL, 14, NULL, NULL, NULL, NULL, NULL, NULL, NULL, NULL, NULL, NULL, NULL),
(355, 'ESTC-13.pdf', 'GRACIELA THAIS WILA RODRGUEZ', 'http://congresoutlvte.org/facped/Repositorio/Certificados/Estudiantes/', NULL, NULL, NULL, 14, NULL, NULL, NULL, NULL, NULL, NULL, NULL, NULL, NULL, NULL, NULL),
(356, 'ESTC-140.pdf', 'LEONEL ALEXANDER RODRIGUEZ CHAVEZ', 'http://congresoutlvte.org/facped/Repositorio/Certificados/Estudiantes/', NULL, NULL, NULL, 14, NULL, NULL, NULL, NULL, NULL, NULL, NULL, NULL, NULL, NULL, NULL),
(357, 'ESTC-141.pdf', 'CRISTOPHER JAIRO VARGAS MURILLO', 'http://congresoutlvte.org/facped/Repositorio/Certificados/Estudiantes/', NULL, NULL, NULL, 14, NULL, NULL, NULL, NULL, NULL, NULL, NULL, NULL, NULL, NULL, NULL),
(358, 'ESTC-142.pdf', 'LINDSLEY SONIA ZAMORA', 'http://congresoutlvte.org/facped/Repositorio/Certificados/Estudiantes/', NULL, NULL, NULL, 14, NULL, NULL, NULL, NULL, NULL, NULL, NULL, NULL, NULL, NULL, NULL),
(359, 'ESTC-143.pdf', 'JOSSELIN GIRABEL MINA VALDEZ', 'http://congresoutlvte.org/facped/Repositorio/Certificados/Estudiantes/', NULL, NULL, NULL, 14, NULL, NULL, NULL, NULL, NULL, NULL, NULL, NULL, NULL, NULL, NULL),
(360, 'ESTC-144.pdf', 'KLERIDA ISABEL UGALDE CASQUETE', 'http://congresoutlvte.org/facped/Repositorio/Certificados/Estudiantes/', NULL, NULL, NULL, 14, NULL, NULL, NULL, NULL, NULL, NULL, NULL, NULL, NULL, NULL, NULL),
(361, 'ESTC-145.pdf', 'TAMARA PIERINA COROZO VALDEZ', 'http://congresoutlvte.org/facped/Repositorio/Certificados/Estudiantes/', NULL, NULL, NULL, 14, NULL, NULL, NULL, NULL, NULL, NULL, NULL, NULL, NULL, NULL, NULL),
(362, 'ESTC-146.pdf', 'ANA GENESIS QUIONEZ ORDOEZ', 'http://congresoutlvte.org/facped/Repositorio/Certificados/Estudiantes/', NULL, NULL, NULL, 14, NULL, NULL, NULL, NULL, NULL, NULL, NULL, NULL, NULL, NULL, NULL),
(363, 'ESTC-147.pdf', 'GEANNELLA DESIREE OBANDO GARCIA', 'http://congresoutlvte.org/facped/Repositorio/Certificados/Estudiantes/', NULL, NULL, NULL, 14, NULL, NULL, NULL, NULL, NULL, NULL, NULL, NULL, NULL, NULL, NULL),
(364, 'ESTC-148.pdf', 'NAISHA JAMA SANTIANO', 'http://congresoutlvte.org/facped/Repositorio/Certificados/Estudiantes/', NULL, NULL, NULL, 14, NULL, NULL, NULL, NULL, NULL, NULL, NULL, NULL, NULL, NULL, NULL),
(365, 'ESTC-149.pdf', 'JHONIER ALCIDES VITE PERLAZA', 'http://congresoutlvte.org/facped/Repositorio/Certificados/Estudiantes/', NULL, NULL, NULL, 14, NULL, NULL, NULL, NULL, NULL, NULL, NULL, NULL, NULL, NULL, NULL),
(366, 'ESTC-14.pdf', 'PAOLA GUADALUPE SEVILLA JORDAN', 'http://congresoutlvte.org/facped/Repositorio/Certificados/Estudiantes/', NULL, NULL, NULL, 14, NULL, NULL, NULL, NULL, NULL, NULL, NULL, NULL, NULL, NULL, NULL),
(367, 'ESTC-150.pdf', 'NICOL MARIANA COIME CUERO', 'http://congresoutlvte.org/facped/Repositorio/Certificados/Estudiantes/', NULL, NULL, NULL, 14, NULL, NULL, NULL, NULL, NULL, NULL, NULL, NULL, NULL, NULL, NULL),
(368, 'ESTC-151.pdf', 'HENRRY FABIAN NAZARENO MONTAO', 'http://congresoutlvte.org/facped/Repositorio/Certificados/Estudiantes/', NULL, NULL, NULL, 14, NULL, NULL, NULL, NULL, NULL, NULL, NULL, NULL, NULL, NULL, NULL),
(369, 'ESTC-152.pdf', 'GENESIS IRENE VARGAS CEDEO', 'http://congresoutlvte.org/facped/Repositorio/Certificados/Estudiantes/', NULL, NULL, NULL, 14, NULL, NULL, NULL, NULL, NULL, NULL, NULL, NULL, NULL, NULL, NULL),
(370, 'ESTC-153.pdf', 'HAYDEE COLORADO SALGERO', 'http://congresoutlvte.org/facped/Repositorio/Certificados/Estudiantes/', NULL, NULL, NULL, 14, NULL, NULL, NULL, NULL, NULL, NULL, NULL, NULL, NULL, NULL, NULL),
(371, 'ESTC-154.pdf', 'GENESIS SARAY CORTEZ FALCONI', 'http://congresoutlvte.org/facped/Repositorio/Certificados/Estudiantes/', NULL, NULL, NULL, 14, NULL, NULL, NULL, NULL, NULL, NULL, NULL, NULL, NULL, NULL, NULL),
(372, 'ESTC-155.pdf', 'JORDAN MAUEL TENORIO MARQUEZ', 'http://congresoutlvte.org/facped/Repositorio/Certificados/Estudiantes/', NULL, NULL, NULL, 14, NULL, NULL, NULL, NULL, NULL, NULL, NULL, NULL, NULL, NULL, NULL),
(373, 'ESTC-156.pdf', 'CARLA BRILLITTE CUERO COROZO', 'http://congresoutlvte.org/facped/Repositorio/Certificados/Estudiantes/', NULL, NULL, NULL, 14, NULL, NULL, NULL, NULL, NULL, NULL, NULL, NULL, NULL, NULL, NULL),
(374, 'ESTC-157.pdf', 'JEFFERSON BENITEZ BENITEZ', 'http://congresoutlvte.org/facped/Repositorio/Certificados/Estudiantes/', NULL, NULL, NULL, 14, NULL, NULL, NULL, NULL, NULL, NULL, NULL, NULL, NULL, NULL, NULL),
(375, 'ESTC-158.pdf', 'MARIA LEIDYS ANGULO GRUEZO', 'http://congresoutlvte.org/facped/Repositorio/Certificados/Estudiantes/', NULL, NULL, NULL, 14, NULL, NULL, NULL, NULL, NULL, NULL, NULL, NULL, NULL, NULL, NULL),
(376, 'ESTC-159.pdf', 'FERNANDA GISSELLA CASTILLO MORENO', 'http://congresoutlvte.org/facped/Repositorio/Certificados/Estudiantes/', NULL, NULL, NULL, 14, NULL, NULL, NULL, NULL, NULL, NULL, NULL, NULL, NULL, NULL, NULL),
(377, 'ESTC-15.pdf', 'DAMARIS DENNY NAZARENO BASTIDAS', 'http://congresoutlvte.org/facped/Repositorio/Certificados/Estudiantes/', NULL, NULL, NULL, 14, NULL, NULL, NULL, NULL, NULL, NULL, NULL, NULL, NULL, NULL, NULL),
(378, 'ESTC-160.pdf', 'JULIANA LISBETH AGUILA GAROFALO', 'http://congresoutlvte.org/facped/Repositorio/Certificados/Estudiantes/', NULL, NULL, NULL, 14, NULL, NULL, NULL, NULL, NULL, NULL, NULL, NULL, NULL, NULL, NULL),
(379, 'ESTC-161.pdf', 'JESSENIA ELIZABETH ALCIVAR VALDEZ', 'http://congresoutlvte.org/facped/Repositorio/Certificados/Estudiantes/', NULL, NULL, NULL, 14, NULL, NULL, NULL, NULL, NULL, NULL, NULL, NULL, NULL, NULL, NULL),
(380, 'ESTC-162.pdf', 'MONICA ROXANA MIDEROS FERRER', 'http://congresoutlvte.org/facped/Repositorio/Certificados/Estudiantes/', NULL, NULL, NULL, 14, NULL, NULL, NULL, NULL, NULL, NULL, NULL, NULL, NULL, NULL, NULL),
(381, 'ESTC-163.pdf', 'KIANA PAOLA LOOR DAZ', 'http://congresoutlvte.org/facped/Repositorio/Certificados/Estudiantes/', NULL, NULL, NULL, 14, NULL, NULL, NULL, NULL, NULL, NULL, NULL, NULL, NULL, NULL, NULL),
(382, 'ESTC-164.pdf', 'ANDREA BALDENUEVO VALENCIA', 'http://congresoutlvte.org/facped/Repositorio/Certificados/Estudiantes/', NULL, NULL, NULL, 14, NULL, NULL, NULL, NULL, NULL, NULL, NULL, NULL, NULL, NULL, NULL),
(383, 'ESTC-165.pdf', 'JENNIFFER MARTINEZ MENESES', 'http://congresoutlvte.org/facped/Repositorio/Certificados/Estudiantes/', NULL, NULL, NULL, 14, NULL, NULL, NULL, NULL, NULL, NULL, NULL, NULL, NULL, NULL, NULL),
(384, 'ESTC-166.pdf', 'LADY JASMIN CHICHANDE TORRES', 'http://congresoutlvte.org/facped/Repositorio/Certificados/Estudiantes/', NULL, NULL, NULL, 14, NULL, NULL, NULL, NULL, NULL, NULL, NULL, NULL, NULL, NULL, NULL),
(385, 'ESTC-167.pdf', 'JULIANA ANDREINA LANDAZURI', 'http://congresoutlvte.org/facped/Repositorio/Certificados/Estudiantes/', NULL, NULL, NULL, 14, NULL, NULL, NULL, NULL, NULL, NULL, NULL, NULL, NULL, NULL, NULL),
(386, 'ESTC-168.pdf', 'KAREN MALENA LANDAZURI RODRIGUEZ', 'http://congresoutlvte.org/facped/Repositorio/Certificados/Estudiantes/', NULL, NULL, NULL, 14, NULL, NULL, NULL, NULL, NULL, NULL, NULL, NULL, NULL, NULL, NULL),
(387, 'ESTC-169.pdf', 'MARIA JOSE ORDOEZ CLAVIJO', 'http://congresoutlvte.org/facped/Repositorio/Certificados/Estudiantes/', NULL, NULL, NULL, 14, NULL, NULL, NULL, NULL, NULL, NULL, NULL, NULL, NULL, NULL, NULL),
(388, 'ESTC-16.pdf', 'ELIA GENOVEVA IGLESIAS MONTAO', 'http://congresoutlvte.org/facped/Repositorio/Certificados/Estudiantes/', NULL, NULL, NULL, 14, NULL, NULL, NULL, NULL, NULL, NULL, NULL, NULL, NULL, NULL, NULL),
(389, 'ESTC-170.pdf', 'JOSE GREGORIO ORDOEZ CLAVIJO', 'http://congresoutlvte.org/facped/Repositorio/Certificados/Estudiantes/', NULL, NULL, NULL, 14, NULL, NULL, NULL, NULL, NULL, NULL, NULL, NULL, NULL, NULL, NULL),
(390, 'ESTC-171.pdf', 'MARIA ANTONELLA CALVERTO SUAREZ', 'http://congresoutlvte.org/facped/Repositorio/Certificados/Estudiantes/', NULL, NULL, NULL, 14, NULL, NULL, NULL, NULL, NULL, NULL, NULL, NULL, NULL, NULL, NULL),
(391, 'ESTC-172.pdf', 'JESSICA EDUARDA MARRETT ZAMORA', 'http://congresoutlvte.org/facped/Repositorio/Certificados/Estudiantes/', NULL, NULL, NULL, 14, NULL, NULL, NULL, NULL, NULL, NULL, NULL, NULL, NULL, NULL, NULL),
(392, 'ESTC-173.pdf', 'ELIDA MARCELA DIOFARE QUIONEZ', 'http://congresoutlvte.org/facped/Repositorio/Certificados/Estudiantes/', NULL, NULL, NULL, 14, NULL, NULL, NULL, NULL, NULL, NULL, NULL, NULL, NULL, NULL, NULL),
(393, 'ESTC-174.pdf', 'DANNA FABRIZZIA OLARTE BALLESTEROS', 'http://congresoutlvte.org/facped/Repositorio/Certificados/Estudiantes/', NULL, NULL, NULL, 14, NULL, NULL, NULL, NULL, NULL, NULL, NULL, NULL, NULL, NULL, NULL),
(394, 'ESTC-175.pdf', 'BRIYI THAIS QUIONEZ ARROYO', 'http://congresoutlvte.org/facped/Repositorio/Certificados/Estudiantes/', NULL, NULL, NULL, 14, NULL, NULL, NULL, NULL, NULL, NULL, NULL, NULL, NULL, NULL, NULL),
(395, 'ESTC-176.pdf', 'DANNY MARIUXI PRECIADO MENDEZ', 'http://congresoutlvte.org/facped/Repositorio/Certificados/Estudiantes/', NULL, NULL, NULL, 14, NULL, NULL, NULL, NULL, NULL, NULL, NULL, NULL, NULL, NULL, NULL),
(396, 'ESTC-177.pdf', 'MAIRA CECIBEL CHICHANDE DELGADO', 'http://congresoutlvte.org/facped/Repositorio/Certificados/Estudiantes/', NULL, NULL, NULL, 14, NULL, NULL, NULL, NULL, NULL, NULL, NULL, NULL, NULL, NULL, NULL),
(397, 'ESTC-178.pdf', 'DIANA CECILIA VERA FARIAS', 'http://congresoutlvte.org/facped/Repositorio/Certificados/Estudiantes/', NULL, NULL, NULL, 14, NULL, NULL, NULL, NULL, NULL, NULL, NULL, NULL, NULL, NULL, NULL),
(398, 'ESTC-179.pdf', 'SANDRA PIEDAD ESTACIO BATIOJA', 'http://congresoutlvte.org/facped/Repositorio/Certificados/Estudiantes/', NULL, NULL, NULL, 14, NULL, NULL, NULL, NULL, NULL, NULL, NULL, NULL, NULL, NULL, NULL),
(399, 'ESTC-17.pdf', 'GERALDINE ROMINA BONE MINA', 'http://congresoutlvte.org/facped/Repositorio/Certificados/Estudiantes/', NULL, NULL, NULL, 14, NULL, NULL, NULL, NULL, NULL, NULL, NULL, NULL, NULL, NULL, NULL),
(400, 'ESTC-180.pdf', 'MARIA FERNANDA ALCIVAR SEGURA', 'http://congresoutlvte.org/facped/Repositorio/Certificados/Estudiantes/', NULL, NULL, NULL, 14, NULL, NULL, NULL, NULL, NULL, NULL, NULL, NULL, NULL, NULL, NULL),
(401, 'ESTC-181.pdf', 'NAYELI ANAHI PRIAS MENENDEZ', 'http://congresoutlvte.org/facped/Repositorio/Certificados/Estudiantes/', NULL, NULL, NULL, 14, NULL, NULL, NULL, NULL, NULL, NULL, NULL, NULL, NULL, NULL, NULL),
(402, 'ESTC-182.pdf', 'ANNY ALISON CABEZA KLINGER', 'http://congresoutlvte.org/facped/Repositorio/Certificados/Estudiantes/', NULL, NULL, NULL, 14, NULL, NULL, NULL, NULL, NULL, NULL, NULL, NULL, NULL, NULL, NULL),
(403, 'ESTC-183.pdf', 'MOISES BAUTISTA FRANCIS', 'http://congresoutlvte.org/facped/Repositorio/Certificados/Estudiantes/', NULL, NULL, NULL, 14, NULL, NULL, NULL, NULL, NULL, NULL, NULL, NULL, NULL, NULL, NULL),
(404, 'ESTC-184.pdf', 'KIMBERLY ESTEFANIA CASTILLO GAMEZ', 'http://congresoutlvte.org/facped/Repositorio/Certificados/Estudiantes/', NULL, NULL, NULL, 14, NULL, NULL, NULL, NULL, NULL, NULL, NULL, NULL, NULL, NULL, NULL),
(405, 'ESTC-185.pdf', 'MARIA ALEJANDRA BALCAZAR ZAMBRANO', 'http://congresoutlvte.org/facped/Repositorio/Certificados/Estudiantes/', NULL, NULL, NULL, 14, NULL, NULL, NULL, NULL, NULL, NULL, NULL, NULL, NULL, NULL, NULL),
(406, 'ESTC-186.pdf', 'KARLA JAZMIN SAMANIEGO TAMBONERO', 'http://congresoutlvte.org/facped/Repositorio/Certificados/Estudiantes/', NULL, NULL, NULL, 14, NULL, NULL, NULL, NULL, NULL, NULL, NULL, NULL, NULL, NULL, NULL),
(407, 'ESTC-187.pdf', 'MARIUXI PAREDES MENDEZ', 'http://congresoutlvte.org/facped/Repositorio/Certificados/Estudiantes/', NULL, NULL, NULL, 14, NULL, NULL, NULL, NULL, NULL, NULL, NULL, NULL, NULL, NULL, NULL),
(408, 'ESTC-188.pdf', 'ALISN CARRASCA ESCOBAR', 'http://congresoutlvte.org/facped/Repositorio/Certificados/Estudiantes/', NULL, NULL, NULL, 14, NULL, NULL, NULL, NULL, NULL, NULL, NULL, NULL, NULL, NULL, NULL),
(409, 'ESTC-189.pdf', 'Acero Sampietro Adriana', 'http://congresoutlvte.org/facped/Repositorio/Certificados/Estudiantes/', NULL, NULL, NULL, 14, NULL, NULL, NULL, NULL, NULL, NULL, NULL, NULL, NULL, NULL, NULL),
(410, 'ESTC-18.pdf', 'IVANNA JASUTH PINEDA FARES', 'http://congresoutlvte.org/facped/Repositorio/Certificados/Estudiantes/', NULL, NULL, NULL, 14, NULL, NULL, NULL, NULL, NULL, NULL, NULL, NULL, NULL, NULL, NULL),
(411, 'ESTC-190.pdf', 'Acunzo Arroyo Juan Carlos', 'http://congresoutlvte.org/facped/Repositorio/Certificados/Estudiantes/', NULL, NULL, NULL, 14, NULL, NULL, NULL, NULL, NULL, NULL, NULL, NULL, NULL, NULL, NULL),
(412, 'ESTC-191.pdf', 'Adriana Estefania Fernandez Navia', 'http://congresoutlvte.org/facped/Repositorio/Certificados/Estudiantes/', NULL, NULL, NULL, 14, NULL, NULL, NULL, NULL, NULL, NULL, NULL, NULL, NULL, NULL, NULL),
(413, 'ESTC-192.pdf', 'Aguayo Zambrano Ines Briggitte', 'http://congresoutlvte.org/facped/Repositorio/Certificados/Estudiantes/', NULL, NULL, NULL, 14, NULL, NULL, NULL, NULL, NULL, NULL, NULL, NULL, NULL, NULL, NULL),
(414, 'ESTC-193.pdf', 'guila Garofalo Juliana Lisbeth', 'http://congresoutlvte.org/facped/Repositorio/Certificados/Estudiantes/', NULL, NULL, NULL, 14, NULL, NULL, NULL, NULL, NULL, NULL, NULL, NULL, NULL, NULL, NULL),
(415, 'ESTC-194.pdf', 'Aguilar Molina Joyce Naomi', 'http://congresoutlvte.org/facped/Repositorio/Certificados/Estudiantes/', NULL, NULL, NULL, 14, NULL, NULL, NULL, NULL, NULL, NULL, NULL, NULL, NULL, NULL, NULL),
(416, 'ESTC-195.pdf', 'Alarcon Sanchez Justin Briana', 'http://congresoutlvte.org/facped/Repositorio/Certificados/Estudiantes/', NULL, NULL, NULL, 14, NULL, NULL, NULL, NULL, NULL, NULL, NULL, NULL, NULL, NULL, NULL),
(417, 'ESTC-196.pdf', 'Alban Mera Ariana Karina', 'http://congresoutlvte.org/facped/Repositorio/Certificados/Estudiantes/', NULL, NULL, NULL, 14, NULL, NULL, NULL, NULL, NULL, NULL, NULL, NULL, NULL, NULL, NULL),
(418, 'ESTC-197.pdf', 'Alban Nazareno Mara Isabel', 'http://congresoutlvte.org/facped/Repositorio/Certificados/Estudiantes/', NULL, NULL, NULL, 14, NULL, NULL, NULL, NULL, NULL, NULL, NULL, NULL, NULL, NULL, NULL),
(419, 'ESTC-198.pdf', 'Alcntara Quintero Amparo Nicole', 'http://congresoutlvte.org/facped/Repositorio/Certificados/Estudiantes/', NULL, NULL, NULL, 14, NULL, NULL, NULL, NULL, NULL, NULL, NULL, NULL, NULL, NULL, NULL),
(420, 'ESTC-199.pdf', 'Alcivar Casierra Andrea Leonela', 'http://congresoutlvte.org/facped/Repositorio/Certificados/Estudiantes/', NULL, NULL, NULL, 14, NULL, NULL, NULL, NULL, NULL, NULL, NULL, NULL, NULL, NULL, NULL),
(421, 'ESTC-19.pdf', 'DENNIS DANIELA GRUEZO ARROYO', 'http://congresoutlvte.org/facped/Repositorio/Certificados/Estudiantes/', NULL, NULL, NULL, 14, NULL, NULL, NULL, NULL, NULL, NULL, NULL, NULL, NULL, NULL, NULL),
(422, 'ESTC-1.pdf', 'LAURA BAES RODRIGUEZ', 'http://congresoutlvte.org/facped/Repositorio/Certificados/Estudiantes/', NULL, NULL, NULL, 14, NULL, NULL, NULL, NULL, NULL, NULL, NULL, NULL, NULL, NULL, NULL),
(423, 'ESTC-200.pdf', 'Alcivar Cuninghan Heler David', 'http://congresoutlvte.org/facped/Repositorio/Certificados/Estudiantes/', NULL, NULL, NULL, 14, NULL, NULL, NULL, NULL, NULL, NULL, NULL, NULL, NULL, NULL, NULL),
(424, 'ESTC-201.pdf', 'Alcivar Marquz Thais Ivanna', 'http://congresoutlvte.org/facped/Repositorio/Certificados/Estudiantes/', NULL, NULL, NULL, 14, NULL, NULL, NULL, NULL, NULL, NULL, NULL, NULL, NULL, NULL, NULL),
(425, 'ESTC-202.pdf', 'Alcivar Moreno Alison Geannina', 'http://congresoutlvte.org/facped/Repositorio/Certificados/Estudiantes/', NULL, NULL, NULL, 14, NULL, NULL, NULL, NULL, NULL, NULL, NULL, NULL, NULL, NULL, NULL),
(426, 'ESTC-203.pdf', 'Alcvar Segura Mara Fernanda', 'http://congresoutlvte.org/facped/Repositorio/Certificados/Estudiantes/', NULL, NULL, NULL, 14, NULL, NULL, NULL, NULL, NULL, NULL, NULL, NULL, NULL, NULL, NULL),
(427, 'ESTC-204.pdf', 'Alcvar Valdez Jessenia Elizabeth', 'http://congresoutlvte.org/facped/Repositorio/Certificados/Estudiantes/', NULL, NULL, NULL, 14, NULL, NULL, NULL, NULL, NULL, NULL, NULL, NULL, NULL, NULL, NULL),
(428, 'ESTC-205.pdf', 'Alcivar Valencia Rebecca Alejandra', 'http://congresoutlvte.org/facped/Repositorio/Certificados/Estudiantes/', NULL, NULL, NULL, 14, NULL, NULL, NULL, NULL, NULL, NULL, NULL, NULL, NULL, NULL, NULL),
(429, 'ESTC-206.pdf', 'Almeida Gonzalez Nahomy Nicole', 'http://congresoutlvte.org/facped/Repositorio/Certificados/Estudiantes/', NULL, NULL, NULL, 14, NULL, NULL, NULL, NULL, NULL, NULL, NULL, NULL, NULL, NULL, NULL),
(430, 'ESTC-207.pdf', 'Alume Girn Maria jose', 'http://congresoutlvte.org/facped/Repositorio/Certificados/Estudiantes/', NULL, NULL, NULL, 14, NULL, NULL, NULL, NULL, NULL, NULL, NULL, NULL, NULL, NULL, NULL),
(431, 'ESTC-208.pdf', 'lvarez Solorzano Arianne Pamela', 'http://congresoutlvte.org/facped/Repositorio/Certificados/Estudiantes/', NULL, NULL, NULL, 14, NULL, NULL, NULL, NULL, NULL, NULL, NULL, NULL, NULL, NULL, NULL),
(432, 'ESTC-209.pdf', 'Ortiz Palomino Ana Enriqueta', 'http://congresoutlvte.org/facped/Repositorio/Certificados/Estudiantes/', NULL, NULL, NULL, 14, NULL, NULL, NULL, NULL, NULL, NULL, NULL, NULL, NULL, NULL, NULL),
(433, 'ESTC-20.pdf', 'ADRIANA ESTEFANIA FERNANDEZ NAVIA', 'http://congresoutlvte.org/facped/Repositorio/Certificados/Estudiantes/', NULL, NULL, NULL, 14, NULL, NULL, NULL, NULL, NULL, NULL, NULL, NULL, NULL, NULL, NULL),
(434, 'ESTC-210.pdf', 'Quinonez Cadena Ana Karen', 'http://congresoutlvte.org/facped/Repositorio/Certificados/Estudiantes/', NULL, NULL, NULL, 14, NULL, NULL, NULL, NULL, NULL, NULL, NULL, NULL, NULL, NULL, NULL),
(435, 'ESTC-211.pdf', 'Delgado Prraga Ana Karina', 'http://congresoutlvte.org/facped/Repositorio/Certificados/Estudiantes/', NULL, NULL, NULL, 14, NULL, NULL, NULL, NULL, NULL, NULL, NULL, NULL, NULL, NULL, NULL),
(436, 'ESTC-212.pdf', 'Quinde Tarira Ana Mara', 'http://congresoutlvte.org/facped/Repositorio/Certificados/Estudiantes/', NULL, NULL, NULL, 14, NULL, NULL, NULL, NULL, NULL, NULL, NULL, NULL, NULL, NULL, NULL),
(437, 'ESTC-213.pdf', 'Ance Castillo Mariuxi', 'http://congresoutlvte.org/facped/Repositorio/Certificados/Estudiantes/', NULL, NULL, NULL, 14, NULL, NULL, NULL, NULL, NULL, NULL, NULL, NULL, NULL, NULL, NULL),
(438, 'ESTC-214.pdf', 'Anchundia Chvez Angie Gabriela', 'http://congresoutlvte.org/facped/Repositorio/Certificados/Estudiantes/', NULL, NULL, NULL, 14, NULL, NULL, NULL, NULL, NULL, NULL, NULL, NULL, NULL, NULL, NULL),
(439, 'ESTC-215.pdf', 'Anchundia Paz Maria Gabriela', 'http://congresoutlvte.org/facped/Repositorio/Certificados/Estudiantes/', NULL, NULL, NULL, 14, NULL, NULL, NULL, NULL, NULL, NULL, NULL, NULL, NULL, NULL, NULL),
(440, 'ESTC-216.pdf', 'Anchundia Veliz Luisa Margarita', 'http://congresoutlvte.org/facped/Repositorio/Certificados/Estudiantes/', NULL, NULL, NULL, 14, NULL, NULL, NULL, NULL, NULL, NULL, NULL, NULL, NULL, NULL, NULL),
(441, 'ESTC-217.pdf', 'Andrade Chinga John Jairo', 'http://congresoutlvte.org/facped/Repositorio/Certificados/Estudiantes/', NULL, NULL, NULL, 14, NULL, NULL, NULL, NULL, NULL, NULL, NULL, NULL, NULL, NULL, NULL),
(442, 'ESTC-218.pdf', 'Andrade Lazo Dayana Cecibel', 'http://congresoutlvte.org/facped/Repositorio/Certificados/Estudiantes/', NULL, NULL, NULL, 14, NULL, NULL, NULL, NULL, NULL, NULL, NULL, NULL, NULL, NULL, NULL),
(443, 'ESTC-219.pdf', 'Andrade LIino Arley Azael', 'http://congresoutlvte.org/facped/Repositorio/Certificados/Estudiantes/', NULL, NULL, NULL, 14, NULL, NULL, NULL, NULL, NULL, NULL, NULL, NULL, NULL, NULL, NULL),
(444, 'ESTC-21.pdf', 'ELIZABTEH LILIANA AGUIRRE GUAGUA', 'http://congresoutlvte.org/facped/Repositorio/Certificados/Estudiantes/', NULL, NULL, NULL, 14, NULL, NULL, NULL, NULL, NULL, NULL, NULL, NULL, NULL, NULL, NULL),
(445, 'ESTC-220.pdf', 'Andrade Macias Danyela Fernanda', 'http://congresoutlvte.org/facped/Repositorio/Certificados/Estudiantes/', NULL, NULL, NULL, 14, NULL, NULL, NULL, NULL, NULL, NULL, NULL, NULL, NULL, NULL, NULL),
(446, 'ESTC-221.pdf', 'Andrade Valencia Ibeth Carolina', 'http://congresoutlvte.org/facped/Repositorio/Certificados/Estudiantes/', NULL, NULL, NULL, 14, NULL, NULL, NULL, NULL, NULL, NULL, NULL, NULL, NULL, NULL, NULL),
(447, 'ESTC-222.pdf', 'Cortez Pacho Andrea Isabel', 'http://congresoutlvte.org/facped/Repositorio/Certificados/Estudiantes/', NULL, NULL, NULL, 14, NULL, NULL, NULL, NULL, NULL, NULL, NULL, NULL, NULL, NULL, NULL),
(448, 'ESTC-223.pdf', 'Garca Gonzles Andrea Paulina', 'http://congresoutlvte.org/facped/Repositorio/Certificados/Estudiantes/', NULL, NULL, NULL, 14, NULL, NULL, NULL, NULL, NULL, NULL, NULL, NULL, NULL, NULL, NULL),
(449, 'ESTC-224.pdf', 'Morales Maza Andrea Vanessa', 'http://congresoutlvte.org/facped/Repositorio/Certificados/Estudiantes/', NULL, NULL, NULL, 14, NULL, NULL, NULL, NULL, NULL, NULL, NULL, NULL, NULL, NULL, NULL),
(450, 'ESTC-225.pdf', 'Sasintua Estrada Angela Ximena', 'http://congresoutlvte.org/facped/Repositorio/Certificados/Estudiantes/', NULL, NULL, NULL, 14, NULL, NULL, NULL, NULL, NULL, NULL, NULL, NULL, NULL, NULL, NULL),
(451, 'ESTC-226.pdf', 'Corozo Quionez Angere Bernica', 'http://congresoutlvte.org/facped/Repositorio/Certificados/Estudiantes/', NULL, NULL, NULL, 14, NULL, NULL, NULL, NULL, NULL, NULL, NULL, NULL, NULL, NULL, NULL);
INSERT INTO `certificado` (`idcertificado`, `archivo`, `propietario`, `ubicacion`, `evento`, `idevento`, `iddocumento`, `idtipodocu`, `posi_nomb_x`, `posi_nomb_y`, `ancho_x`, `alto_y`, `posi_fecha_x`, `posi_fecha_y`, `posi_codigo_x`, `posi_codigo_y`, `correohead`, `correofoot`, `correosubject`) VALUES
(452, 'ESTC-227.pdf', 'Ordoez Portocarrero Angie Michelle', 'http://congresoutlvte.org/facped/Repositorio/Certificados/Estudiantes/', NULL, NULL, NULL, 14, NULL, NULL, NULL, NULL, NULL, NULL, NULL, NULL, NULL, NULL, NULL),
(453, 'ESTC-228.pdf', 'Angulo Alarcon Jenniffer Estefana', 'http://congresoutlvte.org/facped/Repositorio/Certificados/Estudiantes/', NULL, NULL, NULL, 14, NULL, NULL, NULL, NULL, NULL, NULL, NULL, NULL, NULL, NULL, NULL),
(454, 'ESTC-229.pdf', 'ngulo lvarez Rider Daro', 'http://congresoutlvte.org/facped/Repositorio/Certificados/Estudiantes/', NULL, NULL, NULL, 14, NULL, NULL, NULL, NULL, NULL, NULL, NULL, NULL, NULL, NULL, NULL),
(455, 'ESTC-22.pdf', 'AKENA CARMEN CASTILLO CUZME', 'http://congresoutlvte.org/facped/Repositorio/Certificados/Estudiantes/', NULL, NULL, NULL, 14, NULL, NULL, NULL, NULL, NULL, NULL, NULL, NULL, NULL, NULL, NULL),
(456, 'ESTC-230.pdf', 'Angulo Angulo Gnesis Dayana', 'http://congresoutlvte.org/facped/Repositorio/Certificados/Estudiantes/', NULL, NULL, NULL, 14, NULL, NULL, NULL, NULL, NULL, NULL, NULL, NULL, NULL, NULL, NULL),
(457, 'ESTC-231.pdf', 'Angulo Betancourt Maoly Lisbeth', 'http://congresoutlvte.org/facped/Repositorio/Certificados/Estudiantes/', NULL, NULL, NULL, 14, NULL, NULL, NULL, NULL, NULL, NULL, NULL, NULL, NULL, NULL, NULL),
(458, 'ESTC-232.pdf', 'Angulo Mero Angie Mishelle', 'http://congresoutlvte.org/facped/Repositorio/Certificados/Estudiantes/', NULL, NULL, NULL, 14, NULL, NULL, NULL, NULL, NULL, NULL, NULL, NULL, NULL, NULL, NULL),
(459, 'ESTC-233.pdf', 'Angulo Montao Jean Carlos', 'http://congresoutlvte.org/facped/Repositorio/Certificados/Estudiantes/', NULL, NULL, NULL, 14, NULL, NULL, NULL, NULL, NULL, NULL, NULL, NULL, NULL, NULL, NULL),
(460, 'ESTC-234.pdf', 'Angulo Ramrez Reyshell Nashara', 'http://congresoutlvte.org/facped/Repositorio/Certificados/Estudiantes/', NULL, NULL, NULL, 14, NULL, NULL, NULL, NULL, NULL, NULL, NULL, NULL, NULL, NULL, NULL),
(461, 'ESTC-235.pdf', 'Angulo Rodrguez Lady Wendy', 'http://congresoutlvte.org/facped/Repositorio/Certificados/Estudiantes/', NULL, NULL, NULL, 14, NULL, NULL, NULL, NULL, NULL, NULL, NULL, NULL, NULL, NULL, NULL),
(462, 'ESTC-236.pdf', 'Angulo Rojas Okani Nohemy', 'http://congresoutlvte.org/facped/Repositorio/Certificados/Estudiantes/', NULL, NULL, NULL, 14, NULL, NULL, NULL, NULL, NULL, NULL, NULL, NULL, NULL, NULL, NULL),
(463, 'ESTC-237.pdf', 'Angulo Velasco Heidy Patricia', 'http://congresoutlvte.org/facped/Repositorio/Certificados/Estudiantes/', NULL, NULL, NULL, 14, NULL, NULL, NULL, NULL, NULL, NULL, NULL, NULL, NULL, NULL, NULL),
(464, 'ESTC-238.pdf', 'Angulo Zambrano Monica Madeleyne', 'http://congresoutlvte.org/facped/Repositorio/Certificados/Estudiantes/', NULL, NULL, NULL, 14, NULL, NULL, NULL, NULL, NULL, NULL, NULL, NULL, NULL, NULL, NULL),
(465, 'ESTC-239.pdf', 'Garca Loor Anlly Dayana', 'http://congresoutlvte.org/facped/Repositorio/Certificados/Estudiantes/', NULL, NULL, NULL, 14, NULL, NULL, NULL, NULL, NULL, NULL, NULL, NULL, NULL, NULL, NULL),
(466, 'ESTC-23.pdf', 'KATTY ANGELICA CAICEDO QUINTERO', 'http://congresoutlvte.org/facped/Repositorio/Certificados/Estudiantes/', NULL, NULL, NULL, 14, NULL, NULL, NULL, NULL, NULL, NULL, NULL, NULL, NULL, NULL, NULL),
(467, 'ESTC-240.pdf', 'Quiomez Escobar Annabell Fernanda', 'http://congresoutlvte.org/facped/Repositorio/Certificados/Estudiantes/', NULL, NULL, NULL, 14, NULL, NULL, NULL, NULL, NULL, NULL, NULL, NULL, NULL, NULL, NULL),
(468, 'ESTC-241.pdf', 'Ortiz Bone Annabella Valeria', 'http://congresoutlvte.org/facped/Repositorio/Certificados/Estudiantes/', NULL, NULL, NULL, 14, NULL, NULL, NULL, NULL, NULL, NULL, NULL, NULL, NULL, NULL, NULL),
(469, 'ESTC-242.pdf', 'Ante Carranza Mara Fernanda', 'http://congresoutlvte.org/facped/Repositorio/Certificados/Estudiantes/', NULL, NULL, NULL, 14, NULL, NULL, NULL, NULL, NULL, NULL, NULL, NULL, NULL, NULL, NULL),
(470, 'ESTC-243.pdf', 'Aapa Aapa Mara Viviana', 'http://congresoutlvte.org/facped/Repositorio/Certificados/Estudiantes/', NULL, NULL, NULL, 14, NULL, NULL, NULL, NULL, NULL, NULL, NULL, NULL, NULL, NULL, NULL),
(471, 'ESTC-244.pdf', 'Aapa Capena Fernanda Yanira', 'http://congresoutlvte.org/facped/Repositorio/Certificados/Estudiantes/', NULL, NULL, NULL, 14, NULL, NULL, NULL, NULL, NULL, NULL, NULL, NULL, NULL, NULL, NULL),
(472, 'ESTC-245.pdf', 'Aapa Chapiro Yohana Elizabeth', 'http://congresoutlvte.org/facped/Repositorio/Certificados/Estudiantes/', NULL, NULL, NULL, 14, NULL, NULL, NULL, NULL, NULL, NULL, NULL, NULL, NULL, NULL, NULL),
(473, 'ESTC-246.pdf', 'Aapa Lopez Jessica Mara', 'http://congresoutlvte.org/facped/Repositorio/Certificados/Estudiantes/', NULL, NULL, NULL, 14, NULL, NULL, NULL, NULL, NULL, NULL, NULL, NULL, NULL, NULL, NULL),
(474, 'ESTC-247.pdf', 'Aapa Pianchiche Johnny Yeferson', 'http://congresoutlvte.org/facped/Repositorio/Certificados/Estudiantes/', NULL, NULL, NULL, 14, NULL, NULL, NULL, NULL, NULL, NULL, NULL, NULL, NULL, NULL, NULL),
(475, 'ESTC-248.pdf', 'Aapa Pichota Licia Daniela', 'http://congresoutlvte.org/facped/Repositorio/Certificados/Estudiantes/', NULL, NULL, NULL, 14, NULL, NULL, NULL, NULL, NULL, NULL, NULL, NULL, NULL, NULL, NULL),
(476, 'ESTC-249.pdf', 'Aparicio Caicedo Andrea Carolina', 'http://congresoutlvte.org/facped/Repositorio/Certificados/Estudiantes/', NULL, NULL, NULL, 14, NULL, NULL, NULL, NULL, NULL, NULL, NULL, NULL, NULL, NULL, NULL),
(477, 'ESTC-24.pdf', 'MARIUXI PILAR VILLAQUIRAN VILLA', 'http://congresoutlvte.org/facped/Repositorio/Certificados/Estudiantes/', NULL, NULL, NULL, 14, NULL, NULL, NULL, NULL, NULL, NULL, NULL, NULL, NULL, NULL, NULL),
(478, 'ESTC-250.pdf', 'Araujo Quionez Paola Irene', 'http://congresoutlvte.org/facped/Repositorio/Certificados/Estudiantes/', NULL, NULL, NULL, 14, NULL, NULL, NULL, NULL, NULL, NULL, NULL, NULL, NULL, NULL, NULL),
(479, 'ESTC-251.pdf', 'Arboleda Batioja Alfredo Jair', 'http://congresoutlvte.org/facped/Repositorio/Certificados/Estudiantes/', NULL, NULL, NULL, 14, NULL, NULL, NULL, NULL, NULL, NULL, NULL, NULL, NULL, NULL, NULL),
(480, 'ESTC-252.pdf', 'Arboleda Campuzano Lina Lidia', 'http://congresoutlvte.org/facped/Repositorio/Certificados/Estudiantes/', NULL, NULL, NULL, 14, NULL, NULL, NULL, NULL, NULL, NULL, NULL, NULL, NULL, NULL, NULL),
(481, 'ESTC-253.pdf', 'Arboleda Guerrero Hortencia Mara', 'http://congresoutlvte.org/facped/Repositorio/Certificados/Estudiantes/', NULL, NULL, NULL, 14, NULL, NULL, NULL, NULL, NULL, NULL, NULL, NULL, NULL, NULL, NULL),
(482, 'ESTC-254.pdf', 'Arvalo Garca Dina Nicole', 'http://congresoutlvte.org/facped/Repositorio/Certificados/Estudiantes/', NULL, NULL, NULL, 14, NULL, NULL, NULL, NULL, NULL, NULL, NULL, NULL, NULL, NULL, NULL),
(483, 'ESTC-255.pdf', 'Quintero Carvajal Ariana Lisbeth', 'http://congresoutlvte.org/facped/Repositorio/Certificados/Estudiantes/', NULL, NULL, NULL, 14, NULL, NULL, NULL, NULL, NULL, NULL, NULL, NULL, NULL, NULL, NULL),
(484, 'ESTC-256.pdf', 'Arce Rodriguez Ariana Yamileth', 'http://congresoutlvte.org/facped/Repositorio/Certificados/Estudiantes/', NULL, NULL, NULL, 14, NULL, NULL, NULL, NULL, NULL, NULL, NULL, NULL, NULL, NULL, NULL),
(485, 'ESTC-257.pdf', 'Arismendi Caicedo Carolina Raquel', 'http://congresoutlvte.org/facped/Repositorio/Certificados/Estudiantes/', NULL, NULL, NULL, 14, NULL, NULL, NULL, NULL, NULL, NULL, NULL, NULL, NULL, NULL, NULL),
(486, 'ESTC-258.pdf', 'Arroyo Barcia Jorge Daniel', 'http://congresoutlvte.org/facped/Repositorio/Certificados/Estudiantes/', NULL, NULL, NULL, 14, NULL, NULL, NULL, NULL, NULL, NULL, NULL, NULL, NULL, NULL, NULL),
(487, 'ESTC-259.pdf', 'Arroyo Barcia Karelys Nathaly', 'http://congresoutlvte.org/facped/Repositorio/Certificados/Estudiantes/', NULL, NULL, NULL, 14, NULL, NULL, NULL, NULL, NULL, NULL, NULL, NULL, NULL, NULL, NULL),
(488, 'ESTC-25.pdf', 'MARIA JOSE BAUTISTA BODERO', 'http://congresoutlvte.org/facped/Repositorio/Certificados/Estudiantes/', NULL, NULL, NULL, 14, NULL, NULL, NULL, NULL, NULL, NULL, NULL, NULL, NULL, NULL, NULL),
(489, 'ESTC-260.pdf', 'Arroyo Bone Estefany Briggitte', 'http://congresoutlvte.org/facped/Repositorio/Certificados/Estudiantes/', NULL, NULL, NULL, 14, NULL, NULL, NULL, NULL, NULL, NULL, NULL, NULL, NULL, NULL, NULL),
(490, 'ESTC-261.pdf', 'Arroyo Caicedo Lourdes Thais', 'http://congresoutlvte.org/facped/Repositorio/Certificados/Estudiantes/', NULL, NULL, NULL, 14, NULL, NULL, NULL, NULL, NULL, NULL, NULL, NULL, NULL, NULL, NULL),
(491, 'ESTC-262.pdf', 'Arroyo Landzuri Ginger Hilary', 'http://congresoutlvte.org/facped/Repositorio/Certificados/Estudiantes/', NULL, NULL, NULL, 14, NULL, NULL, NULL, NULL, NULL, NULL, NULL, NULL, NULL, NULL, NULL),
(492, 'ESTC-263.pdf', 'Arroyo Mairongo Maura Catherine', 'http://congresoutlvte.org/facped/Repositorio/Certificados/Estudiantes/', NULL, NULL, NULL, 14, NULL, NULL, NULL, NULL, NULL, NULL, NULL, NULL, NULL, NULL, NULL),
(493, 'ESTC-264.pdf', 'Arroyo Valencia Thais Dayanara', 'http://congresoutlvte.org/facped/Repositorio/Certificados/Estudiantes/', NULL, NULL, NULL, 14, NULL, NULL, NULL, NULL, NULL, NULL, NULL, NULL, NULL, NULL, NULL),
(494, 'ESTC-265.pdf', 'Arroyo Vera Nedelyn Daniela', 'http://congresoutlvte.org/facped/Repositorio/Certificados/Estudiantes/', NULL, NULL, NULL, 14, NULL, NULL, NULL, NULL, NULL, NULL, NULL, NULL, NULL, NULL, NULL),
(495, 'ESTC-266.pdf', 'Arteaga Daz Genesis Tahis', 'http://congresoutlvte.org/facped/Repositorio/Certificados/Estudiantes/', NULL, NULL, NULL, 14, NULL, NULL, NULL, NULL, NULL, NULL, NULL, NULL, NULL, NULL, NULL),
(496, 'ESTC-267.pdf', 'Arteaga Diaz Katherin Ginger', 'http://congresoutlvte.org/facped/Repositorio/Certificados/Estudiantes/', NULL, NULL, NULL, 14, NULL, NULL, NULL, NULL, NULL, NULL, NULL, NULL, NULL, NULL, NULL),
(497, 'ESTC-268.pdf', 'Arteaga Riera Diana Olinda', 'http://congresoutlvte.org/facped/Repositorio/Certificados/Estudiantes/', NULL, NULL, NULL, 14, NULL, NULL, NULL, NULL, NULL, NULL, NULL, NULL, NULL, NULL, NULL),
(498, 'ESTC-269.pdf', 'Arturo Casierra Stefany Naholy', 'http://congresoutlvte.org/facped/Repositorio/Certificados/Estudiantes/', NULL, NULL, NULL, 14, NULL, NULL, NULL, NULL, NULL, NULL, NULL, NULL, NULL, NULL, NULL),
(499, 'ESTC-26.pdf', 'ANA HURTADO CHILA', 'http://congresoutlvte.org/facped/Repositorio/Certificados/Estudiantes/', NULL, NULL, NULL, 14, NULL, NULL, NULL, NULL, NULL, NULL, NULL, NULL, NULL, NULL, NULL),
(500, 'ESTC-270.pdf', 'vila Bailn Billy Jordy', 'http://congresoutlvte.org/facped/Repositorio/Certificados/Estudiantes/', NULL, NULL, NULL, 14, NULL, NULL, NULL, NULL, NULL, NULL, NULL, NULL, NULL, NULL, NULL),
(501, 'ESTC-271.pdf', 'Avila Bravo Yudy Yaritza', 'http://congresoutlvte.org/facped/Repositorio/Certificados/Estudiantes/', NULL, NULL, NULL, 14, NULL, NULL, NULL, NULL, NULL, NULL, NULL, NULL, NULL, NULL, NULL),
(502, 'ESTC-272.pdf', 'Avila Hurtado Tatiana', 'http://congresoutlvte.org/facped/Repositorio/Certificados/Estudiantes/', NULL, NULL, NULL, 14, NULL, NULL, NULL, NULL, NULL, NULL, NULL, NULL, NULL, NULL, NULL),
(503, 'ESTC-273.pdf', 'Aviles Rodrguez Arelis Andreina', 'http://congresoutlvte.org/facped/Repositorio/Certificados/Estudiantes/', NULL, NULL, NULL, 14, NULL, NULL, NULL, NULL, NULL, NULL, NULL, NULL, NULL, NULL, NULL),
(504, 'ESTC-274.pdf', 'Ayala Quintero Karelys Irene', 'http://congresoutlvte.org/facped/Repositorio/Certificados/Estudiantes/', NULL, NULL, NULL, 14, NULL, NULL, NULL, NULL, NULL, NULL, NULL, NULL, NULL, NULL, NULL),
(505, 'ESTC-275.pdf', 'Ayovi Mina Dirkon Jenry', 'http://congresoutlvte.org/facped/Repositorio/Certificados/Estudiantes/', NULL, NULL, NULL, 14, NULL, NULL, NULL, NULL, NULL, NULL, NULL, NULL, NULL, NULL, NULL),
(506, 'ESTC-276.pdf', 'Ayovi Sosa Gisella Stefania', 'http://congresoutlvte.org/facped/Repositorio/Certificados/Estudiantes/', NULL, NULL, NULL, 14, NULL, NULL, NULL, NULL, NULL, NULL, NULL, NULL, NULL, NULL, NULL),
(507, 'ESTC-277.pdf', 'Bagui Tenorio Jackson Ayrton', 'http://congresoutlvte.org/facped/Repositorio/Certificados/Estudiantes/', NULL, NULL, NULL, 14, NULL, NULL, NULL, NULL, NULL, NULL, NULL, NULL, NULL, NULL, NULL),
(508, 'ESTC-278.pdf', 'Baicilla chamba Willian Gonzalo', 'http://congresoutlvte.org/facped/Repositorio/Certificados/Estudiantes/', NULL, NULL, NULL, 14, NULL, NULL, NULL, NULL, NULL, NULL, NULL, NULL, NULL, NULL, NULL),
(509, 'ESTC-279.pdf', 'Bajaa Pacheco Ginger Johanna', 'http://congresoutlvte.org/facped/Repositorio/Certificados/Estudiantes/', NULL, NULL, NULL, 14, NULL, NULL, NULL, NULL, NULL, NULL, NULL, NULL, NULL, NULL, NULL),
(510, 'ESTC-27.pdf', 'GELIO RIVAS TENORIO', 'http://congresoutlvte.org/facped/Repositorio/Certificados/Estudiantes/', NULL, NULL, NULL, 14, NULL, NULL, NULL, NULL, NULL, NULL, NULL, NULL, NULL, NULL, NULL),
(511, 'ESTC-280.pdf', 'Balczar Zambrano Alejandra', 'http://congresoutlvte.org/facped/Repositorio/Certificados/Estudiantes/', NULL, NULL, NULL, 14, NULL, NULL, NULL, NULL, NULL, NULL, NULL, NULL, NULL, NULL, NULL),
(512, 'ESTC-281.pdf', 'Balderramo Valencia Andrea', 'http://congresoutlvte.org/facped/Repositorio/Certificados/Estudiantes/', NULL, NULL, NULL, 14, NULL, NULL, NULL, NULL, NULL, NULL, NULL, NULL, NULL, NULL, NULL),
(513, 'ESTC-282.pdf', 'Ballesteros Mera Lissette Fernanda', 'http://congresoutlvte.org/facped/Repositorio/Certificados/Estudiantes/', NULL, NULL, NULL, 14, NULL, NULL, NULL, NULL, NULL, NULL, NULL, NULL, NULL, NULL, NULL),
(514, 'ESTC-283.pdf', 'Ballesteros Ortiz Fernanda Ivanova', 'http://congresoutlvte.org/facped/Repositorio/Certificados/Estudiantes/', NULL, NULL, NULL, 14, NULL, NULL, NULL, NULL, NULL, NULL, NULL, NULL, NULL, NULL, NULL),
(515, 'ESTC-284.pdf', 'Ballesteros Roldan Nayeli Stefania', 'http://congresoutlvte.org/facped/Repositorio/Certificados/Estudiantes/', NULL, NULL, NULL, 14, NULL, NULL, NULL, NULL, NULL, NULL, NULL, NULL, NULL, NULL, NULL),
(516, 'ESTC-285.pdf', 'Barbosa Quintero Kelly Benedita', 'http://congresoutlvte.org/facped/Repositorio/Certificados/Estudiantes/', NULL, NULL, NULL, 14, NULL, NULL, NULL, NULL, NULL, NULL, NULL, NULL, NULL, NULL, NULL),
(517, 'ESTC-286.pdf', 'Bass Chichande Carmen Nayibe', 'http://congresoutlvte.org/facped/Repositorio/Certificados/Estudiantes/', NULL, NULL, NULL, 14, NULL, NULL, NULL, NULL, NULL, NULL, NULL, NULL, NULL, NULL, NULL),
(518, 'ESTC-287.pdf', 'Bass Padilla Yomira', 'http://congresoutlvte.org/facped/Repositorio/Certificados/Estudiantes/', NULL, NULL, NULL, 14, NULL, NULL, NULL, NULL, NULL, NULL, NULL, NULL, NULL, NULL, NULL),
(519, 'ESTC-288.pdf', 'Batalla Benavides Viviana Alexandra', 'http://congresoutlvte.org/facped/Repositorio/Certificados/Estudiantes/', NULL, NULL, NULL, 14, NULL, NULL, NULL, NULL, NULL, NULL, NULL, NULL, NULL, NULL, NULL),
(520, 'ESTC-289.pdf', 'Bateoja Alvarez Danfer Elian', 'http://congresoutlvte.org/facped/Repositorio/Certificados/Estudiantes/', NULL, NULL, NULL, 14, NULL, NULL, NULL, NULL, NULL, NULL, NULL, NULL, NULL, NULL, NULL),
(521, 'ESTC-28.pdf', 'ANGULO GUERRERO JOEL RONNY', 'http://congresoutlvte.org/facped/Repositorio/Certificados/Estudiantes/', NULL, NULL, NULL, 14, NULL, NULL, NULL, NULL, NULL, NULL, NULL, NULL, NULL, NULL, NULL),
(522, 'ESTC-290.pdf', 'Batioja blandon emily sayenka', 'http://congresoutlvte.org/facped/Repositorio/Certificados/Estudiantes/', NULL, NULL, NULL, 14, NULL, NULL, NULL, NULL, NULL, NULL, NULL, NULL, NULL, NULL, NULL),
(523, 'ESTC-291.pdf', 'Bautista Pea Deisy Mara', 'http://congresoutlvte.org/facped/Repositorio/Certificados/Estudiantes/', NULL, NULL, NULL, 14, NULL, NULL, NULL, NULL, NULL, NULL, NULL, NULL, NULL, NULL, NULL),
(524, 'ESTC-292.pdf', 'Bautista Rivera Rommel Oswaldo', 'http://congresoutlvte.org/facped/Repositorio/Certificados/Estudiantes/', NULL, NULL, NULL, 14, NULL, NULL, NULL, NULL, NULL, NULL, NULL, NULL, NULL, NULL, NULL),
(525, 'ESTC-293.pdf', 'Bautistas Francis Moiss Gabriel', 'http://congresoutlvte.org/facped/Repositorio/Certificados/Estudiantes/', NULL, NULL, NULL, 14, NULL, NULL, NULL, NULL, NULL, NULL, NULL, NULL, NULL, NULL, NULL),
(526, 'ESTC-294.pdf', 'Beatriz Stefania Alava Hernndez', 'http://congresoutlvte.org/facped/Repositorio/Certificados/Estudiantes/', NULL, NULL, NULL, 14, NULL, NULL, NULL, NULL, NULL, NULL, NULL, NULL, NULL, NULL, NULL),
(527, 'ESTC-295.pdf', 'Becerra Ra Ana Beln', 'http://congresoutlvte.org/facped/Repositorio/Certificados/Estudiantes/', NULL, NULL, NULL, 14, NULL, NULL, NULL, NULL, NULL, NULL, NULL, NULL, NULL, NULL, NULL),
(528, 'ESTC-296.pdf', 'Bedoya Angulo John Steven', 'http://congresoutlvte.org/facped/Repositorio/Certificados/Estudiantes/', NULL, NULL, NULL, 14, NULL, NULL, NULL, NULL, NULL, NULL, NULL, NULL, NULL, NULL, NULL),
(529, 'ESTC-297.pdf', 'Benavides Rosero Lisbeth', 'http://congresoutlvte.org/facped/Repositorio/Certificados/Estudiantes/', NULL, NULL, NULL, 14, NULL, NULL, NULL, NULL, NULL, NULL, NULL, NULL, NULL, NULL, NULL),
(530, 'ESTC-298.pdf', 'Vergara Palma Bertilda Ibelia', 'http://congresoutlvte.org/facped/Repositorio/Certificados/Estudiantes/', NULL, NULL, NULL, 14, NULL, NULL, NULL, NULL, NULL, NULL, NULL, NULL, NULL, NULL, NULL),
(531, 'ESTC-299.pdf', 'Betancourt Quinez Tanya Lilibeth', 'http://congresoutlvte.org/facped/Repositorio/Certificados/Estudiantes/', NULL, NULL, NULL, 14, NULL, NULL, NULL, NULL, NULL, NULL, NULL, NULL, NULL, NULL, NULL),
(532, 'ESTC-29.pdf', 'MARA CRISTINA VSQUEZ LOOR', 'http://congresoutlvte.org/facped/Repositorio/Certificados/Estudiantes/', NULL, NULL, NULL, 14, NULL, NULL, NULL, NULL, NULL, NULL, NULL, NULL, NULL, NULL, NULL),
(533, 'ESTC-2.pdf', 'MABEL SANCHEZ MIRANDA', 'http://congresoutlvte.org/facped/Repositorio/Certificados/Estudiantes/', NULL, NULL, NULL, 14, NULL, NULL, NULL, NULL, NULL, NULL, NULL, NULL, NULL, NULL, NULL),
(534, 'ESTC-300.pdf', 'Bolao Reyna Guisell Selena', 'http://congresoutlvte.org/facped/Repositorio/Certificados/Estudiantes/', NULL, NULL, NULL, 14, NULL, NULL, NULL, NULL, NULL, NULL, NULL, NULL, NULL, NULL, NULL),
(535, 'ESTC-301.pdf', 'Bolaos Realpe Dania Jasmin', 'http://congresoutlvte.org/facped/Repositorio/Certificados/Estudiantes/', NULL, NULL, NULL, 14, NULL, NULL, NULL, NULL, NULL, NULL, NULL, NULL, NULL, NULL, NULL),
(536, 'ESTC-302.pdf', 'Bone Bentez Jessenia Carolina', 'http://congresoutlvte.org/facped/Repositorio/Certificados/Estudiantes/', NULL, NULL, NULL, 14, NULL, NULL, NULL, NULL, NULL, NULL, NULL, NULL, NULL, NULL, NULL),
(537, 'ESTC-303.pdf', 'Bone Braulio Dennisse', 'http://congresoutlvte.org/facped/Repositorio/Certificados/Estudiantes/', NULL, NULL, NULL, 14, NULL, NULL, NULL, NULL, NULL, NULL, NULL, NULL, NULL, NULL, NULL),
(538, 'ESTC-304.pdf', 'Bone Cagua Narcisa Elizabeth', 'http://congresoutlvte.org/facped/Repositorio/Certificados/Estudiantes/', NULL, NULL, NULL, 14, NULL, NULL, NULL, NULL, NULL, NULL, NULL, NULL, NULL, NULL, NULL),
(539, 'ESTC-305.pdf', 'Bone Castillo Dalia Lorena', 'http://congresoutlvte.org/facped/Repositorio/Certificados/Estudiantes/', NULL, NULL, NULL, 14, NULL, NULL, NULL, NULL, NULL, NULL, NULL, NULL, NULL, NULL, NULL),
(540, 'ESTC-306.pdf', 'Bone Castillo Stella Liyibeth', 'http://congresoutlvte.org/facped/Repositorio/Certificados/Estudiantes/', NULL, NULL, NULL, 14, NULL, NULL, NULL, NULL, NULL, NULL, NULL, NULL, NULL, NULL, NULL),
(541, 'ESTC-307.pdf', 'Bone Chila Jaritza Stefania', 'http://congresoutlvte.org/facped/Repositorio/Certificados/Estudiantes/', NULL, NULL, NULL, 14, NULL, NULL, NULL, NULL, NULL, NULL, NULL, NULL, NULL, NULL, NULL),
(542, 'ESTC-308.pdf', 'Bone Estrada Noelia Anahi', 'http://congresoutlvte.org/facped/Repositorio/Certificados/Estudiantes/', NULL, NULL, NULL, 14, NULL, NULL, NULL, NULL, NULL, NULL, NULL, NULL, NULL, NULL, NULL),
(543, 'ESTC-309.pdf', 'Bone Garcia Harriett Dioseline', 'http://congresoutlvte.org/facped/Repositorio/Certificados/Estudiantes/', NULL, NULL, NULL, 14, NULL, NULL, NULL, NULL, NULL, NULL, NULL, NULL, NULL, NULL, NULL),
(544, 'ESTC-30.pdf', 'DERIAN ISAAC POMA BARREZUETA', 'http://congresoutlvte.org/facped/Repositorio/Certificados/Estudiantes/', NULL, NULL, NULL, 14, NULL, NULL, NULL, NULL, NULL, NULL, NULL, NULL, NULL, NULL, NULL),
(545, 'ESTC-310.pdf', 'Bone Garrido Oliver Antonio', 'http://congresoutlvte.org/facped/Repositorio/Certificados/Estudiantes/', NULL, NULL, NULL, 14, NULL, NULL, NULL, NULL, NULL, NULL, NULL, NULL, NULL, NULL, NULL),
(546, 'ESTC-311.pdf', 'Bone Lopez Karla Gabriela', 'http://congresoutlvte.org/facped/Repositorio/Certificados/Estudiantes/', NULL, NULL, NULL, 14, NULL, NULL, NULL, NULL, NULL, NULL, NULL, NULL, NULL, NULL, NULL),
(547, 'ESTC-312.pdf', 'Bone Perlaza Pierina Paulette', 'http://congresoutlvte.org/facped/Repositorio/Certificados/Estudiantes/', NULL, NULL, NULL, 14, NULL, NULL, NULL, NULL, NULL, NULL, NULL, NULL, NULL, NULL, NULL),
(548, 'ESTC-313.pdf', 'Bone Ros Ana Gabriela', 'http://congresoutlvte.org/facped/Repositorio/Certificados/Estudiantes/', NULL, NULL, NULL, 14, NULL, NULL, NULL, NULL, NULL, NULL, NULL, NULL, NULL, NULL, NULL),
(549, 'ESTC-314.pdf', 'Borja Figueroa melanny anay', 'http://congresoutlvte.org/facped/Repositorio/Certificados/Estudiantes/', NULL, NULL, NULL, 14, NULL, NULL, NULL, NULL, NULL, NULL, NULL, NULL, NULL, NULL, NULL),
(550, 'ESTC-315.pdf', 'Boya Merchancano Jorge Leo', 'http://congresoutlvte.org/facped/Repositorio/Certificados/Estudiantes/', NULL, NULL, NULL, 14, NULL, NULL, NULL, NULL, NULL, NULL, NULL, NULL, NULL, NULL, NULL),
(551, 'ESTC-316.pdf', 'Bravo Aapa Evelyn viviana', 'http://congresoutlvte.org/facped/Repositorio/Certificados/Estudiantes/', NULL, NULL, NULL, 14, NULL, NULL, NULL, NULL, NULL, NULL, NULL, NULL, NULL, NULL, NULL),
(552, 'ESTC-317.pdf', 'Bravo Solrzano Fanny Maritza', 'http://congresoutlvte.org/facped/Repositorio/Certificados/Estudiantes/', NULL, NULL, NULL, 14, NULL, NULL, NULL, NULL, NULL, NULL, NULL, NULL, NULL, NULL, NULL),
(553, 'ESTC-318.pdf', 'Bravo Tapia Diana Alexandra', 'http://congresoutlvte.org/facped/Repositorio/Certificados/Estudiantes/', NULL, NULL, NULL, 14, NULL, NULL, NULL, NULL, NULL, NULL, NULL, NULL, NULL, NULL, NULL),
(554, 'ESTC-319.pdf', 'Brenda Sofa Valencia Castillo', 'http://congresoutlvte.org/facped/Repositorio/Certificados/Estudiantes/', NULL, NULL, NULL, 14, NULL, NULL, NULL, NULL, NULL, NULL, NULL, NULL, NULL, NULL, NULL),
(555, 'ESTC-31.pdf', 'GENESSIS NAYELI LPEZ MANZABA', 'http://congresoutlvte.org/facped/Repositorio/Certificados/Estudiantes/', NULL, NULL, NULL, 14, NULL, NULL, NULL, NULL, NULL, NULL, NULL, NULL, NULL, NULL, NULL),
(556, 'ESTC-320.pdf', 'Briones Vera Matilde Asuncion', 'http://congresoutlvte.org/facped/Repositorio/Certificados/Estudiantes/', NULL, NULL, NULL, 14, NULL, NULL, NULL, NULL, NULL, NULL, NULL, NULL, NULL, NULL, NULL),
(557, 'ESTC-321.pdf', 'Bucheli Bone Jamileth Alejandra', 'http://congresoutlvte.org/facped/Repositorio/Certificados/Estudiantes/', NULL, NULL, NULL, 14, NULL, NULL, NULL, NULL, NULL, NULL, NULL, NULL, NULL, NULL, NULL),
(558, 'ESTC-322.pdf', 'Burbano Cabeza Jenny Valeria', 'http://congresoutlvte.org/facped/Repositorio/Certificados/Estudiantes/', NULL, NULL, NULL, 14, NULL, NULL, NULL, NULL, NULL, NULL, NULL, NULL, NULL, NULL, NULL),
(559, 'ESTC-323.pdf', 'Bustamante Piza Nayely Paulina', 'http://congresoutlvte.org/facped/Repositorio/Certificados/Estudiantes/', NULL, NULL, NULL, 14, NULL, NULL, NULL, NULL, NULL, NULL, NULL, NULL, NULL, NULL, NULL),
(560, 'ESTC-324.pdf', 'Cabeza cagua angela daniela', 'http://congresoutlvte.org/facped/Repositorio/Certificados/Estudiantes/', NULL, NULL, NULL, 14, NULL, NULL, NULL, NULL, NULL, NULL, NULL, NULL, NULL, NULL, NULL),
(561, 'ESTC-325.pdf', 'Cabeza Godoy Leidys Jajaira', 'http://congresoutlvte.org/facped/Repositorio/Certificados/Estudiantes/', NULL, NULL, NULL, 14, NULL, NULL, NULL, NULL, NULL, NULL, NULL, NULL, NULL, NULL, NULL),
(562, 'ESTC-326.pdf', 'Cabeza Meza Diana Narcisa', 'http://congresoutlvte.org/facped/Repositorio/Certificados/Estudiantes/', NULL, NULL, NULL, 14, NULL, NULL, NULL, NULL, NULL, NULL, NULL, NULL, NULL, NULL, NULL),
(563, 'ESTC-327.pdf', 'Cabeza Nazareno Kennis Cabeza', 'http://congresoutlvte.org/facped/Repositorio/Certificados/Estudiantes/', NULL, NULL, NULL, 14, NULL, NULL, NULL, NULL, NULL, NULL, NULL, NULL, NULL, NULL, NULL),
(564, 'ESTC-328.pdf', 'Cabeza Zatizabal Rosy Isela', 'http://congresoutlvte.org/facped/Repositorio/Certificados/Estudiantes/', NULL, NULL, NULL, 14, NULL, NULL, NULL, NULL, NULL, NULL, NULL, NULL, NULL, NULL, NULL),
(565, 'ESTC-329.pdf', 'Cabezas Arcentales Amrica Vanessa', 'http://congresoutlvte.org/facped/Repositorio/Certificados/Estudiantes/', NULL, NULL, NULL, 14, NULL, NULL, NULL, NULL, NULL, NULL, NULL, NULL, NULL, NULL, NULL),
(566, 'ESTC-32.pdf', 'GANDY MINA BARAHONA', 'http://congresoutlvte.org/facped/Repositorio/Certificados/Estudiantes/', NULL, NULL, NULL, 14, NULL, NULL, NULL, NULL, NULL, NULL, NULL, NULL, NULL, NULL, NULL),
(567, 'ESTC-330.pdf', 'Cabezas Klinger Anny Alison', 'http://congresoutlvte.org/facped/Repositorio/Certificados/Estudiantes/', NULL, NULL, NULL, 14, NULL, NULL, NULL, NULL, NULL, NULL, NULL, NULL, NULL, NULL, NULL),
(568, 'ESTC-331.pdf', 'Cabezas Pianchiche Jaritza Jamileth', 'http://congresoutlvte.org/facped/Repositorio/Certificados/Estudiantes/', NULL, NULL, NULL, 14, NULL, NULL, NULL, NULL, NULL, NULL, NULL, NULL, NULL, NULL, NULL),
(569, 'ESTC-332.pdf', 'Cabrera Cortez Carla Viviana', 'http://congresoutlvte.org/facped/Repositorio/Certificados/Estudiantes/', NULL, NULL, NULL, 14, NULL, NULL, NULL, NULL, NULL, NULL, NULL, NULL, NULL, NULL, NULL),
(570, 'ESTC-333.pdf', 'Cadena Segura Deyanira Marisley', 'http://congresoutlvte.org/facped/Repositorio/Certificados/Estudiantes/', NULL, NULL, NULL, 14, NULL, NULL, NULL, NULL, NULL, NULL, NULL, NULL, NULL, NULL, NULL),
(571, 'ESTC-334.pdf', 'Cagua Quinez Carmen karina', 'http://congresoutlvte.org/facped/Repositorio/Certificados/Estudiantes/', NULL, NULL, NULL, 14, NULL, NULL, NULL, NULL, NULL, NULL, NULL, NULL, NULL, NULL, NULL),
(572, 'ESTC-335.pdf', 'Cagua Valencia Nancy', 'http://congresoutlvte.org/facped/Repositorio/Certificados/Estudiantes/', NULL, NULL, NULL, 14, NULL, NULL, NULL, NULL, NULL, NULL, NULL, NULL, NULL, NULL, NULL),
(573, 'ESTC-336.pdf', 'Cagua Valencia Sandra Elena', 'http://congresoutlvte.org/facped/Repositorio/Certificados/Estudiantes/', NULL, NULL, NULL, 14, NULL, NULL, NULL, NULL, NULL, NULL, NULL, NULL, NULL, NULL, NULL),
(574, 'ESTC-337.pdf', 'Cagua Vera Stefany Jamileth', 'http://congresoutlvte.org/facped/Repositorio/Certificados/Estudiantes/', NULL, NULL, NULL, 14, NULL, NULL, NULL, NULL, NULL, NULL, NULL, NULL, NULL, NULL, NULL),
(575, 'ESTC-338.pdf', 'Caicedo Arroyo Andrea Cristina', 'http://congresoutlvte.org/facped/Repositorio/Certificados/Estudiantes/', NULL, NULL, NULL, 14, NULL, NULL, NULL, NULL, NULL, NULL, NULL, NULL, NULL, NULL, NULL),
(576, 'ESTC-339.pdf', 'Caicedo Arroyo Karol Yaritza', 'http://congresoutlvte.org/facped/Repositorio/Certificados/Estudiantes/', NULL, NULL, NULL, 14, NULL, NULL, NULL, NULL, NULL, NULL, NULL, NULL, NULL, NULL, NULL),
(577, 'ESTC-33.pdf', 'KEVIN CEVALLOS VERNAZA', 'http://congresoutlvte.org/facped/Repositorio/Certificados/Estudiantes/', NULL, NULL, NULL, 14, NULL, NULL, NULL, NULL, NULL, NULL, NULL, NULL, NULL, NULL, NULL),
(578, 'ESTC-340.pdf', 'Caicedo Caicedo Denice Vihanney', 'http://congresoutlvte.org/facped/Repositorio/Certificados/Estudiantes/', NULL, NULL, NULL, 14, NULL, NULL, NULL, NULL, NULL, NULL, NULL, NULL, NULL, NULL, NULL),
(579, 'ESTC-341.pdf', 'Caicedo Camacho Gissella Elaine', 'http://congresoutlvte.org/facped/Repositorio/Certificados/Estudiantes/', NULL, NULL, NULL, 14, NULL, NULL, NULL, NULL, NULL, NULL, NULL, NULL, NULL, NULL, NULL),
(580, 'ESTC-342.pdf', 'Caicedo Cervera Milissen Johanna', 'http://congresoutlvte.org/facped/Repositorio/Certificados/Estudiantes/', NULL, NULL, NULL, 14, NULL, NULL, NULL, NULL, NULL, NULL, NULL, NULL, NULL, NULL, NULL),
(581, 'ESTC-343.pdf', 'Caicedo Cortez Yisbeth Tamara', 'http://congresoutlvte.org/facped/Repositorio/Certificados/Estudiantes/', NULL, NULL, NULL, 14, NULL, NULL, NULL, NULL, NULL, NULL, NULL, NULL, NULL, NULL, NULL),
(582, 'ESTC-344.pdf', 'Caicedo Flores Ana Gabriela', 'http://congresoutlvte.org/facped/Repositorio/Certificados/Estudiantes/', NULL, NULL, NULL, 14, NULL, NULL, NULL, NULL, NULL, NULL, NULL, NULL, NULL, NULL, NULL),
(583, 'ESTC-345.pdf', 'Caicedo Martnez Rosa ngela', 'http://congresoutlvte.org/facped/Repositorio/Certificados/Estudiantes/', NULL, NULL, NULL, 14, NULL, NULL, NULL, NULL, NULL, NULL, NULL, NULL, NULL, NULL, NULL),
(584, 'ESTC-346.pdf', 'Caicedo Ortiz Wendy Alicia.', 'http://congresoutlvte.org/facped/Repositorio/Certificados/Estudiantes/', NULL, NULL, NULL, 14, NULL, NULL, NULL, NULL, NULL, NULL, NULL, NULL, NULL, NULL, NULL),
(585, 'ESTC-347.pdf', 'Caicedo Perlaza Jenniffer Alexandra', 'http://congresoutlvte.org/facped/Repositorio/Certificados/Estudiantes/', NULL, NULL, NULL, 14, NULL, NULL, NULL, NULL, NULL, NULL, NULL, NULL, NULL, NULL, NULL),
(586, 'ESTC-348.pdf', 'Caicedo Quintero Katty Anglica', 'http://congresoutlvte.org/facped/Repositorio/Certificados/Estudiantes/', NULL, NULL, NULL, 14, NULL, NULL, NULL, NULL, NULL, NULL, NULL, NULL, NULL, NULL, NULL),
(587, 'ESTC-349.pdf', 'Caicedo Quionez Elieth Janorieth', 'http://congresoutlvte.org/facped/Repositorio/Certificados/Estudiantes/', NULL, NULL, NULL, 14, NULL, NULL, NULL, NULL, NULL, NULL, NULL, NULL, NULL, NULL, NULL),
(588, 'ESTC-34.pdf', 'MILAGRO GABRIELA SOLES SOLIS', 'http://congresoutlvte.org/facped/Repositorio/Certificados/Estudiantes/', NULL, NULL, NULL, 14, NULL, NULL, NULL, NULL, NULL, NULL, NULL, NULL, NULL, NULL, NULL),
(589, 'ESTC-350.pdf', 'Caicedo Tufio Briggite', 'http://congresoutlvte.org/facped/Repositorio/Certificados/Estudiantes/', NULL, NULL, NULL, 14, NULL, NULL, NULL, NULL, NULL, NULL, NULL, NULL, NULL, NULL, NULL),
(590, 'ESTC-351.pdf', 'Caicedo Valencia Julissa Nohemi', 'http://congresoutlvte.org/facped/Repositorio/Certificados/Estudiantes/', NULL, NULL, NULL, 14, NULL, NULL, NULL, NULL, NULL, NULL, NULL, NULL, NULL, NULL, NULL),
(591, 'ESTC-352.pdf', 'Caiza Manzaba Carla Pilar', 'http://congresoutlvte.org/facped/Repositorio/Certificados/Estudiantes/', NULL, NULL, NULL, 14, NULL, NULL, NULL, NULL, NULL, NULL, NULL, NULL, NULL, NULL, NULL),
(592, 'ESTC-353.pdf', 'Callaveral Bolaos Evelin Liliana', 'http://congresoutlvte.org/facped/Repositorio/Certificados/Estudiantes/', NULL, NULL, NULL, 14, NULL, NULL, NULL, NULL, NULL, NULL, NULL, NULL, NULL, NULL, NULL),
(593, 'ESTC-354.pdf', 'Camacho Godoy Genesis Julissa', 'http://congresoutlvte.org/facped/Repositorio/Certificados/Estudiantes/', NULL, NULL, NULL, 14, NULL, NULL, NULL, NULL, NULL, NULL, NULL, NULL, NULL, NULL, NULL),
(594, 'ESTC-355.pdf', 'Camacho Martnez Tamara Irene', 'http://congresoutlvte.org/facped/Repositorio/Certificados/Estudiantes/', NULL, NULL, NULL, 14, NULL, NULL, NULL, NULL, NULL, NULL, NULL, NULL, NULL, NULL, NULL),
(595, 'ESTC-356.pdf', 'Campaa Bone Carlos Alberto', 'http://congresoutlvte.org/facped/Repositorio/Certificados/Estudiantes/', NULL, NULL, NULL, 14, NULL, NULL, NULL, NULL, NULL, NULL, NULL, NULL, NULL, NULL, NULL),
(596, 'ESTC-357.pdf', 'Campusano Cheme Romina Naidelyn', 'http://congresoutlvte.org/facped/Repositorio/Certificados/Estudiantes/', NULL, NULL, NULL, 14, NULL, NULL, NULL, NULL, NULL, NULL, NULL, NULL, NULL, NULL, NULL),
(597, 'ESTC-358.pdf', 'Cando Zamora Ashley Lisbeth', 'http://congresoutlvte.org/facped/Repositorio/Certificados/Estudiantes/', NULL, NULL, NULL, 14, NULL, NULL, NULL, NULL, NULL, NULL, NULL, NULL, NULL, NULL, NULL),
(598, 'ESTC-359.pdf', 'Caizarez Valencia gnesis Abigail', 'http://congresoutlvte.org/facped/Repositorio/Certificados/Estudiantes/', NULL, NULL, NULL, 14, NULL, NULL, NULL, NULL, NULL, NULL, NULL, NULL, NULL, NULL, NULL),
(599, 'ESTC-35.pdf', 'NESTOR ABRAHAN SANIPATIN MELVILLA', 'http://congresoutlvte.org/facped/Repositorio/Certificados/Estudiantes/', NULL, NULL, NULL, 14, NULL, NULL, NULL, NULL, NULL, NULL, NULL, NULL, NULL, NULL, NULL),
(600, 'ESTC-360.pdf', 'Caola Madrid Mateo Ral', 'http://congresoutlvte.org/facped/Repositorio/Certificados/Estudiantes/', NULL, NULL, NULL, 14, NULL, NULL, NULL, NULL, NULL, NULL, NULL, NULL, NULL, NULL, NULL),
(601, 'ESTC-361.pdf', 'Caola Quionez Sara del Carmen', 'http://congresoutlvte.org/facped/Repositorio/Certificados/Estudiantes/', NULL, NULL, NULL, 14, NULL, NULL, NULL, NULL, NULL, NULL, NULL, NULL, NULL, NULL, NULL),
(602, 'ESTC-362.pdf', 'Caola Vera Gnesis Mishelle', 'http://congresoutlvte.org/facped/Repositorio/Certificados/Estudiantes/', NULL, NULL, NULL, 14, NULL, NULL, NULL, NULL, NULL, NULL, NULL, NULL, NULL, NULL, NULL),
(603, 'ESTC-363.pdf', 'Capena Trejo Helen Melissa', 'http://congresoutlvte.org/facped/Repositorio/Certificados/Estudiantes/', NULL, NULL, NULL, 14, NULL, NULL, NULL, NULL, NULL, NULL, NULL, NULL, NULL, NULL, NULL),
(604, 'ESTC-364.pdf', 'Perea Montero Carlos Andres', 'http://congresoutlvte.org/facped/Repositorio/Certificados/Estudiantes/', NULL, NULL, NULL, 14, NULL, NULL, NULL, NULL, NULL, NULL, NULL, NULL, NULL, NULL, NULL),
(605, 'ESTC-365.pdf', 'Chica Vizcano Carlos Javier', 'http://congresoutlvte.org/facped/Repositorio/Certificados/Estudiantes/', NULL, NULL, NULL, 14, NULL, NULL, NULL, NULL, NULL, NULL, NULL, NULL, NULL, NULL, NULL),
(606, 'ESTC-366.pdf', 'Carmen Zambrano Pinto', 'http://congresoutlvte.org/facped/Repositorio/Certificados/Estudiantes/', NULL, NULL, NULL, 14, NULL, NULL, NULL, NULL, NULL, NULL, NULL, NULL, NULL, NULL, NULL),
(607, 'ESTC-367.pdf', 'Carrasco Escobar Alisson Arianna', 'http://congresoutlvte.org/facped/Repositorio/Certificados/Estudiantes/', NULL, NULL, NULL, 14, NULL, NULL, NULL, NULL, NULL, NULL, NULL, NULL, NULL, NULL, NULL),
(608, 'ESTC-368.pdf', 'Carrasco Vega Wilson wilfrido', 'http://congresoutlvte.org/facped/Repositorio/Certificados/Estudiantes/', NULL, NULL, NULL, 14, NULL, NULL, NULL, NULL, NULL, NULL, NULL, NULL, NULL, NULL, NULL),
(609, 'ESTC-369.pdf', 'Carvache Aguilar Isaac Enrique', 'http://congresoutlvte.org/facped/Repositorio/Certificados/Estudiantes/', NULL, NULL, NULL, 14, NULL, NULL, NULL, NULL, NULL, NULL, NULL, NULL, NULL, NULL, NULL),
(610, 'ESTC-36.pdf', 'DIEGO FERNANDO MASO PERDOMO', 'http://congresoutlvte.org/facped/Repositorio/Certificados/Estudiantes/', NULL, NULL, NULL, 14, NULL, NULL, NULL, NULL, NULL, NULL, NULL, NULL, NULL, NULL, NULL),
(611, 'ESTC-370.pdf', 'Carvache Burbano Maria Del Carmen', 'http://congresoutlvte.org/facped/Repositorio/Certificados/Estudiantes/', NULL, NULL, NULL, 14, NULL, NULL, NULL, NULL, NULL, NULL, NULL, NULL, NULL, NULL, NULL),
(612, 'ESTC-371.pdf', 'Carvajal Arcaye Victor Emanuel', 'http://congresoutlvte.org/facped/Repositorio/Certificados/Estudiantes/', NULL, NULL, NULL, 14, NULL, NULL, NULL, NULL, NULL, NULL, NULL, NULL, NULL, NULL, NULL),
(613, 'ESTC-372.pdf', 'Casierra Casierra Maria Alejandra', 'http://congresoutlvte.org/facped/Repositorio/Certificados/Estudiantes/', NULL, NULL, NULL, 14, NULL, NULL, NULL, NULL, NULL, NULL, NULL, NULL, NULL, NULL, NULL),
(614, 'ESTC-373.pdf', 'Castillo Alvarez Johanna Isayanna', 'http://congresoutlvte.org/facped/Repositorio/Certificados/Estudiantes/', NULL, NULL, NULL, 14, NULL, NULL, NULL, NULL, NULL, NULL, NULL, NULL, NULL, NULL, NULL),
(615, 'ESTC-374.pdf', 'Castillo Cortez Cinthya Jomaira', 'http://congresoutlvte.org/facped/Repositorio/Certificados/Estudiantes/', NULL, NULL, NULL, 14, NULL, NULL, NULL, NULL, NULL, NULL, NULL, NULL, NULL, NULL, NULL),
(616, 'ESTC-375.pdf', 'Castillo Esmeralda Jos Ramn', 'http://congresoutlvte.org/facped/Repositorio/Certificados/Estudiantes/', NULL, NULL, NULL, 14, NULL, NULL, NULL, NULL, NULL, NULL, NULL, NULL, NULL, NULL, NULL),
(617, 'ESTC-376.pdf', 'Castillo Francis Carmen Catherine', 'http://congresoutlvte.org/facped/Repositorio/Certificados/Estudiantes/', NULL, NULL, NULL, 14, NULL, NULL, NULL, NULL, NULL, NULL, NULL, NULL, NULL, NULL, NULL),
(618, 'ESTC-377.pdf', 'Castillo Gmez Kimberly Stefania', 'http://congresoutlvte.org/facped/Repositorio/Certificados/Estudiantes/', NULL, NULL, NULL, 14, NULL, NULL, NULL, NULL, NULL, NULL, NULL, NULL, NULL, NULL, NULL),
(619, 'ESTC-378.pdf', 'Castillo Monzn Bania Julissa', 'http://congresoutlvte.org/facped/Repositorio/Certificados/Estudiantes/', NULL, NULL, NULL, 14, NULL, NULL, NULL, NULL, NULL, NULL, NULL, NULL, NULL, NULL, NULL),
(620, 'ESTC-379.pdf', 'Castillo Quintero Lucciola Emiliana', 'http://congresoutlvte.org/facped/Repositorio/Certificados/Estudiantes/', NULL, NULL, NULL, 14, NULL, NULL, NULL, NULL, NULL, NULL, NULL, NULL, NULL, NULL, NULL),
(621, 'ESTC-37.pdf', 'ERICKA PERLAZA PERALTA', 'http://congresoutlvte.org/facped/Repositorio/Certificados/Estudiantes/', NULL, NULL, NULL, 14, NULL, NULL, NULL, NULL, NULL, NULL, NULL, NULL, NULL, NULL, NULL),
(622, 'ESTC-380.pdf', 'Castillo Quionez Julia Roxana', 'http://congresoutlvte.org/facped/Repositorio/Certificados/Estudiantes/', NULL, NULL, NULL, 14, NULL, NULL, NULL, NULL, NULL, NULL, NULL, NULL, NULL, NULL, NULL),
(623, 'ESTC-381.pdf', 'Castillo Rodrguez Michelle Carolina', 'http://congresoutlvte.org/facped/Repositorio/Certificados/Estudiantes/', NULL, NULL, NULL, 14, NULL, NULL, NULL, NULL, NULL, NULL, NULL, NULL, NULL, NULL, NULL),
(624, 'ESTC-382.pdf', 'Castillo Salas Katherine Elizabeth', 'http://congresoutlvte.org/facped/Repositorio/Certificados/Estudiantes/', NULL, NULL, NULL, 14, NULL, NULL, NULL, NULL, NULL, NULL, NULL, NULL, NULL, NULL, NULL),
(625, 'ESTC-383.pdf', 'Castillo Simisterra Julissa Daniela', 'http://congresoutlvte.org/facped/Repositorio/Certificados/Estudiantes/', NULL, NULL, NULL, 14, NULL, NULL, NULL, NULL, NULL, NULL, NULL, NULL, NULL, NULL, NULL),
(626, 'ESTC-384.pdf', 'Cayaveral Orobio Adonis Joao', 'http://congresoutlvte.org/facped/Repositorio/Certificados/Estudiantes/', NULL, NULL, NULL, 14, NULL, NULL, NULL, NULL, NULL, NULL, NULL, NULL, NULL, NULL, NULL),
(627, 'ESTC-385.pdf', 'Cedeo Bone Emiliana Emanuela', 'http://congresoutlvte.org/facped/Repositorio/Certificados/Estudiantes/', NULL, NULL, NULL, 14, NULL, NULL, NULL, NULL, NULL, NULL, NULL, NULL, NULL, NULL, NULL),
(628, 'ESTC-386.pdf', 'Cedeo Bustamante Janeth Mercedes', 'http://congresoutlvte.org/facped/Repositorio/Certificados/Estudiantes/', NULL, NULL, NULL, 14, NULL, NULL, NULL, NULL, NULL, NULL, NULL, NULL, NULL, NULL, NULL),
(629, 'ESTC-387.pdf', 'Cedeo Lucas Andrea Natali', 'http://congresoutlvte.org/facped/Repositorio/Certificados/Estudiantes/', NULL, NULL, NULL, 14, NULL, NULL, NULL, NULL, NULL, NULL, NULL, NULL, NULL, NULL, NULL),
(630, 'ESTC-388.pdf', 'Cedeo Morejn Catherine Alexandra', 'http://congresoutlvte.org/facped/Repositorio/Certificados/Estudiantes/', NULL, NULL, NULL, 14, NULL, NULL, NULL, NULL, NULL, NULL, NULL, NULL, NULL, NULL, NULL),
(631, 'ESTC-389.pdf', 'Celorio Quionez Sabrina Zuleika', 'http://congresoutlvte.org/facped/Repositorio/Certificados/Estudiantes/', NULL, NULL, NULL, 14, NULL, NULL, NULL, NULL, NULL, NULL, NULL, NULL, NULL, NULL, NULL),
(632, 'ESTC-38.pdf', 'MAURO ARROYO MAIRONGO', 'http://congresoutlvte.org/facped/Repositorio/Certificados/Estudiantes/', NULL, NULL, NULL, 14, NULL, NULL, NULL, NULL, NULL, NULL, NULL, NULL, NULL, NULL, NULL),
(633, 'ESTC-390.pdf', 'Centeno Domnguez Johana del Roco', 'http://congresoutlvte.org/facped/Repositorio/Certificados/Estudiantes/', NULL, NULL, NULL, 14, NULL, NULL, NULL, NULL, NULL, NULL, NULL, NULL, NULL, NULL, NULL),
(634, 'ESTC-391.pdf', 'Cevallos Bautista Jessica Jasmin', 'http://congresoutlvte.org/facped/Repositorio/Certificados/Estudiantes/', NULL, NULL, NULL, 14, NULL, NULL, NULL, NULL, NULL, NULL, NULL, NULL, NULL, NULL, NULL),
(635, 'ESTC-392.pdf', 'Cevallos Bautista Mara Angelina', 'http://congresoutlvte.org/facped/Repositorio/Certificados/Estudiantes/', NULL, NULL, NULL, 14, NULL, NULL, NULL, NULL, NULL, NULL, NULL, NULL, NULL, NULL, NULL),
(636, 'ESTC-393.pdf', 'Cevallos Bustos Nancy Rosa', 'http://congresoutlvte.org/facped/Repositorio/Certificados/Estudiantes/', NULL, NULL, NULL, 14, NULL, NULL, NULL, NULL, NULL, NULL, NULL, NULL, NULL, NULL, NULL),
(637, 'ESTC-394.pdf', 'Cevallos Cabeza Jesenia Cecibel', 'http://congresoutlvte.org/facped/Repositorio/Certificados/Estudiantes/', NULL, NULL, NULL, 14, NULL, NULL, NULL, NULL, NULL, NULL, NULL, NULL, NULL, NULL, NULL),
(638, 'ESTC-395.pdf', 'Cevallos Porozo Wendy Paola', 'http://congresoutlvte.org/facped/Repositorio/Certificados/Estudiantes/', NULL, NULL, NULL, 14, NULL, NULL, NULL, NULL, NULL, NULL, NULL, NULL, NULL, NULL, NULL),
(639, 'ESTC-396.pdf', 'Chalaco Castro Lady Aracely', 'http://congresoutlvte.org/facped/Repositorio/Certificados/Estudiantes/', NULL, NULL, NULL, 14, NULL, NULL, NULL, NULL, NULL, NULL, NULL, NULL, NULL, NULL, NULL),
(640, 'ESTC-397.pdf', 'Chalar Vivas Michelle Alejandra', 'http://congresoutlvte.org/facped/Repositorio/Certificados/Estudiantes/', NULL, NULL, NULL, 14, NULL, NULL, NULL, NULL, NULL, NULL, NULL, NULL, NULL, NULL, NULL),
(641, 'ESTC-398.pdf', 'Chalen Flores Vincent Jhareft', 'http://congresoutlvte.org/facped/Repositorio/Certificados/Estudiantes/', NULL, NULL, NULL, 14, NULL, NULL, NULL, NULL, NULL, NULL, NULL, NULL, NULL, NULL, NULL),
(642, 'ESTC-399.pdf', 'Chamorro Guagua Diana del Roco', 'http://congresoutlvte.org/facped/Repositorio/Certificados/Estudiantes/', NULL, NULL, NULL, 14, NULL, NULL, NULL, NULL, NULL, NULL, NULL, NULL, NULL, NULL, NULL),
(643, 'ESTC-39.pdf', 'KATHERINE ESTEFANIA VARGAS TORRES', 'http://congresoutlvte.org/facped/Repositorio/Certificados/Estudiantes/', NULL, NULL, NULL, 14, NULL, NULL, NULL, NULL, NULL, NULL, NULL, NULL, NULL, NULL, NULL),
(644, 'ESTC-3.pdf', 'MISCHELLE ORTIZ MIDEROS', 'http://congresoutlvte.org/facped/Repositorio/Certificados/Estudiantes/', NULL, NULL, NULL, 14, NULL, NULL, NULL, NULL, NULL, NULL, NULL, NULL, NULL, NULL, NULL),
(645, 'ESTC-400.pdf', 'Charcopa Gruezo Betsabeth Ruth', 'http://congresoutlvte.org/facped/Repositorio/Certificados/Estudiantes/', NULL, NULL, NULL, 14, NULL, NULL, NULL, NULL, NULL, NULL, NULL, NULL, NULL, NULL, NULL),
(646, 'ESTC-401.pdf', 'Charcopa Medina Andrea Melisa', 'http://congresoutlvte.org/facped/Repositorio/Certificados/Estudiantes/', NULL, NULL, NULL, 14, NULL, NULL, NULL, NULL, NULL, NULL, NULL, NULL, NULL, NULL, NULL),
(647, 'ESTC-402.pdf', 'Chaves Quionez Helen', 'http://congresoutlvte.org/facped/Repositorio/Certificados/Estudiantes/', NULL, NULL, NULL, 14, NULL, NULL, NULL, NULL, NULL, NULL, NULL, NULL, NULL, NULL, NULL),
(648, 'ESTC-403.pdf', 'Chavez Bagui Elaine Ibeth', 'http://congresoutlvte.org/facped/Repositorio/Certificados/Estudiantes/', NULL, NULL, NULL, 14, NULL, NULL, NULL, NULL, NULL, NULL, NULL, NULL, NULL, NULL, NULL),
(649, 'ESTC-404.pdf', 'Chvez Vlez Yesther Liliana', 'http://congresoutlvte.org/facped/Repositorio/Certificados/Estudiantes/', NULL, NULL, NULL, 14, NULL, NULL, NULL, NULL, NULL, NULL, NULL, NULL, NULL, NULL, NULL),
(650, 'ESTC-405.pdf', 'Cheme Jimnez Jessenia Elizabeth.', 'http://congresoutlvte.org/facped/Repositorio/Certificados/Estudiantes/', NULL, NULL, NULL, 14, NULL, NULL, NULL, NULL, NULL, NULL, NULL, NULL, NULL, NULL, NULL),
(651, 'ESTC-406.pdf', 'Cheme Montao Nicol Estefani', 'http://congresoutlvte.org/facped/Repositorio/Certificados/Estudiantes/', NULL, NULL, NULL, 14, NULL, NULL, NULL, NULL, NULL, NULL, NULL, NULL, NULL, NULL, NULL),
(652, 'ESTC-407.pdf', 'Cherrez Vasco Mara Beln', 'http://congresoutlvte.org/facped/Repositorio/Certificados/Estudiantes/', NULL, NULL, NULL, 14, NULL, NULL, NULL, NULL, NULL, NULL, NULL, NULL, NULL, NULL, NULL),
(653, 'ESTC-408.pdf', 'Chica Cacique Janeth Alexandra', 'http://congresoutlvte.org/facped/Repositorio/Certificados/Estudiantes/', NULL, NULL, NULL, 14, NULL, NULL, NULL, NULL, NULL, NULL, NULL, NULL, NULL, NULL, NULL),
(654, 'ESTC-409.pdf', 'Chichande Bone Ana Mara', 'http://congresoutlvte.org/facped/Repositorio/Certificados/Estudiantes/', NULL, NULL, NULL, 14, NULL, NULL, NULL, NULL, NULL, NULL, NULL, NULL, NULL, NULL, NULL),
(655, 'ESTC-40.pdf', 'YUMIQUINGA NAPA', 'http://congresoutlvte.org/facped/Repositorio/Certificados/Estudiantes/', NULL, NULL, NULL, 14, NULL, NULL, NULL, NULL, NULL, NULL, NULL, NULL, NULL, NULL, NULL),
(656, 'ESTC-410.pdf', 'Chichande Bone Diana Carolina', 'http://congresoutlvte.org/facped/Repositorio/Certificados/Estudiantes/', NULL, NULL, NULL, 14, NULL, NULL, NULL, NULL, NULL, NULL, NULL, NULL, NULL, NULL, NULL),
(657, 'ESTC-411.pdf', 'Chichande Delgado Maira Cecibel', 'http://congresoutlvte.org/facped/Repositorio/Certificados/Estudiantes/', NULL, NULL, NULL, 14, NULL, NULL, NULL, NULL, NULL, NULL, NULL, NULL, NULL, NULL, NULL),
(658, 'ESTC-412.pdf', 'Chichande Gomez Genesis Comaira', 'http://congresoutlvte.org/facped/Repositorio/Certificados/Estudiantes/', NULL, NULL, NULL, 14, NULL, NULL, NULL, NULL, NULL, NULL, NULL, NULL, NULL, NULL, NULL),
(659, 'ESTC-413.pdf', 'Chichande Torres Jhonny Joel', 'http://congresoutlvte.org/facped/Repositorio/Certificados/Estudiantes/', NULL, NULL, NULL, 14, NULL, NULL, NULL, NULL, NULL, NULL, NULL, NULL, NULL, NULL, NULL),
(660, 'ESTC-414.pdf', 'Chichande Veliz Joselyn Liliana', 'http://congresoutlvte.org/facped/Repositorio/Certificados/Estudiantes/', NULL, NULL, NULL, 14, NULL, NULL, NULL, NULL, NULL, NULL, NULL, NULL, NULL, NULL, NULL),
(661, 'ESTC-415.pdf', 'Chichande Vernaza Naidelin Melissa', 'http://congresoutlvte.org/facped/Repositorio/Certificados/Estudiantes/', NULL, NULL, NULL, 14, NULL, NULL, NULL, NULL, NULL, NULL, NULL, NULL, NULL, NULL, NULL),
(662, 'ESTC-416.pdf', 'Chichande Zambrano Beln Mishelle', 'http://congresoutlvte.org/facped/Repositorio/Certificados/Estudiantes/', NULL, NULL, NULL, 14, NULL, NULL, NULL, NULL, NULL, NULL, NULL, NULL, NULL, NULL, NULL),
(663, 'ESTC-417.pdf', 'Chila Bagui Irene Jamileth', 'http://congresoutlvte.org/facped/Repositorio/Certificados/Estudiantes/', NULL, NULL, NULL, 14, NULL, NULL, NULL, NULL, NULL, NULL, NULL, NULL, NULL, NULL, NULL),
(664, 'ESTC-418.pdf', 'Chila Campas Elian Leonardo', 'http://congresoutlvte.org/facped/Repositorio/Certificados/Estudiantes/', NULL, NULL, NULL, 14, NULL, NULL, NULL, NULL, NULL, NULL, NULL, NULL, NULL, NULL, NULL),
(665, 'ESTC-419.pdf', 'Chila Mosquera Aileen Leonela', 'http://congresoutlvte.org/facped/Repositorio/Certificados/Estudiantes/', NULL, NULL, NULL, 14, NULL, NULL, NULL, NULL, NULL, NULL, NULL, NULL, NULL, NULL, NULL),
(666, 'ESTC-41.pdf', 'ERICK TUAREZ MOREIRA', 'http://congresoutlvte.org/facped/Repositorio/Certificados/Estudiantes/', NULL, NULL, NULL, 14, NULL, NULL, NULL, NULL, NULL, NULL, NULL, NULL, NULL, NULL, NULL),
(667, 'ESTC-420.pdf', 'Chila nevares margareth Elizabeth', 'http://congresoutlvte.org/facped/Repositorio/Certificados/Estudiantes/', NULL, NULL, NULL, 14, NULL, NULL, NULL, NULL, NULL, NULL, NULL, NULL, NULL, NULL, NULL),
(668, 'ESTC-421.pdf', 'Chila Ortiz Matilde Alexandra', 'http://congresoutlvte.org/facped/Repositorio/Certificados/Estudiantes/', NULL, NULL, NULL, 14, NULL, NULL, NULL, NULL, NULL, NULL, NULL, NULL, NULL, NULL, NULL),
(669, 'ESTC-422.pdf', 'Chila Paredes Maria Rocio', 'http://congresoutlvte.org/facped/Repositorio/Certificados/Estudiantes/', NULL, NULL, NULL, 14, NULL, NULL, NULL, NULL, NULL, NULL, NULL, NULL, NULL, NULL, NULL),
(670, 'ESTC-423.pdf', 'Chila Quinez Damary Dayana', 'http://congresoutlvte.org/facped/Repositorio/Certificados/Estudiantes/', NULL, NULL, NULL, 14, NULL, NULL, NULL, NULL, NULL, NULL, NULL, NULL, NULL, NULL, NULL),
(671, 'ESTC-424.pdf', 'Chinga Banguera Karen Alexandra', 'http://congresoutlvte.org/facped/Repositorio/Certificados/Estudiantes/', NULL, NULL, NULL, 14, NULL, NULL, NULL, NULL, NULL, NULL, NULL, NULL, NULL, NULL, NULL),
(672, 'ESTC-425.pdf', 'Chinga Canga Aramis Matilde', 'http://congresoutlvte.org/facped/Repositorio/Certificados/Estudiantes/', NULL, NULL, NULL, 14, NULL, NULL, NULL, NULL, NULL, NULL, NULL, NULL, NULL, NULL, NULL),
(673, 'ESTC-426.pdf', 'Chinga Espinal Karol Vernica', 'http://congresoutlvte.org/facped/Repositorio/Certificados/Estudiantes/', NULL, NULL, NULL, 14, NULL, NULL, NULL, NULL, NULL, NULL, NULL, NULL, NULL, NULL, NULL),
(674, 'ESTC-427.pdf', 'Cifuente Cruel Yokasta Andrea', 'http://congresoutlvte.org/facped/Repositorio/Certificados/Estudiantes/', NULL, NULL, NULL, 14, NULL, NULL, NULL, NULL, NULL, NULL, NULL, NULL, NULL, NULL, NULL),
(675, 'ESTC-428.pdf', 'Clavijo Alcvar Kerli Katherine', 'http://congresoutlvte.org/facped/Repositorio/Certificados/Estudiantes/', NULL, NULL, NULL, 14, NULL, NULL, NULL, NULL, NULL, NULL, NULL, NULL, NULL, NULL, NULL),
(676, 'ESTC-429.pdf', 'Cobea Moreira NAYELI GISSELL', 'http://congresoutlvte.org/facped/Repositorio/Certificados/Estudiantes/', NULL, NULL, NULL, 14, NULL, NULL, NULL, NULL, NULL, NULL, NULL, NULL, NULL, NULL, NULL),
(677, 'ESTC-42.pdf', 'JESSY MOREIRA ANGULO', 'http://congresoutlvte.org/facped/Repositorio/Certificados/Estudiantes/', NULL, NULL, NULL, 14, NULL, NULL, NULL, NULL, NULL, NULL, NULL, NULL, NULL, NULL, NULL),
(678, 'ESTC-430.pdf', 'Coimen Prez Angelina Nicole', 'http://congresoutlvte.org/facped/Repositorio/Certificados/Estudiantes/', NULL, NULL, NULL, 14, NULL, NULL, NULL, NULL, NULL, NULL, NULL, NULL, NULL, NULL, NULL),
(679, 'ESTC-431.pdf', 'Coox Clavijo Leidy Elizabeth', 'http://congresoutlvte.org/facped/Repositorio/Certificados/Estudiantes/', NULL, NULL, NULL, 14, NULL, NULL, NULL, NULL, NULL, NULL, NULL, NULL, NULL, NULL, NULL),
(680, 'ESTC-432.pdf', 'Copete granja yaritza', 'http://congresoutlvte.org/facped/Repositorio/Certificados/Estudiantes/', NULL, NULL, NULL, 14, NULL, NULL, NULL, NULL, NULL, NULL, NULL, NULL, NULL, NULL, NULL),
(681, 'ESTC-433.pdf', 'Cordova Rivero Karen Sugey', 'http://congresoutlvte.org/facped/Repositorio/Certificados/Estudiantes/', NULL, NULL, NULL, 14, NULL, NULL, NULL, NULL, NULL, NULL, NULL, NULL, NULL, NULL, NULL);
INSERT INTO `certificado` (`idcertificado`, `archivo`, `propietario`, `ubicacion`, `evento`, `idevento`, `iddocumento`, `idtipodocu`, `posi_nomb_x`, `posi_nomb_y`, `ancho_x`, `alto_y`, `posi_fecha_x`, `posi_fecha_y`, `posi_codigo_x`, `posi_codigo_y`, `correohead`, `correofoot`, `correosubject`) VALUES
(682, 'ESTC-434.pdf', 'Corella Estacio Lilibeth Nathaly', 'http://congresoutlvte.org/facped/Repositorio/Certificados/Estudiantes/', NULL, NULL, NULL, 14, NULL, NULL, NULL, NULL, NULL, NULL, NULL, NULL, NULL, NULL, NULL),
(683, 'ESTC-435.pdf', 'Corozo castillo Jos tayson', 'http://congresoutlvte.org/facped/Repositorio/Certificados/Estudiantes/', NULL, NULL, NULL, 14, NULL, NULL, NULL, NULL, NULL, NULL, NULL, NULL, NULL, NULL, NULL),
(684, 'ESTC-436.pdf', 'Corozo Mina Nando David', 'http://congresoutlvte.org/facped/Repositorio/Certificados/Estudiantes/', NULL, NULL, NULL, 14, NULL, NULL, NULL, NULL, NULL, NULL, NULL, NULL, NULL, NULL, NULL),
(685, 'ESTC-437.pdf', 'Corozo Nazareno Karen Yusely', 'http://congresoutlvte.org/facped/Repositorio/Certificados/Estudiantes/', NULL, NULL, NULL, 14, NULL, NULL, NULL, NULL, NULL, NULL, NULL, NULL, NULL, NULL, NULL),
(686, 'ESTC-438.pdf', 'Cortez Bateoja Gabriela Maribel', 'http://congresoutlvte.org/facped/Repositorio/Certificados/Estudiantes/', NULL, NULL, NULL, 14, NULL, NULL, NULL, NULL, NULL, NULL, NULL, NULL, NULL, NULL, NULL),
(687, 'ESTC-439.pdf', 'Cortez Bateoja Melany Milena', 'http://congresoutlvte.org/facped/Repositorio/Certificados/Estudiantes/', NULL, NULL, NULL, 14, NULL, NULL, NULL, NULL, NULL, NULL, NULL, NULL, NULL, NULL, NULL),
(688, 'ESTC-43.pdf', 'MERCY CRISTHINA ANTE VALENCIA', 'http://congresoutlvte.org/facped/Repositorio/Certificados/Estudiantes/', NULL, NULL, NULL, 14, NULL, NULL, NULL, NULL, NULL, NULL, NULL, NULL, NULL, NULL, NULL),
(689, 'ESTC-440.pdf', 'Cortez Pinillo Deicy Michel', 'http://congresoutlvte.org/facped/Repositorio/Certificados/Estudiantes/', NULL, NULL, NULL, 14, NULL, NULL, NULL, NULL, NULL, NULL, NULL, NULL, NULL, NULL, NULL),
(690, 'ESTC-441.pdf', 'cortez zambrano maria nicole', 'http://congresoutlvte.org/facped/Repositorio/Certificados/Estudiantes/', NULL, NULL, NULL, 14, NULL, NULL, NULL, NULL, NULL, NULL, NULL, NULL, NULL, NULL, NULL),
(691, 'ESTC-442.pdf', 'Cotera Preciado Anais Janelly', 'http://congresoutlvte.org/facped/Repositorio/Certificados/Estudiantes/', NULL, NULL, NULL, 14, NULL, NULL, NULL, NULL, NULL, NULL, NULL, NULL, NULL, NULL, NULL),
(692, 'ESTC-443.pdf', 'Cotto Hernadez Xiomara Veronica', 'http://congresoutlvte.org/facped/Repositorio/Certificados/Estudiantes/', NULL, NULL, NULL, 14, NULL, NULL, NULL, NULL, NULL, NULL, NULL, NULL, NULL, NULL, NULL),
(693, 'ESTC-444.pdf', 'Cox Mosquera Angelica Maria', 'http://congresoutlvte.org/facped/Repositorio/Certificados/Estudiantes/', NULL, NULL, NULL, 14, NULL, NULL, NULL, NULL, NULL, NULL, NULL, NULL, NULL, NULL, NULL),
(694, 'ESTC-445.pdf', 'CRESPO ULLOA ANDREA ANNABELLA', 'http://congresoutlvte.org/facped/Repositorio/Certificados/Estudiantes/', NULL, NULL, NULL, 14, NULL, NULL, NULL, NULL, NULL, NULL, NULL, NULL, NULL, NULL, NULL),
(695, 'ESTC-446.pdf', 'Cruel Valarezo Jenniffer Lisseth', 'http://congresoutlvte.org/facped/Repositorio/Certificados/Estudiantes/', NULL, NULL, NULL, 14, NULL, NULL, NULL, NULL, NULL, NULL, NULL, NULL, NULL, NULL, NULL),
(696, 'ESTC-447.pdf', 'Cruz Sornoza Gloria Isabel', 'http://congresoutlvte.org/facped/Repositorio/Certificados/Estudiantes/', NULL, NULL, NULL, 14, NULL, NULL, NULL, NULL, NULL, NULL, NULL, NULL, NULL, NULL, NULL),
(697, 'ESTC-448.pdf', 'Cuasapaz Zavala Evelyn Margoth', 'http://congresoutlvte.org/facped/Repositorio/Certificados/Estudiantes/', NULL, NULL, NULL, 14, NULL, NULL, NULL, NULL, NULL, NULL, NULL, NULL, NULL, NULL, NULL),
(698, 'ESTC-449.pdf', 'Cuero Bedoya Rosa Anglica', 'http://congresoutlvte.org/facped/Repositorio/Certificados/Estudiantes/', NULL, NULL, NULL, 14, NULL, NULL, NULL, NULL, NULL, NULL, NULL, NULL, NULL, NULL, NULL),
(699, 'ESTC-44.pdf', 'SHINDER MINA VILLACRES', 'http://congresoutlvte.org/facped/Repositorio/Certificados/Estudiantes/', NULL, NULL, NULL, 14, NULL, NULL, NULL, NULL, NULL, NULL, NULL, NULL, NULL, NULL, NULL),
(700, 'ESTC-450.pdf', 'Cuero Caldas Bryan David', 'http://congresoutlvte.org/facped/Repositorio/Certificados/Estudiantes/', NULL, NULL, NULL, 14, NULL, NULL, NULL, NULL, NULL, NULL, NULL, NULL, NULL, NULL, NULL),
(701, 'ESTC-451.pdf', 'Cuero Camacho Jenniffer Pamela', 'http://congresoutlvte.org/facped/Repositorio/Certificados/Estudiantes/', NULL, NULL, NULL, 14, NULL, NULL, NULL, NULL, NULL, NULL, NULL, NULL, NULL, NULL, NULL),
(702, 'ESTC-452.pdf', 'Cuero Carreo Ana Karen', 'http://congresoutlvte.org/facped/Repositorio/Certificados/Estudiantes/', NULL, NULL, NULL, 14, NULL, NULL, NULL, NULL, NULL, NULL, NULL, NULL, NULL, NULL, NULL),
(703, 'ESTC-453.pdf', 'Cuero Chichande Domini Yaire', 'http://congresoutlvte.org/facped/Repositorio/Certificados/Estudiantes/', NULL, NULL, NULL, 14, NULL, NULL, NULL, NULL, NULL, NULL, NULL, NULL, NULL, NULL, NULL),
(704, 'ESTC-454.pdf', 'Cuero Torres Edwin Xavier', 'http://congresoutlvte.org/facped/Repositorio/Certificados/Estudiantes/', NULL, NULL, NULL, 14, NULL, NULL, NULL, NULL, NULL, NULL, NULL, NULL, NULL, NULL, NULL),
(705, 'ESTC-455.pdf', 'Curay Toainga Patricia lisbeth', 'http://congresoutlvte.org/facped/Repositorio/Certificados/Estudiantes/', NULL, NULL, NULL, 14, NULL, NULL, NULL, NULL, NULL, NULL, NULL, NULL, NULL, NULL, NULL),
(706, 'ESTC-456.pdf', 'Cusme Hurtado Angela Mishell', 'http://congresoutlvte.org/facped/Repositorio/Certificados/Estudiantes/', NULL, NULL, NULL, 14, NULL, NULL, NULL, NULL, NULL, NULL, NULL, NULL, NULL, NULL, NULL),
(707, 'ESTC-457.pdf', 'Daisy Dayana Seplveda Paredes', 'http://congresoutlvte.org/facped/Repositorio/Certificados/Estudiantes/', NULL, NULL, NULL, 14, NULL, NULL, NULL, NULL, NULL, NULL, NULL, NULL, NULL, NULL, NULL),
(708, 'ESTC-458.pdf', 'DARLIN JOEL RAMIREZ MENDEZ', 'http://congresoutlvte.org/facped/Repositorio/Certificados/Estudiantes/', NULL, NULL, NULL, 14, NULL, NULL, NULL, NULL, NULL, NULL, NULL, NULL, NULL, NULL, NULL),
(709, 'ESTC-459.pdf', 'De la cruz Simisterra Nury Paoly', 'http://congresoutlvte.org/facped/Repositorio/Certificados/Estudiantes/', NULL, NULL, NULL, 14, NULL, NULL, NULL, NULL, NULL, NULL, NULL, NULL, NULL, NULL, NULL),
(710, 'ESTC-45.pdf', 'FERNANDA YANINA QUIOEZ ARBOLEDA', 'http://congresoutlvte.org/facped/Repositorio/Certificados/Estudiantes/', NULL, NULL, NULL, 14, NULL, NULL, NULL, NULL, NULL, NULL, NULL, NULL, NULL, NULL, NULL),
(711, 'ESTC-460.pdf', 'De la cruz zambrano thalya', 'http://congresoutlvte.org/facped/Repositorio/Certificados/Estudiantes/', NULL, NULL, NULL, 14, NULL, NULL, NULL, NULL, NULL, NULL, NULL, NULL, NULL, NULL, NULL),
(712, 'ESTC-461.pdf', 'DE LA CRUZ ZUIGA NAHOMI JARITZA', 'http://congresoutlvte.org/facped/Repositorio/Certificados/Estudiantes/', NULL, NULL, NULL, 14, NULL, NULL, NULL, NULL, NULL, NULL, NULL, NULL, NULL, NULL, NULL),
(713, 'ESTC-462.pdf', 'Degny Zambrano', 'http://congresoutlvte.org/facped/Repositorio/Certificados/Estudiantes/', NULL, NULL, NULL, 14, NULL, NULL, NULL, NULL, NULL, NULL, NULL, NULL, NULL, NULL, NULL),
(714, 'ESTC-463.pdf', 'Delgado Correa Milena Jadira', 'http://congresoutlvte.org/facped/Repositorio/Certificados/Estudiantes/', NULL, NULL, NULL, 14, NULL, NULL, NULL, NULL, NULL, NULL, NULL, NULL, NULL, NULL, NULL),
(715, 'ESTC-464.pdf', 'Delgado Mercado Melina Andrea', 'http://congresoutlvte.org/facped/Repositorio/Certificados/Estudiantes/', NULL, NULL, NULL, 14, NULL, NULL, NULL, NULL, NULL, NULL, NULL, NULL, NULL, NULL, NULL),
(716, 'ESTC-465.pdf', 'DEMERA BATALLA DALESKA GIBELLY', 'http://congresoutlvte.org/facped/Repositorio/Certificados/Estudiantes/', NULL, NULL, NULL, 14, NULL, NULL, NULL, NULL, NULL, NULL, NULL, NULL, NULL, NULL, NULL),
(717, 'ESTC-466.pdf', 'Demera veliz Diana Herminia', 'http://congresoutlvte.org/facped/Repositorio/Certificados/Estudiantes/', NULL, NULL, NULL, 14, NULL, NULL, NULL, NULL, NULL, NULL, NULL, NULL, NULL, NULL, NULL),
(718, 'ESTC-467.pdf', 'Denlson Antony Mina Mina', 'http://congresoutlvte.org/facped/Repositorio/Certificados/Estudiantes/', NULL, NULL, NULL, 14, NULL, NULL, NULL, NULL, NULL, NULL, NULL, NULL, NULL, NULL, NULL),
(719, 'ESTC-468.pdf', 'Diana lilibeth Snchez Molina', 'http://congresoutlvte.org/facped/Repositorio/Certificados/Estudiantes/', NULL, NULL, NULL, 14, NULL, NULL, NULL, NULL, NULL, NULL, NULL, NULL, NULL, NULL, NULL),
(720, 'ESTC-469.pdf', 'Daz Acaro Eddy Javier', 'http://congresoutlvte.org/facped/Repositorio/Certificados/Estudiantes/', NULL, NULL, NULL, 14, NULL, NULL, NULL, NULL, NULL, NULL, NULL, NULL, NULL, NULL, NULL),
(721, 'ESTC-46.pdf', 'ANNY CECILIA SANCHEZ CABEZAS', 'http://congresoutlvte.org/facped/Repositorio/Certificados/Estudiantes/', NULL, NULL, NULL, 14, NULL, NULL, NULL, NULL, NULL, NULL, NULL, NULL, NULL, NULL, NULL),
(722, 'ESTC-470.pdf', 'Diaz Aapa Maira Yisela', 'http://congresoutlvte.org/facped/Repositorio/Certificados/Estudiantes/', NULL, NULL, NULL, 14, NULL, NULL, NULL, NULL, NULL, NULL, NULL, NULL, NULL, NULL, NULL),
(723, 'ESTC-471.pdf', 'Daz Moreira Yamileth Ivette', 'http://congresoutlvte.org/facped/Repositorio/Certificados/Estudiantes/', NULL, NULL, NULL, 14, NULL, NULL, NULL, NULL, NULL, NULL, NULL, NULL, NULL, NULL, NULL),
(724, 'ESTC-472.pdf', 'Echeverria Ortiz Thalya Lisbette', 'http://congresoutlvte.org/facped/Repositorio/Certificados/Estudiantes/', NULL, NULL, NULL, 14, NULL, NULL, NULL, NULL, NULL, NULL, NULL, NULL, NULL, NULL, NULL),
(725, 'ESTC-473.pdf', 'Echeverria Sierra Mercy Dayana', 'http://congresoutlvte.org/facped/Repositorio/Certificados/Estudiantes/', NULL, NULL, NULL, 14, NULL, NULL, NULL, NULL, NULL, NULL, NULL, NULL, NULL, NULL, NULL),
(726, 'ESTC-474.pdf', 'Echeverra Sierra Milka Maleidy', 'http://congresoutlvte.org/facped/Repositorio/Certificados/Estudiantes/', NULL, NULL, NULL, 14, NULL, NULL, NULL, NULL, NULL, NULL, NULL, NULL, NULL, NULL, NULL),
(727, 'ESTC-475.pdf', 'ELIA GENOVEVA IGLESIAS MONTAO', 'http://congresoutlvte.org/facped/Repositorio/Certificados/Estudiantes/', NULL, NULL, NULL, 14, NULL, NULL, NULL, NULL, NULL, NULL, NULL, NULL, NULL, NULL, NULL),
(728, 'ESTC-476.pdf', 'Elida Marcela Diafare Quionez', 'http://congresoutlvte.org/facped/Repositorio/Certificados/Estudiantes/', NULL, NULL, NULL, 14, NULL, NULL, NULL, NULL, NULL, NULL, NULL, NULL, NULL, NULL, NULL),
(729, 'ESTC-477.pdf', 'Elizabeth Liliana Aguirre Guagua', 'http://congresoutlvte.org/facped/Repositorio/Certificados/Estudiantes/', NULL, NULL, NULL, 14, NULL, NULL, NULL, NULL, NULL, NULL, NULL, NULL, NULL, NULL, NULL),
(730, 'ESTC-478.pdf', 'Enriquez castillo geovanna cecibel', 'http://congresoutlvte.org/facped/Repositorio/Certificados/Estudiantes/', NULL, NULL, NULL, 14, NULL, NULL, NULL, NULL, NULL, NULL, NULL, NULL, NULL, NULL, NULL),
(731, 'ESTC-479.pdf', 'Erazo Loor Cindy Pamela', 'http://congresoutlvte.org/facped/Repositorio/Certificados/Estudiantes/', NULL, NULL, NULL, 14, NULL, NULL, NULL, NULL, NULL, NULL, NULL, NULL, NULL, NULL, NULL),
(732, 'ESTC-47.pdf', 'JOHANNA DEL ROCIO CENTENO', 'http://congresoutlvte.org/facped/Repositorio/Certificados/Estudiantes/', NULL, NULL, NULL, 14, NULL, NULL, NULL, NULL, NULL, NULL, NULL, NULL, NULL, NULL, NULL),
(733, 'ESTC-480.pdf', 'Erazo vaca Jenniffer Raquel', 'http://congresoutlvte.org/facped/Repositorio/Certificados/Estudiantes/', NULL, NULL, NULL, 14, NULL, NULL, NULL, NULL, NULL, NULL, NULL, NULL, NULL, NULL, NULL),
(734, 'ESTC-481.pdf', 'Erick Israel Guacan Lanchimba', 'http://congresoutlvte.org/facped/Repositorio/Certificados/Estudiantes/', NULL, NULL, NULL, 14, NULL, NULL, NULL, NULL, NULL, NULL, NULL, NULL, NULL, NULL, NULL),
(735, 'ESTC-482.pdf', 'Erika liliana Barbosa Quintero', 'http://congresoutlvte.org/facped/Repositorio/Certificados/Estudiantes/', NULL, NULL, NULL, 14, NULL, NULL, NULL, NULL, NULL, NULL, NULL, NULL, NULL, NULL, NULL),
(736, 'ESTC-483.pdf', 'Escobar Muoz Jenniffer Adriana', 'http://congresoutlvte.org/facped/Repositorio/Certificados/Estudiantes/', NULL, NULL, NULL, 14, NULL, NULL, NULL, NULL, NULL, NULL, NULL, NULL, NULL, NULL, NULL),
(737, 'ESTC-484.pdf', 'Escobar Sols Marien Roco', 'http://congresoutlvte.org/facped/Repositorio/Certificados/Estudiantes/', NULL, NULL, NULL, 14, NULL, NULL, NULL, NULL, NULL, NULL, NULL, NULL, NULL, NULL, NULL),
(738, 'ESTC-485.pdf', 'Espaa Angulo Andrea Stefania', 'http://congresoutlvte.org/facped/Repositorio/Certificados/Estudiantes/', NULL, NULL, NULL, 14, NULL, NULL, NULL, NULL, NULL, NULL, NULL, NULL, NULL, NULL, NULL),
(739, 'ESTC-486.pdf', 'Espaa Simisterra Jaxon Rosendo', 'http://congresoutlvte.org/facped/Repositorio/Certificados/Estudiantes/', NULL, NULL, NULL, 14, NULL, NULL, NULL, NULL, NULL, NULL, NULL, NULL, NULL, NULL, NULL),
(740, 'ESTC-487.pdf', 'Espaa Urriola Angie Jhorvana', 'http://congresoutlvte.org/facped/Repositorio/Certificados/Estudiantes/', NULL, NULL, NULL, 14, NULL, NULL, NULL, NULL, NULL, NULL, NULL, NULL, NULL, NULL, NULL),
(741, 'ESTC-488.pdf', 'Espaa Villamarin Sianela', 'http://congresoutlvte.org/facped/Repositorio/Certificados/Estudiantes/', NULL, NULL, NULL, 14, NULL, NULL, NULL, NULL, NULL, NULL, NULL, NULL, NULL, NULL, NULL),
(742, 'ESTC-489.pdf', 'Esparza Casanova Karen Janine', 'http://congresoutlvte.org/facped/Repositorio/Certificados/Estudiantes/', NULL, NULL, NULL, 14, NULL, NULL, NULL, NULL, NULL, NULL, NULL, NULL, NULL, NULL, NULL),
(743, 'ESTC-48.pdf', 'XIOMARA VERONICA JOTTO HERNANDEZ', 'http://congresoutlvte.org/facped/Repositorio/Certificados/Estudiantes/', NULL, NULL, NULL, 14, NULL, NULL, NULL, NULL, NULL, NULL, NULL, NULL, NULL, NULL, NULL),
(744, 'ESTC-490.pdf', 'Espinal Mrquez jenniffer Geanine', 'http://congresoutlvte.org/facped/Repositorio/Certificados/Estudiantes/', NULL, NULL, NULL, 14, NULL, NULL, NULL, NULL, NULL, NULL, NULL, NULL, NULL, NULL, NULL),
(745, 'ESTC-491.pdf', 'Espinoza Mala Nedelka Isabel', 'http://congresoutlvte.org/facped/Repositorio/Certificados/Estudiantes/', NULL, NULL, NULL, 14, NULL, NULL, NULL, NULL, NULL, NULL, NULL, NULL, NULL, NULL, NULL),
(746, 'ESTC-492.pdf', 'Espinoza Meza Clara Lucila', 'http://congresoutlvte.org/facped/Repositorio/Certificados/Estudiantes/', NULL, NULL, NULL, 14, NULL, NULL, NULL, NULL, NULL, NULL, NULL, NULL, NULL, NULL, NULL),
(747, 'ESTC-493.pdf', 'Espinoza Meza Rosa Lisbeth', 'http://congresoutlvte.org/facped/Repositorio/Certificados/Estudiantes/', NULL, NULL, NULL, 14, NULL, NULL, NULL, NULL, NULL, NULL, NULL, NULL, NULL, NULL, NULL),
(748, 'ESTC-494.pdf', 'Espinoza Pacheco Katherin Andrea', 'http://congresoutlvte.org/facped/Repositorio/Certificados/Estudiantes/', NULL, NULL, NULL, 14, NULL, NULL, NULL, NULL, NULL, NULL, NULL, NULL, NULL, NULL, NULL),
(749, 'ESTC-495.pdf', 'espinoza paredes nayeli maria', 'http://congresoutlvte.org/facped/Repositorio/Certificados/Estudiantes/', NULL, NULL, NULL, 14, NULL, NULL, NULL, NULL, NULL, NULL, NULL, NULL, NULL, NULL, NULL),
(750, 'ESTC-496.pdf', 'Estacio Batioja Sandra Piedad', 'http://congresoutlvte.org/facped/Repositorio/Certificados/Estudiantes/', NULL, NULL, NULL, 14, NULL, NULL, NULL, NULL, NULL, NULL, NULL, NULL, NULL, NULL, NULL),
(751, 'ESTC-497.pdf', 'ESTACIO JAMA BRIANA JULISSA', 'http://congresoutlvte.org/facped/Repositorio/Certificados/Estudiantes/', NULL, NULL, NULL, 14, NULL, NULL, NULL, NULL, NULL, NULL, NULL, NULL, NULL, NULL, NULL),
(752, 'ESTC-498.pdf', 'Esther Cecilia Bustos Castillo', 'http://congresoutlvte.org/facped/Repositorio/Certificados/Estudiantes/', NULL, NULL, NULL, 14, NULL, NULL, NULL, NULL, NULL, NULL, NULL, NULL, NULL, NULL, NULL),
(753, 'ESTC-499.pdf', 'Estupinan Angulo Gabriela Lisseth', 'http://congresoutlvte.org/facped/Repositorio/Certificados/Estudiantes/', NULL, NULL, NULL, 14, NULL, NULL, NULL, NULL, NULL, NULL, NULL, NULL, NULL, NULL, NULL),
(754, 'ESTC-49.pdf', 'ARIANNA PAMELA ALVAREZ SOLORZANO', 'http://congresoutlvte.org/facped/Repositorio/Certificados/Estudiantes/', NULL, NULL, NULL, 14, NULL, NULL, NULL, NULL, NULL, NULL, NULL, NULL, NULL, NULL, NULL),
(755, 'ESTC-4.pdf', 'SILVIA MAYARIN INTRIAGO', 'http://congresoutlvte.org/facped/Repositorio/Certificados/Estudiantes/', NULL, NULL, NULL, 14, NULL, NULL, NULL, NULL, NULL, NULL, NULL, NULL, NULL, NULL, NULL),
(756, 'ESTC-500.pdf', 'Estupian Barbosa Ana', 'http://congresoutlvte.org/facped/Repositorio/Certificados/Estudiantes/', NULL, NULL, NULL, 14, NULL, NULL, NULL, NULL, NULL, NULL, NULL, NULL, NULL, NULL, NULL),
(757, 'ESTC-501.pdf', 'Estupian Barbosa Ana', 'http://congresoutlvte.org/facped/Repositorio/Certificados/Estudiantes/', NULL, NULL, NULL, 14, NULL, NULL, NULL, NULL, NULL, NULL, NULL, NULL, NULL, NULL, NULL),
(758, 'ESTC-502.pdf', 'ESTUPIAN GUEVARA ARACELY STEFANIA', 'http://congresoutlvte.org/facped/Repositorio/Certificados/Estudiantes/', NULL, NULL, NULL, 14, NULL, NULL, NULL, NULL, NULL, NULL, NULL, NULL, NULL, NULL, NULL),
(759, 'ESTC-503.pdf', 'Evelin Fernanda Murillo Garcia', 'http://congresoutlvte.org/facped/Repositorio/Certificados/Estudiantes/', NULL, NULL, NULL, 14, NULL, NULL, NULL, NULL, NULL, NULL, NULL, NULL, NULL, NULL, NULL),
(760, 'ESTC-504.pdf', 'Evelyn Nayeli Erazo Quetama', 'http://congresoutlvte.org/facped/Repositorio/Certificados/Estudiantes/', NULL, NULL, NULL, 14, NULL, NULL, NULL, NULL, NULL, NULL, NULL, NULL, NULL, NULL, NULL),
(761, 'ESTC-505.pdf', 'Farfn Bone Daniel Hernando', 'http://congresoutlvte.org/facped/Repositorio/Certificados/Estudiantes/', NULL, NULL, NULL, 14, NULL, NULL, NULL, NULL, NULL, NULL, NULL, NULL, NULL, NULL, NULL),
(762, 'ESTC-506.pdf', 'Farfan Bone Daniel Hernando', 'http://congresoutlvte.org/facped/Repositorio/Certificados/Estudiantes/', NULL, NULL, NULL, 14, NULL, NULL, NULL, NULL, NULL, NULL, NULL, NULL, NULL, NULL, NULL),
(763, 'ESTC-507.pdf', 'Farias Jaen Katty Maricela', 'http://congresoutlvte.org/facped/Repositorio/Certificados/Estudiantes/', NULL, NULL, NULL, 14, NULL, NULL, NULL, NULL, NULL, NULL, NULL, NULL, NULL, NULL, NULL),
(764, 'ESTC-508.pdf', 'Faras Malat Jaisa Jamileth', 'http://congresoutlvte.org/facped/Repositorio/Certificados/Estudiantes/', NULL, NULL, NULL, 14, NULL, NULL, NULL, NULL, NULL, NULL, NULL, NULL, NULL, NULL, NULL),
(765, 'ESTC-509.pdf', 'Farias Moreira Ivett Cecilia', 'http://congresoutlvte.org/facped/Repositorio/Certificados/Estudiantes/', NULL, NULL, NULL, 14, NULL, NULL, NULL, NULL, NULL, NULL, NULL, NULL, NULL, NULL, NULL),
(766, 'ESTC-50.pdf', 'DANIA BOLAOS REALPE', 'http://congresoutlvte.org/facped/Repositorio/Certificados/Estudiantes/', NULL, NULL, NULL, 14, NULL, NULL, NULL, NULL, NULL, NULL, NULL, NULL, NULL, NULL, NULL),
(767, 'ESTC-510.pdf', 'Ferrn Salazar Brithanny', 'http://congresoutlvte.org/facped/Repositorio/Certificados/Estudiantes/', NULL, NULL, NULL, 14, NULL, NULL, NULL, NULL, NULL, NULL, NULL, NULL, NULL, NULL, NULL),
(768, 'ESTC-511.pdf', 'Fiama Mishelle Cang Valencia', 'http://congresoutlvte.org/facped/Repositorio/Certificados/Estudiantes/', NULL, NULL, NULL, 14, NULL, NULL, NULL, NULL, NULL, NULL, NULL, NULL, NULL, NULL, NULL),
(769, 'ESTC-512.pdf', 'FLORES GARRIDO NATHALY CAROLINA', 'http://congresoutlvte.org/facped/Repositorio/Certificados/Estudiantes/', NULL, NULL, NULL, 14, NULL, NULL, NULL, NULL, NULL, NULL, NULL, NULL, NULL, NULL, NULL),
(770, 'ESTC-513.pdf', 'FLORES RIVERA KARELYS ALEJANDRA', 'http://congresoutlvte.org/facped/Repositorio/Certificados/Estudiantes/', NULL, NULL, NULL, 14, NULL, NULL, NULL, NULL, NULL, NULL, NULL, NULL, NULL, NULL, NULL),
(771, 'ESTC-514.pdf', 'Fonseca Corozo Johanna Angelica', 'http://congresoutlvte.org/facped/Repositorio/Certificados/Estudiantes/', NULL, NULL, NULL, 14, NULL, NULL, NULL, NULL, NULL, NULL, NULL, NULL, NULL, NULL, NULL),
(772, 'ESTC-515.pdf', 'FRANCO RODRIGUEZ PEDRO ENRIQUE', 'http://congresoutlvte.org/facped/Repositorio/Certificados/Estudiantes/', NULL, NULL, NULL, 14, NULL, NULL, NULL, NULL, NULL, NULL, NULL, NULL, NULL, NULL, NULL),
(773, 'ESTC-516.pdf', 'Gabriela johanna Capurro saltos', 'http://congresoutlvte.org/facped/Repositorio/Certificados/Estudiantes/', NULL, NULL, NULL, 14, NULL, NULL, NULL, NULL, NULL, NULL, NULL, NULL, NULL, NULL, NULL),
(774, 'ESTC-517.pdf', 'Galarza Montalvn Gnesis Monserrate', 'http://congresoutlvte.org/facped/Repositorio/Certificados/Estudiantes/', NULL, NULL, NULL, 14, NULL, NULL, NULL, NULL, NULL, NULL, NULL, NULL, NULL, NULL, NULL),
(775, 'ESTC-518.pdf', 'Gamez Cabeza Stefania Jasmin', 'http://congresoutlvte.org/facped/Repositorio/Certificados/Estudiantes/', NULL, NULL, NULL, 14, NULL, NULL, NULL, NULL, NULL, NULL, NULL, NULL, NULL, NULL, NULL),
(776, 'ESTC-519.pdf', 'Gmez Cueva Jany Sofia', 'http://congresoutlvte.org/facped/Repositorio/Certificados/Estudiantes/', NULL, NULL, NULL, 14, NULL, NULL, NULL, NULL, NULL, NULL, NULL, NULL, NULL, NULL, NULL),
(777, 'ESTC-51.pdf', 'KERLY CLAVIJO ALCIVAR', 'http://congresoutlvte.org/facped/Repositorio/Certificados/Estudiantes/', NULL, NULL, NULL, 14, NULL, NULL, NULL, NULL, NULL, NULL, NULL, NULL, NULL, NULL, NULL),
(778, 'ESTC-520.pdf', 'Gamez Cueva Keila Janive', 'http://congresoutlvte.org/facped/Repositorio/Certificados/Estudiantes/', NULL, NULL, NULL, 14, NULL, NULL, NULL, NULL, NULL, NULL, NULL, NULL, NULL, NULL, NULL),
(779, 'ESTC-521.pdf', 'Garces Batioja Alexa Nicol', 'http://congresoutlvte.org/facped/Repositorio/Certificados/Estudiantes/', NULL, NULL, NULL, 14, NULL, NULL, NULL, NULL, NULL, NULL, NULL, NULL, NULL, NULL, NULL),
(780, 'ESTC-522.pdf', 'Garcs Bone Jessica Jomayra', 'http://congresoutlvte.org/facped/Repositorio/Certificados/Estudiantes/', NULL, NULL, NULL, 14, NULL, NULL, NULL, NULL, NULL, NULL, NULL, NULL, NULL, NULL, NULL),
(781, 'ESTC-523.pdf', 'Garces Rua Carmen Angelica', 'http://congresoutlvte.org/facped/Repositorio/Certificados/Estudiantes/', NULL, NULL, NULL, 14, NULL, NULL, NULL, NULL, NULL, NULL, NULL, NULL, NULL, NULL, NULL),
(782, 'ESTC-524.pdf', 'garcez sol lady briggitte', 'http://congresoutlvte.org/facped/Repositorio/Certificados/Estudiantes/', NULL, NULL, NULL, 14, NULL, NULL, NULL, NULL, NULL, NULL, NULL, NULL, NULL, NULL, NULL),
(783, 'ESTC-525.pdf', 'Garca Arroyo Dara Leonela', 'http://congresoutlvte.org/facped/Repositorio/Certificados/Estudiantes/', NULL, NULL, NULL, 14, NULL, NULL, NULL, NULL, NULL, NULL, NULL, NULL, NULL, NULL, NULL),
(784, 'ESTC-526.pdf', 'Garca Bone Gabriela Paola', 'http://congresoutlvte.org/facped/Repositorio/Certificados/Estudiantes/', NULL, NULL, NULL, 14, NULL, NULL, NULL, NULL, NULL, NULL, NULL, NULL, NULL, NULL, NULL),
(785, 'ESTC-527.pdf', 'GARCIA CHAVEZ JHONNY ROBERTO', 'http://congresoutlvte.org/facped/Repositorio/Certificados/Estudiantes/', NULL, NULL, NULL, 14, NULL, NULL, NULL, NULL, NULL, NULL, NULL, NULL, NULL, NULL, NULL),
(786, 'ESTC-528.pdf', 'Garca Chvez Luca', 'http://congresoutlvte.org/facped/Repositorio/Certificados/Estudiantes/', NULL, NULL, NULL, 14, NULL, NULL, NULL, NULL, NULL, NULL, NULL, NULL, NULL, NULL, NULL),
(787, 'ESTC-529.pdf', 'GARCIA CIFUENTES WENDY XIOMARA', 'http://congresoutlvte.org/facped/Repositorio/Certificados/Estudiantes/', NULL, NULL, NULL, 14, NULL, NULL, NULL, NULL, NULL, NULL, NULL, NULL, NULL, NULL, NULL),
(788, 'ESTC-52.pdf', 'JAMILETH BUCHELI BONE', 'http://congresoutlvte.org/facped/Repositorio/Certificados/Estudiantes/', NULL, NULL, NULL, 14, NULL, NULL, NULL, NULL, NULL, NULL, NULL, NULL, NULL, NULL, NULL),
(789, 'ESTC-530.pdf', 'GARCIA CUERO JANETH LUCRECIA', 'http://congresoutlvte.org/facped/Repositorio/Certificados/Estudiantes/', NULL, NULL, NULL, 14, NULL, NULL, NULL, NULL, NULL, NULL, NULL, NULL, NULL, NULL, NULL),
(790, 'ESTC-531.pdf', 'Garca Espinoza Yasmin Mara', 'http://congresoutlvte.org/facped/Repositorio/Certificados/Estudiantes/', NULL, NULL, NULL, 14, NULL, NULL, NULL, NULL, NULL, NULL, NULL, NULL, NULL, NULL, NULL),
(791, 'ESTC-532.pdf', 'Garcia Holguin Mercedes Carolina', 'http://congresoutlvte.org/facped/Repositorio/Certificados/Estudiantes/', NULL, NULL, NULL, 14, NULL, NULL, NULL, NULL, NULL, NULL, NULL, NULL, NULL, NULL, NULL),
(792, 'ESTC-533.pdf', 'Garca Hurtado Javier Fabricio', 'http://congresoutlvte.org/facped/Repositorio/Certificados/Estudiantes/', NULL, NULL, NULL, 14, NULL, NULL, NULL, NULL, NULL, NULL, NULL, NULL, NULL, NULL, NULL),
(793, 'ESTC-534.pdf', 'Garcia Lara Juliana Katherine', 'http://congresoutlvte.org/facped/Repositorio/Certificados/Estudiantes/', NULL, NULL, NULL, 14, NULL, NULL, NULL, NULL, NULL, NULL, NULL, NULL, NULL, NULL, NULL),
(794, 'ESTC-535.pdf', 'Garcia Ortiz Consuelo Ariana', 'http://congresoutlvte.org/facped/Repositorio/Certificados/Estudiantes/', NULL, NULL, NULL, 14, NULL, NULL, NULL, NULL, NULL, NULL, NULL, NULL, NULL, NULL, NULL),
(795, 'ESTC-536.pdf', 'Garcia Rivera Kevin Jandry', 'http://congresoutlvte.org/facped/Repositorio/Certificados/Estudiantes/', NULL, NULL, NULL, 14, NULL, NULL, NULL, NULL, NULL, NULL, NULL, NULL, NULL, NULL, NULL),
(796, 'ESTC-537.pdf', 'Garca Snchez Andrea Nicole', 'http://congresoutlvte.org/facped/Repositorio/Certificados/Estudiantes/', NULL, NULL, NULL, 14, NULL, NULL, NULL, NULL, NULL, NULL, NULL, NULL, NULL, NULL, NULL),
(797, 'ESTC-538.pdf', 'Garcia Vasquez Dayana', 'http://congresoutlvte.org/facped/Repositorio/Certificados/Estudiantes/', NULL, NULL, NULL, 14, NULL, NULL, NULL, NULL, NULL, NULL, NULL, NULL, NULL, NULL, NULL),
(798, 'ESTC-539.pdf', 'Garcia vite andreina mabel', 'http://congresoutlvte.org/facped/Repositorio/Certificados/Estudiantes/', NULL, NULL, NULL, 14, NULL, NULL, NULL, NULL, NULL, NULL, NULL, NULL, NULL, NULL, NULL),
(799, 'ESTC-53.pdf', 'ADRIANA SOSA HEREDIA', 'http://congresoutlvte.org/facped/Repositorio/Certificados/Estudiantes/', NULL, NULL, NULL, 14, NULL, NULL, NULL, NULL, NULL, NULL, NULL, NULL, NULL, NULL, NULL),
(800, 'ESTC-540.pdf', 'Gaspar Cabezas Alexandra', 'http://congresoutlvte.org/facped/Repositorio/Certificados/Estudiantes/', NULL, NULL, NULL, 14, NULL, NULL, NULL, NULL, NULL, NULL, NULL, NULL, NULL, NULL, NULL),
(801, 'ESTC-541.pdf', 'Gaspar Cifuentes Jessica Michelle', 'http://congresoutlvte.org/facped/Repositorio/Certificados/Estudiantes/', NULL, NULL, NULL, 14, NULL, NULL, NULL, NULL, NULL, NULL, NULL, NULL, NULL, NULL, NULL),
(802, 'ESTC-542.pdf', 'Gelio Rivas Tenorio', 'http://congresoutlvte.org/facped/Repositorio/Certificados/Estudiantes/', NULL, NULL, NULL, 14, NULL, NULL, NULL, NULL, NULL, NULL, NULL, NULL, NULL, NULL, NULL),
(803, 'ESTC-543.pdf', 'Gnesis Saray Almache Bautista', 'http://congresoutlvte.org/facped/Repositorio/Certificados/Estudiantes/', NULL, NULL, NULL, 14, NULL, NULL, NULL, NULL, NULL, NULL, NULL, NULL, NULL, NULL, NULL),
(804, 'ESTC-544.pdf', 'George Ayosa Nancy', 'http://congresoutlvte.org/facped/Repositorio/Certificados/Estudiantes/', NULL, NULL, NULL, 14, NULL, NULL, NULL, NULL, NULL, NULL, NULL, NULL, NULL, NULL, NULL),
(805, 'ESTC-545.pdf', 'George Quinez karen viviana', 'http://congresoutlvte.org/facped/Repositorio/Certificados/Estudiantes/', NULL, NULL, NULL, 14, NULL, NULL, NULL, NULL, NULL, NULL, NULL, NULL, NULL, NULL, NULL),
(806, 'ESTC-546.pdf', 'Giler Palomino Adriana Cecilia', 'http://congresoutlvte.org/facped/Repositorio/Certificados/Estudiantes/', NULL, NULL, NULL, 14, NULL, NULL, NULL, NULL, NULL, NULL, NULL, NULL, NULL, NULL, NULL),
(807, 'ESTC-547.pdf', 'Gilma Carolina Sanchez Mendez', 'http://congresoutlvte.org/facped/Repositorio/Certificados/Estudiantes/', NULL, NULL, NULL, 14, NULL, NULL, NULL, NULL, NULL, NULL, NULL, NULL, NULL, NULL, NULL),
(808, 'ESTC-548.pdf', 'Godoy Pianchiche Mariana Janeth', 'http://congresoutlvte.org/facped/Repositorio/Certificados/Estudiantes/', NULL, NULL, NULL, 14, NULL, NULL, NULL, NULL, NULL, NULL, NULL, NULL, NULL, NULL, NULL),
(809, 'ESTC-549.pdf', 'Gomez Hernndez Shirley Carolina', 'http://congresoutlvte.org/facped/Repositorio/Certificados/Estudiantes/', NULL, NULL, NULL, 14, NULL, NULL, NULL, NULL, NULL, NULL, NULL, NULL, NULL, NULL, NULL),
(810, 'ESTC-54.pdf', 'NADELKA ESPINOZA MALA', 'http://congresoutlvte.org/facped/Repositorio/Certificados/Estudiantes/', NULL, NULL, NULL, 14, NULL, NULL, NULL, NULL, NULL, NULL, NULL, NULL, NULL, NULL, NULL),
(811, 'ESTC-550.pdf', 'Gmez Pata Katty Bexabel', 'http://congresoutlvte.org/facped/Repositorio/Certificados/Estudiantes/', NULL, NULL, NULL, 14, NULL, NULL, NULL, NULL, NULL, NULL, NULL, NULL, NULL, NULL, NULL),
(812, 'ESTC-551.pdf', 'Gongora Alvarez Maria Ximena', 'http://congresoutlvte.org/facped/Repositorio/Certificados/Estudiantes/', NULL, NULL, NULL, 14, NULL, NULL, NULL, NULL, NULL, NULL, NULL, NULL, NULL, NULL, NULL),
(813, 'ESTC-552.pdf', 'Gongora Franco Adan Miguel', 'http://congresoutlvte.org/facped/Repositorio/Certificados/Estudiantes/', NULL, NULL, NULL, 14, NULL, NULL, NULL, NULL, NULL, NULL, NULL, NULL, NULL, NULL, NULL),
(814, 'ESTC-553.pdf', 'Gngora Mendez Daira', 'http://congresoutlvte.org/facped/Repositorio/Certificados/Estudiantes/', NULL, NULL, NULL, 14, NULL, NULL, NULL, NULL, NULL, NULL, NULL, NULL, NULL, NULL, NULL),
(815, 'ESTC-554.pdf', 'Gngora Mndez Jade Rocibel', 'http://congresoutlvte.org/facped/Repositorio/Certificados/Estudiantes/', NULL, NULL, NULL, 14, NULL, NULL, NULL, NULL, NULL, NULL, NULL, NULL, NULL, NULL, NULL),
(816, 'ESTC-555.pdf', 'Gonzles Velasco Marianella', 'http://congresoutlvte.org/facped/Repositorio/Certificados/Estudiantes/', NULL, NULL, NULL, 14, NULL, NULL, NULL, NULL, NULL, NULL, NULL, NULL, NULL, NULL, NULL),
(817, 'ESTC-556.pdf', 'Gonzalez Bagi Mailyn Elizabeth', 'http://congresoutlvte.org/facped/Repositorio/Certificados/Estudiantes/', NULL, NULL, NULL, 14, NULL, NULL, NULL, NULL, NULL, NULL, NULL, NULL, NULL, NULL, NULL),
(818, 'ESTC-557.pdf', 'Gonzalez Bautista Evelyn Katherine', 'http://congresoutlvte.org/facped/Repositorio/Certificados/Estudiantes/', NULL, NULL, NULL, 14, NULL, NULL, NULL, NULL, NULL, NULL, NULL, NULL, NULL, NULL, NULL),
(819, 'ESTC-558.pdf', 'Gonzlez Cuero Nalleli Alejandra', 'http://congresoutlvte.org/facped/Repositorio/Certificados/Estudiantes/', NULL, NULL, NULL, 14, NULL, NULL, NULL, NULL, NULL, NULL, NULL, NULL, NULL, NULL, NULL),
(820, 'ESTC-559.pdf', 'Gonzlez Cusme Mayeli', 'http://congresoutlvte.org/facped/Repositorio/Certificados/Estudiantes/', NULL, NULL, NULL, 14, NULL, NULL, NULL, NULL, NULL, NULL, NULL, NULL, NULL, NULL, NULL),
(821, 'ESTC-55.pdf', 'BRIGGETTE GARCES SOL', 'http://congresoutlvte.org/facped/Repositorio/Certificados/Estudiantes/', NULL, NULL, NULL, 14, NULL, NULL, NULL, NULL, NULL, NULL, NULL, NULL, NULL, NULL, NULL),
(822, 'ESTC-560.pdf', 'Gonzlez Escobar Mara', 'http://congresoutlvte.org/facped/Repositorio/Certificados/Estudiantes/', NULL, NULL, NULL, 14, NULL, NULL, NULL, NULL, NULL, NULL, NULL, NULL, NULL, NULL, NULL),
(823, 'ESTC-561.pdf', 'Gonzlez George Genessis Lizabeth', 'http://congresoutlvte.org/facped/Repositorio/Certificados/Estudiantes/', NULL, NULL, NULL, 14, NULL, NULL, NULL, NULL, NULL, NULL, NULL, NULL, NULL, NULL, NULL),
(824, 'ESTC-562.pdf', 'Gonzalez Hurtado Anny Elizabeth', 'http://congresoutlvte.org/facped/Repositorio/Certificados/Estudiantes/', NULL, NULL, NULL, 14, NULL, NULL, NULL, NULL, NULL, NULL, NULL, NULL, NULL, NULL, NULL),
(825, 'ESTC-563.pdf', 'GONZALEZ PADILLA CARLA VIVIANA', 'http://congresoutlvte.org/facped/Repositorio/Certificados/Estudiantes/', NULL, NULL, NULL, 14, NULL, NULL, NULL, NULL, NULL, NULL, NULL, NULL, NULL, NULL, NULL),
(826, 'ESTC-564.pdf', 'Gonzlez Santana Adriana Melisa', 'http://congresoutlvte.org/facped/Repositorio/Certificados/Estudiantes/', NULL, NULL, NULL, 14, NULL, NULL, NULL, NULL, NULL, NULL, NULL, NULL, NULL, NULL, NULL),
(827, 'ESTC-565.pdf', 'Gonzalez Santana Joselyn Brigette', 'http://congresoutlvte.org/facped/Repositorio/Certificados/Estudiantes/', NULL, NULL, NULL, 14, NULL, NULL, NULL, NULL, NULL, NULL, NULL, NULL, NULL, NULL, NULL),
(828, 'ESTC-566.pdf', 'Gonzalez Velez Sonia Yaritza', 'http://congresoutlvte.org/facped/Repositorio/Certificados/Estudiantes/', NULL, NULL, NULL, 14, NULL, NULL, NULL, NULL, NULL, NULL, NULL, NULL, NULL, NULL, NULL),
(829, 'ESTC-567.pdf', 'Gorozabel Almache Marcela Lilibeth', 'http://congresoutlvte.org/facped/Repositorio/Certificados/Estudiantes/', NULL, NULL, NULL, 14, NULL, NULL, NULL, NULL, NULL, NULL, NULL, NULL, NULL, NULL, NULL),
(830, 'ESTC-568.pdf', 'Gracia Bailon Fabian Andres', 'http://congresoutlvte.org/facped/Repositorio/Certificados/Estudiantes/', NULL, NULL, NULL, 14, NULL, NULL, NULL, NULL, NULL, NULL, NULL, NULL, NULL, NULL, NULL),
(831, 'ESTC-569.pdf', 'Gracia Trejo Dastin Paola', 'http://congresoutlvte.org/facped/Repositorio/Certificados/Estudiantes/', NULL, NULL, NULL, 14, NULL, NULL, NULL, NULL, NULL, NULL, NULL, NULL, NULL, NULL, NULL),
(832, 'ESTC-56.pdf', 'ISABEL ALVAN NAZARENO', 'http://congresoutlvte.org/facped/Repositorio/Certificados/Estudiantes/', NULL, NULL, NULL, 14, NULL, NULL, NULL, NULL, NULL, NULL, NULL, NULL, NULL, NULL, NULL),
(833, 'ESTC-570.pdf', 'Gresely Villegas Abel Ivan', 'http://congresoutlvte.org/facped/Repositorio/Certificados/Estudiantes/', NULL, NULL, NULL, 14, NULL, NULL, NULL, NULL, NULL, NULL, NULL, NULL, NULL, NULL, NULL),
(834, 'ESTC-571.pdf', 'GRUEZO ARROYO DENISSE DANIELA', 'http://congresoutlvte.org/facped/Repositorio/Certificados/Estudiantes/', NULL, NULL, NULL, 14, NULL, NULL, NULL, NULL, NULL, NULL, NULL, NULL, NULL, NULL, NULL),
(835, 'ESTC-572.pdf', 'Gruezo Cortez Nathaly Fernanda', 'http://congresoutlvte.org/facped/Repositorio/Certificados/Estudiantes/', NULL, NULL, NULL, 14, NULL, NULL, NULL, NULL, NULL, NULL, NULL, NULL, NULL, NULL, NULL),
(836, 'ESTC-573.pdf', 'Gruezo Hernandez Briggitte Arianne', 'http://congresoutlvte.org/facped/Repositorio/Certificados/Estudiantes/', NULL, NULL, NULL, 14, NULL, NULL, NULL, NULL, NULL, NULL, NULL, NULL, NULL, NULL, NULL),
(837, 'ESTC-574.pdf', 'Guacan Lanchimba Yajaira Pamela', 'http://congresoutlvte.org/facped/Repositorio/Certificados/Estudiantes/', NULL, NULL, NULL, 14, NULL, NULL, NULL, NULL, NULL, NULL, NULL, NULL, NULL, NULL, NULL),
(838, 'ESTC-575.pdf', 'Guadalupe Estupian Vielka Nahomi', 'http://congresoutlvte.org/facped/Repositorio/Certificados/Estudiantes/', NULL, NULL, NULL, 14, NULL, NULL, NULL, NULL, NULL, NULL, NULL, NULL, NULL, NULL, NULL),
(839, 'ESTC-576.pdf', 'Guagua Bone Evelyn Adriana', 'http://congresoutlvte.org/facped/Repositorio/Certificados/Estudiantes/', NULL, NULL, NULL, 14, NULL, NULL, NULL, NULL, NULL, NULL, NULL, NULL, NULL, NULL, NULL),
(840, 'ESTC-577.pdf', 'Guajan Cuellar Signey Morellia', 'http://congresoutlvte.org/facped/Repositorio/Certificados/Estudiantes/', NULL, NULL, NULL, 14, NULL, NULL, NULL, NULL, NULL, NULL, NULL, NULL, NULL, NULL, NULL),
(841, 'ESTC-578.pdf', 'Guamn Aguila Leidy Johanna', 'http://congresoutlvte.org/facped/Repositorio/Certificados/Estudiantes/', NULL, NULL, NULL, 14, NULL, NULL, NULL, NULL, NULL, NULL, NULL, NULL, NULL, NULL, NULL),
(842, 'ESTC-579.pdf', 'Guamani Chicaiza Jhoana Lisbeth', 'http://congresoutlvte.org/facped/Repositorio/Certificados/Estudiantes/', NULL, NULL, NULL, 14, NULL, NULL, NULL, NULL, NULL, NULL, NULL, NULL, NULL, NULL, NULL),
(843, 'ESTC-57.pdf', 'DAYANA LISBETH RAMIREZ MINA', 'http://congresoutlvte.org/facped/Repositorio/Certificados/Estudiantes/', NULL, NULL, NULL, 14, NULL, NULL, NULL, NULL, NULL, NULL, NULL, NULL, NULL, NULL, NULL),
(844, 'ESTC-580.pdf', 'Gudio Cervantes Melany Lizeth', 'http://congresoutlvte.org/facped/Repositorio/Certificados/Estudiantes/', NULL, NULL, NULL, 14, NULL, NULL, NULL, NULL, NULL, NULL, NULL, NULL, NULL, NULL, NULL),
(845, 'ESTC-581.pdf', 'Gudio Quintero Carmen Tatiana', 'http://congresoutlvte.org/facped/Repositorio/Certificados/Estudiantes/', NULL, NULL, NULL, 14, NULL, NULL, NULL, NULL, NULL, NULL, NULL, NULL, NULL, NULL, NULL),
(846, 'ESTC-582.pdf', 'Guerrero Morales Letty Kamila', 'http://congresoutlvte.org/facped/Repositorio/Certificados/Estudiantes/', NULL, NULL, NULL, 14, NULL, NULL, NULL, NULL, NULL, NULL, NULL, NULL, NULL, NULL, NULL),
(847, 'ESTC-583.pdf', 'Guerrero Orobio Belkis Mercedes', 'http://congresoutlvte.org/facped/Repositorio/Certificados/Estudiantes/', NULL, NULL, NULL, 14, NULL, NULL, NULL, NULL, NULL, NULL, NULL, NULL, NULL, NULL, NULL),
(848, 'ESTC-584.pdf', 'Guerrn Rodrguez Mayerli', 'http://congresoutlvte.org/facped/Repositorio/Certificados/Estudiantes/', NULL, NULL, NULL, 14, NULL, NULL, NULL, NULL, NULL, NULL, NULL, NULL, NULL, NULL, NULL),
(849, 'ESTC-585.pdf', 'Gutirrez Rincones Dafne Ivette', 'http://congresoutlvte.org/facped/Repositorio/Certificados/Estudiantes/', NULL, NULL, NULL, 14, NULL, NULL, NULL, NULL, NULL, NULL, NULL, NULL, NULL, NULL, NULL),
(850, 'ESTC-586.pdf', 'Gutirrez Rincones Dafne Ivette', 'http://congresoutlvte.org/facped/Repositorio/Certificados/Estudiantes/', NULL, NULL, NULL, 14, NULL, NULL, NULL, NULL, NULL, NULL, NULL, NULL, NULL, NULL, NULL),
(851, 'ESTC-587.pdf', 'Guzmn Portocarrero Yolanda Jahaira', 'http://congresoutlvte.org/facped/Repositorio/Certificados/Estudiantes/', NULL, NULL, NULL, 14, NULL, NULL, NULL, NULL, NULL, NULL, NULL, NULL, NULL, NULL, NULL),
(852, 'ESTC-588.pdf', 'Heredia Marchn Daniela Estefania', 'http://congresoutlvte.org/facped/Repositorio/Certificados/Estudiantes/', NULL, NULL, NULL, 14, NULL, NULL, NULL, NULL, NULL, NULL, NULL, NULL, NULL, NULL, NULL),
(853, 'ESTC-589.pdf', 'Heredia Marchan Priscyla Eliseth', 'http://congresoutlvte.org/facped/Repositorio/Certificados/Estudiantes/', NULL, NULL, NULL, 14, NULL, NULL, NULL, NULL, NULL, NULL, NULL, NULL, NULL, NULL, NULL),
(854, 'ESTC-58.pdf', 'DANIELA JULIETH CEVALLOS PEREA', 'http://congresoutlvte.org/facped/Repositorio/Certificados/Estudiantes/', NULL, NULL, NULL, 14, NULL, NULL, NULL, NULL, NULL, NULL, NULL, NULL, NULL, NULL, NULL),
(855, 'ESTC-590.pdf', 'Hernandez Mieles Fabiana Yorleny', 'http://congresoutlvte.org/facped/Repositorio/Certificados/Estudiantes/', NULL, NULL, NULL, 14, NULL, NULL, NULL, NULL, NULL, NULL, NULL, NULL, NULL, NULL, NULL),
(856, 'ESTC-591.pdf', 'Herrera Mera Kelly Nathaly', 'http://congresoutlvte.org/facped/Repositorio/Certificados/Estudiantes/', NULL, NULL, NULL, 14, NULL, NULL, NULL, NULL, NULL, NULL, NULL, NULL, NULL, NULL, NULL),
(857, 'ESTC-592.pdf', 'Herrera Trejo Josselyn Wendy', 'http://congresoutlvte.org/facped/Repositorio/Certificados/Estudiantes/', NULL, NULL, NULL, 14, NULL, NULL, NULL, NULL, NULL, NULL, NULL, NULL, NULL, NULL, NULL),
(858, 'ESTC-593.pdf', 'Herrera Valle Josue Daniel', 'http://congresoutlvte.org/facped/Repositorio/Certificados/Estudiantes/', NULL, NULL, NULL, 14, NULL, NULL, NULL, NULL, NULL, NULL, NULL, NULL, NULL, NULL, NULL),
(859, 'ESTC-594.pdf', 'Herrera Valle Kimberly Mabel', 'http://congresoutlvte.org/facped/Repositorio/Certificados/Estudiantes/', NULL, NULL, NULL, 14, NULL, NULL, NULL, NULL, NULL, NULL, NULL, NULL, NULL, NULL, NULL),
(860, 'ESTC-595.pdf', 'Hidalgo Zapata Keiko Diolinda', 'http://congresoutlvte.org/facped/Repositorio/Certificados/Estudiantes/', NULL, NULL, NULL, 14, NULL, NULL, NULL, NULL, NULL, NULL, NULL, NULL, NULL, NULL, NULL),
(861, 'ESTC-596.pdf', 'Huertas Loor Katherine Mishelle', 'http://congresoutlvte.org/facped/Repositorio/Certificados/Estudiantes/', NULL, NULL, NULL, 14, NULL, NULL, NULL, NULL, NULL, NULL, NULL, NULL, NULL, NULL, NULL),
(862, 'ESTC-597.pdf', 'Hurtado Jimnez Gladys Mara', 'http://congresoutlvte.org/facped/Repositorio/Certificados/Estudiantes/', NULL, NULL, NULL, 14, NULL, NULL, NULL, NULL, NULL, NULL, NULL, NULL, NULL, NULL, NULL),
(863, 'ESTC-598.pdf', 'Hurtado Jimnez Gladys Mara', 'http://congresoutlvte.org/facped/Repositorio/Certificados/Estudiantes/', NULL, NULL, NULL, 14, NULL, NULL, NULL, NULL, NULL, NULL, NULL, NULL, NULL, NULL, NULL),
(864, 'ESTC-599.pdf', 'Hurtado Mndez Daniela Deyanire', 'http://congresoutlvte.org/facped/Repositorio/Certificados/Estudiantes/', NULL, NULL, NULL, 14, NULL, NULL, NULL, NULL, NULL, NULL, NULL, NULL, NULL, NULL, NULL),
(865, 'ESTC-59.pdf', 'AMANDA VALENCIA CHALAR', 'http://congresoutlvte.org/facped/Repositorio/Certificados/Estudiantes/', NULL, NULL, NULL, 14, NULL, NULL, NULL, NULL, NULL, NULL, NULL, NULL, NULL, NULL, NULL),
(866, 'ESTC-5.pdf', 'LISA GONZALEZ RODRIGUEZ', 'http://congresoutlvte.org/facped/Repositorio/Certificados/Estudiantes/', NULL, NULL, NULL, 14, NULL, NULL, NULL, NULL, NULL, NULL, NULL, NULL, NULL, NULL, NULL),
(867, 'ESTC-600.pdf', 'HURTADO ZURITA KAREN PIERINA', 'http://congresoutlvte.org/facped/Repositorio/Certificados/Estudiantes/', NULL, NULL, NULL, 14, NULL, NULL, NULL, NULL, NULL, NULL, NULL, NULL, NULL, NULL, NULL),
(868, 'ESTC-601.pdf', 'Ibarra Castillo Jenniffer Mara', 'http://congresoutlvte.org/facped/Repositorio/Certificados/Estudiantes/', NULL, NULL, NULL, 14, NULL, NULL, NULL, NULL, NULL, NULL, NULL, NULL, NULL, NULL, NULL),
(869, 'ESTC-602.pdf', 'Idrovo Sornoza Daleska Karellys', 'http://congresoutlvte.org/facped/Repositorio/Certificados/Estudiantes/', NULL, NULL, NULL, 14, NULL, NULL, NULL, NULL, NULL, NULL, NULL, NULL, NULL, NULL, NULL),
(870, 'ESTC-603.pdf', 'Jaen Mendoza Jandry Joshue', 'http://congresoutlvte.org/facped/Repositorio/Certificados/Estudiantes/', NULL, NULL, NULL, 14, NULL, NULL, NULL, NULL, NULL, NULL, NULL, NULL, NULL, NULL, NULL),
(871, 'ESTC-604.pdf', 'Jahir Moises Montes Bone', 'http://congresoutlvte.org/facped/Repositorio/Certificados/Estudiantes/', NULL, NULL, NULL, 14, NULL, NULL, NULL, NULL, NULL, NULL, NULL, NULL, NULL, NULL, NULL),
(872, 'ESTC-605.pdf', 'Jama Chila Daniela Alexandra', 'http://congresoutlvte.org/facped/Repositorio/Certificados/Estudiantes/', NULL, NULL, NULL, 14, NULL, NULL, NULL, NULL, NULL, NULL, NULL, NULL, NULL, NULL, NULL),
(873, 'ESTC-606.pdf', 'Jama Corozo Carla Teresa', 'http://congresoutlvte.org/facped/Repositorio/Certificados/Estudiantes/', NULL, NULL, NULL, 14, NULL, NULL, NULL, NULL, NULL, NULL, NULL, NULL, NULL, NULL, NULL),
(874, 'ESTC-607.pdf', 'Jama Tenorio karelis', 'http://congresoutlvte.org/facped/Repositorio/Certificados/Estudiantes/', NULL, NULL, NULL, 14, NULL, NULL, NULL, NULL, NULL, NULL, NULL, NULL, NULL, NULL, NULL),
(875, 'ESTC-608.pdf', 'Jama Vargas Vernica Beatriz', 'http://congresoutlvte.org/facped/Repositorio/Certificados/Estudiantes/', NULL, NULL, NULL, 14, NULL, NULL, NULL, NULL, NULL, NULL, NULL, NULL, NULL, NULL, NULL),
(876, 'ESTC-609.pdf', 'Jaramillo Mendez Yaire Elizabeth', 'http://congresoutlvte.org/facped/Repositorio/Certificados/Estudiantes/', NULL, NULL, NULL, 14, NULL, NULL, NULL, NULL, NULL, NULL, NULL, NULL, NULL, NULL, NULL),
(877, 'ESTC-60.pdf', 'KAREN JANETH QUIONEZ ANGULO', 'http://congresoutlvte.org/facped/Repositorio/Certificados/Estudiantes/', NULL, NULL, NULL, 14, NULL, NULL, NULL, NULL, NULL, NULL, NULL, NULL, NULL, NULL, NULL),
(878, 'ESTC-610.pdf', 'Jaramillo Reyna Arianna Maitte', 'http://congresoutlvte.org/facped/Repositorio/Certificados/Estudiantes/', NULL, NULL, NULL, 14, NULL, NULL, NULL, NULL, NULL, NULL, NULL, NULL, NULL, NULL, NULL),
(879, 'ESTC-611.pdf', 'Jaramillo Salinas Armando Augusto', 'http://congresoutlvte.org/facped/Repositorio/Certificados/Estudiantes/', NULL, NULL, NULL, 14, NULL, NULL, NULL, NULL, NULL, NULL, NULL, NULL, NULL, NULL, NULL),
(880, 'ESTC-612.pdf', 'JEFFERSON CARMELO RUA CALDERON', 'http://congresoutlvte.org/facped/Repositorio/Certificados/Estudiantes/', NULL, NULL, NULL, 14, NULL, NULL, NULL, NULL, NULL, NULL, NULL, NULL, NULL, NULL, NULL),
(881, 'ESTC-613.pdf', 'Jenifer Katherine Vargas Moreira', 'http://congresoutlvte.org/facped/Repositorio/Certificados/Estudiantes/', NULL, NULL, NULL, 14, NULL, NULL, NULL, NULL, NULL, NULL, NULL, NULL, NULL, NULL, NULL),
(882, 'ESTC-614.pdf', 'Jessica Montao Perlaza', 'http://congresoutlvte.org/facped/Repositorio/Certificados/Estudiantes/', NULL, NULL, NULL, 14, NULL, NULL, NULL, NULL, NULL, NULL, NULL, NULL, NULL, NULL, NULL),
(883, 'ESTC-615.pdf', 'Jessica Sandoval', 'http://congresoutlvte.org/facped/Repositorio/Certificados/Estudiantes/', NULL, NULL, NULL, 14, NULL, NULL, NULL, NULL, NULL, NULL, NULL, NULL, NULL, NULL, NULL),
(884, 'ESTC-616.pdf', 'Jessy Argentina Moreira Angulo', 'http://congresoutlvte.org/facped/Repositorio/Certificados/Estudiantes/', NULL, NULL, NULL, 14, NULL, NULL, NULL, NULL, NULL, NULL, NULL, NULL, NULL, NULL, NULL),
(885, 'ESTC-617.pdf', 'JIJON SACON MARIA VIXIANA', 'http://congresoutlvte.org/facped/Repositorio/Certificados/Estudiantes/', NULL, NULL, NULL, 14, NULL, NULL, NULL, NULL, NULL, NULL, NULL, NULL, NULL, NULL, NULL),
(886, 'ESTC-618.pdf', 'Jimnez Gutirrez Yaxuri Rosa', 'http://congresoutlvte.org/facped/Repositorio/Certificados/Estudiantes/', NULL, NULL, NULL, 14, NULL, NULL, NULL, NULL, NULL, NULL, NULL, NULL, NULL, NULL, NULL),
(887, 'ESTC-619.pdf', 'Jimnez Gutirrez Yaxuri Rosa', 'http://congresoutlvte.org/facped/Repositorio/Certificados/Estudiantes/', NULL, NULL, NULL, 14, NULL, NULL, NULL, NULL, NULL, NULL, NULL, NULL, NULL, NULL, NULL),
(888, 'ESTC-61.pdf', 'YENY ANDREA BEMRAN MONCADA', 'http://congresoutlvte.org/facped/Repositorio/Certificados/Estudiantes/', NULL, NULL, NULL, 14, NULL, NULL, NULL, NULL, NULL, NULL, NULL, NULL, NULL, NULL, NULL),
(889, 'ESTC-620.pdf', 'John Jairo Angulo Medranda', 'http://congresoutlvte.org/facped/Repositorio/Certificados/Estudiantes/', NULL, NULL, NULL, 14, NULL, NULL, NULL, NULL, NULL, NULL, NULL, NULL, NULL, NULL, NULL),
(890, 'ESTC-621.pdf', 'Jorge marlon garcs cetre', 'http://congresoutlvte.org/facped/Repositorio/Certificados/Estudiantes/', NULL, NULL, NULL, 14, NULL, NULL, NULL, NULL, NULL, NULL, NULL, NULL, NULL, NULL, NULL),
(891, 'ESTC-622.pdf', 'Jose Domingo Hurtado Ponce', 'http://congresoutlvte.org/facped/Repositorio/Certificados/Estudiantes/', NULL, NULL, NULL, 14, NULL, NULL, NULL, NULL, NULL, NULL, NULL, NULL, NULL, NULL, NULL),
(892, 'ESTC-623.pdf', 'Joselin Elizabeth Angulo Angulo', 'http://congresoutlvte.org/facped/Repositorio/Certificados/Estudiantes/', NULL, NULL, NULL, 14, NULL, NULL, NULL, NULL, NULL, NULL, NULL, NULL, NULL, NULL, NULL),
(893, 'ESTC-624.pdf', 'Joselyn Andreina Villavicencio Espinal', 'http://congresoutlvte.org/facped/Repositorio/Certificados/Estudiantes/', NULL, NULL, NULL, 14, NULL, NULL, NULL, NULL, NULL, NULL, NULL, NULL, NULL, NULL, NULL),
(894, 'ESTC-625.pdf', 'Josselyn Michelle Gutirrez Rodrguez', 'http://congresoutlvte.org/facped/Repositorio/Certificados/Estudiantes/', NULL, NULL, NULL, 14, NULL, NULL, NULL, NULL, NULL, NULL, NULL, NULL, NULL, NULL, NULL),
(895, 'ESTC-626.pdf', 'Juan Guillermo Rivas Veliz', 'http://congresoutlvte.org/facped/Repositorio/Certificados/Estudiantes/', NULL, NULL, NULL, 14, NULL, NULL, NULL, NULL, NULL, NULL, NULL, NULL, NULL, NULL, NULL),
(896, 'ESTC-627.pdf', 'Juliana jailin sellan Cobea', 'http://congresoutlvte.org/facped/Repositorio/Certificados/Estudiantes/', NULL, NULL, NULL, 14, NULL, NULL, NULL, NULL, NULL, NULL, NULL, NULL, NULL, NULL, NULL),
(897, 'ESTC-628.pdf', 'Jumbo Figueroa jennifer celeste', 'http://congresoutlvte.org/facped/Repositorio/Certificados/Estudiantes/', NULL, NULL, NULL, 14, NULL, NULL, NULL, NULL, NULL, NULL, NULL, NULL, NULL, NULL, NULL),
(898, 'ESTC-629.pdf', 'Kaina Nayeli Bone Vilela', 'http://congresoutlvte.org/facped/Repositorio/Certificados/Estudiantes/', NULL, NULL, NULL, 14, NULL, NULL, NULL, NULL, NULL, NULL, NULL, NULL, NULL, NULL, NULL),
(899, 'ESTC-62.pdf', 'YOMIRA LILIBETH PANELSANO', 'http://congresoutlvte.org/facped/Repositorio/Certificados/Estudiantes/', NULL, NULL, NULL, 14, NULL, NULL, NULL, NULL, NULL, NULL, NULL, NULL, NULL, NULL, NULL),
(900, 'ESTC-630.pdf', 'Karen Alexandra Quionez Cortes', 'http://congresoutlvte.org/facped/Repositorio/Certificados/Estudiantes/', NULL, NULL, NULL, 14, NULL, NULL, NULL, NULL, NULL, NULL, NULL, NULL, NULL, NULL, NULL),
(901, 'ESTC-631.pdf', 'Karina Elizabeth Perea Quionez', 'http://congresoutlvte.org/facped/Repositorio/Certificados/Estudiantes/', NULL, NULL, NULL, 14, NULL, NULL, NULL, NULL, NULL, NULL, NULL, NULL, NULL, NULL, NULL),
(902, 'ESTC-632.pdf', 'KARINA MARIBEL FALCN VILLARREAL', 'http://congresoutlvte.org/facped/Repositorio/Certificados/Estudiantes/', NULL, NULL, NULL, 14, NULL, NULL, NULL, NULL, NULL, NULL, NULL, NULL, NULL, NULL, NULL),
(903, 'ESTC-633.pdf', 'Karina Veronica Lopez Vilela', 'http://congresoutlvte.org/facped/Repositorio/Certificados/Estudiantes/', NULL, NULL, NULL, 14, NULL, NULL, NULL, NULL, NULL, NULL, NULL, NULL, NULL, NULL, NULL),
(904, 'ESTC-634.pdf', 'Karina Vernica Lpez vilela', 'http://congresoutlvte.org/facped/Repositorio/Certificados/Estudiantes/', NULL, NULL, NULL, 14, NULL, NULL, NULL, NULL, NULL, NULL, NULL, NULL, NULL, NULL, NULL),
(905, 'ESTC-635.pdf', 'Karla Paola Oleas Ramirez', 'http://congresoutlvte.org/facped/Repositorio/Certificados/Estudiantes/', NULL, NULL, NULL, 14, NULL, NULL, NULL, NULL, NULL, NULL, NULL, NULL, NULL, NULL, NULL),
(906, 'ESTC-636.pdf', 'Kevin Hernan Orellana Peralta', 'http://congresoutlvte.org/facped/Repositorio/Certificados/Estudiantes/', NULL, NULL, NULL, 14, NULL, NULL, NULL, NULL, NULL, NULL, NULL, NULL, NULL, NULL, NULL),
(907, 'ESTC-637.pdf', 'Kevin Isaias Delgado Saltos', 'http://congresoutlvte.org/facped/Repositorio/Certificados/Estudiantes/', NULL, NULL, NULL, 14, NULL, NULL, NULL, NULL, NULL, NULL, NULL, NULL, NULL, NULL, NULL),
(908, 'ESTC-638.pdf', 'KIARA JURLEY CARPE BUSTOS', 'http://congresoutlvte.org/facped/Repositorio/Certificados/Estudiantes/', NULL, NULL, NULL, 14, NULL, NULL, NULL, NULL, NULL, NULL, NULL, NULL, NULL, NULL, NULL),
(909, 'ESTC-639.pdf', 'Klinger Guerrero Paola Serafina', 'http://congresoutlvte.org/facped/Repositorio/Certificados/Estudiantes/', NULL, NULL, NULL, 14, NULL, NULL, NULL, NULL, NULL, NULL, NULL, NULL, NULL, NULL, NULL),
(910, 'ESTC-63.pdf', 'SUSANA ISABEL SALDARRIAGA QUINTERO', 'http://congresoutlvte.org/facped/Repositorio/Certificados/Estudiantes/', NULL, NULL, NULL, 14, NULL, NULL, NULL, NULL, NULL, NULL, NULL, NULL, NULL, NULL, NULL),
(911, 'ESTC-640.pdf', 'Klinger Otoya Shirley Esmeralda', 'http://congresoutlvte.org/facped/Repositorio/Certificados/Estudiantes/', NULL, NULL, NULL, 14, NULL, NULL, NULL, NULL, NULL, NULL, NULL, NULL, NULL, NULL, NULL),
(912, 'ESTC-641.pdf', 'Lalaleo Parraga Deyvi Paul', 'http://congresoutlvte.org/facped/Repositorio/Certificados/Estudiantes/', NULL, NULL, NULL, 14, NULL, NULL, NULL, NULL, NULL, NULL, NULL, NULL, NULL, NULL, NULL);
INSERT INTO `certificado` (`idcertificado`, `archivo`, `propietario`, `ubicacion`, `evento`, `idevento`, `iddocumento`, `idtipodocu`, `posi_nomb_x`, `posi_nomb_y`, `ancho_x`, `alto_y`, `posi_fecha_x`, `posi_fecha_y`, `posi_codigo_x`, `posi_codigo_y`, `correohead`, `correofoot`, `correosubject`) VALUES
(913, 'ESTC-642.pdf', 'Landazuri Rodrguez Juliana Andreina', 'http://congresoutlvte.org/facped/Repositorio/Certificados/Estudiantes/', NULL, NULL, NULL, 14, NULL, NULL, NULL, NULL, NULL, NULL, NULL, NULL, NULL, NULL, NULL),
(914, 'ESTC-643.pdf', 'Landazuri Rodriguez karen Malena', 'http://congresoutlvte.org/facped/Repositorio/Certificados/Estudiantes/', NULL, NULL, NULL, 14, NULL, NULL, NULL, NULL, NULL, NULL, NULL, NULL, NULL, NULL, NULL),
(915, 'ESTC-644.pdf', 'Lara Castillo Gnesis Nicole', 'http://congresoutlvte.org/facped/Repositorio/Certificados/Estudiantes/', NULL, NULL, NULL, 14, NULL, NULL, NULL, NULL, NULL, NULL, NULL, NULL, NULL, NULL, NULL),
(916, 'ESTC-645.pdf', 'Lara Quionez Evelyn juliana', 'http://congresoutlvte.org/facped/Repositorio/Certificados/Estudiantes/', NULL, NULL, NULL, 14, NULL, NULL, NULL, NULL, NULL, NULL, NULL, NULL, NULL, NULL, NULL),
(917, 'ESTC-646.pdf', 'Largo Aapa Angela Tatiana', 'http://congresoutlvte.org/facped/Repositorio/Certificados/Estudiantes/', NULL, NULL, NULL, 14, NULL, NULL, NULL, NULL, NULL, NULL, NULL, NULL, NULL, NULL, NULL),
(918, 'ESTC-647.pdf', 'Laura Rocio Gruezo Hurtado', 'http://congresoutlvte.org/facped/Repositorio/Certificados/Estudiantes/', NULL, NULL, NULL, 14, NULL, NULL, NULL, NULL, NULL, NULL, NULL, NULL, NULL, NULL, NULL),
(919, 'ESTC-648.pdf', 'Len Chango Shirley Alexandra', 'http://congresoutlvte.org/facped/Repositorio/Certificados/Estudiantes/', NULL, NULL, NULL, 14, NULL, NULL, NULL, NULL, NULL, NULL, NULL, NULL, NULL, NULL, NULL),
(920, 'ESTC-649.pdf', 'Leon Moreno Yaritza Anais', 'http://congresoutlvte.org/facped/Repositorio/Certificados/Estudiantes/', NULL, NULL, NULL, 14, NULL, NULL, NULL, NULL, NULL, NULL, NULL, NULL, NULL, NULL, NULL),
(921, 'ESTC-64.pdf', 'LANDY NATHALY SANTILLAN CANDELA', 'http://congresoutlvte.org/facped/Repositorio/Certificados/Estudiantes/', NULL, NULL, NULL, 14, NULL, NULL, NULL, NULL, NULL, NULL, NULL, NULL, NULL, NULL, NULL),
(922, 'ESTC-650.pdf', 'Leon valencia susana fernanda', 'http://congresoutlvte.org/facped/Repositorio/Certificados/Estudiantes/', NULL, NULL, NULL, 14, NULL, NULL, NULL, NULL, NULL, NULL, NULL, NULL, NULL, NULL, NULL),
(923, 'ESTC-651.pdf', 'Len Valencia Susana Fernanda', 'http://congresoutlvte.org/facped/Repositorio/Certificados/Estudiantes/', NULL, NULL, NULL, 14, NULL, NULL, NULL, NULL, NULL, NULL, NULL, NULL, NULL, NULL, NULL),
(924, 'ESTC-652.pdf', 'Lerma Perlaza Joisy Camila', 'http://congresoutlvte.org/facped/Repositorio/Certificados/Estudiantes/', NULL, NULL, NULL, 14, NULL, NULL, NULL, NULL, NULL, NULL, NULL, NULL, NULL, NULL, NULL),
(925, 'ESTC-653.pdf', 'Lerma Torres Cintya Guadalupe', 'http://congresoutlvte.org/facped/Repositorio/Certificados/Estudiantes/', NULL, NULL, NULL, 14, NULL, NULL, NULL, NULL, NULL, NULL, NULL, NULL, NULL, NULL, NULL),
(926, 'ESTC-654.pdf', 'Lis yirabel Gonzalez Rodriguez', 'http://congresoutlvte.org/facped/Repositorio/Certificados/Estudiantes/', NULL, NULL, NULL, 14, NULL, NULL, NULL, NULL, NULL, NULL, NULL, NULL, NULL, NULL, NULL),
(927, 'ESTC-655.pdf', 'Liz Snchez Mero', 'http://congresoutlvte.org/facped/Repositorio/Certificados/Estudiantes/', NULL, NULL, NULL, 14, NULL, NULL, NULL, NULL, NULL, NULL, NULL, NULL, NULL, NULL, NULL),
(928, 'ESTC-656.pdf', 'Lizandra Vernica Caicedo Chasing', 'http://congresoutlvte.org/facped/Repositorio/Certificados/Estudiantes/', NULL, NULL, NULL, 14, NULL, NULL, NULL, NULL, NULL, NULL, NULL, NULL, NULL, NULL, NULL),
(929, 'ESTC-657.pdf', 'Llorente Nicolalde Paulina Elizabeth', 'http://congresoutlvte.org/facped/Repositorio/Certificados/Estudiantes/', NULL, NULL, NULL, 14, NULL, NULL, NULL, NULL, NULL, NULL, NULL, NULL, NULL, NULL, NULL),
(930, 'ESTC-658.pdf', 'Llumiquinga Pincay Nathaly Silvana', 'http://congresoutlvte.org/facped/Repositorio/Certificados/Estudiantes/', NULL, NULL, NULL, 14, NULL, NULL, NULL, NULL, NULL, NULL, NULL, NULL, NULL, NULL, NULL),
(931, 'ESTC-659.pdf', 'LOOR BATIOJA YENILY BELEN', 'http://congresoutlvte.org/facped/Repositorio/Certificados/Estudiantes/', NULL, NULL, NULL, 14, NULL, NULL, NULL, NULL, NULL, NULL, NULL, NULL, NULL, NULL, NULL),
(932, 'ESTC-65.pdf', 'BRILLY NICOLE VALLE BRAVO', 'http://congresoutlvte.org/facped/Repositorio/Certificados/Estudiantes/', NULL, NULL, NULL, 14, NULL, NULL, NULL, NULL, NULL, NULL, NULL, NULL, NULL, NULL, NULL),
(933, 'ESTC-660.pdf', 'Loor CarabaliGrace Elizabeth', 'http://congresoutlvte.org/facped/Repositorio/Certificados/Estudiantes/', NULL, NULL, NULL, 14, NULL, NULL, NULL, NULL, NULL, NULL, NULL, NULL, NULL, NULL, NULL),
(934, 'ESTC-661.pdf', 'Loor Quinez Alejandra Paola', 'http://congresoutlvte.org/facped/Repositorio/Certificados/Estudiantes/', NULL, NULL, NULL, 14, NULL, NULL, NULL, NULL, NULL, NULL, NULL, NULL, NULL, NULL, NULL),
(935, 'ESTC-662.pdf', 'Lopez Cruz Evelin Coral', 'http://congresoutlvte.org/facped/Repositorio/Certificados/Estudiantes/', NULL, NULL, NULL, 14, NULL, NULL, NULL, NULL, NULL, NULL, NULL, NULL, NULL, NULL, NULL),
(936, 'ESTC-663.pdf', 'Lopez cruz Evelin Coral', 'http://congresoutlvte.org/facped/Repositorio/Certificados/Estudiantes/', NULL, NULL, NULL, 14, NULL, NULL, NULL, NULL, NULL, NULL, NULL, NULL, NULL, NULL, NULL),
(937, 'ESTC-664.pdf', 'Lpez Mancilla Ambar', 'http://congresoutlvte.org/facped/Repositorio/Certificados/Estudiantes/', NULL, NULL, NULL, 14, NULL, NULL, NULL, NULL, NULL, NULL, NULL, NULL, NULL, NULL, NULL),
(938, 'ESTC-665.pdf', 'Lpez Manzaba Gnesis Nayeli', 'http://congresoutlvte.org/facped/Repositorio/Certificados/Estudiantes/', NULL, NULL, NULL, 14, NULL, NULL, NULL, NULL, NULL, NULL, NULL, NULL, NULL, NULL, NULL),
(939, 'ESTC-666.pdf', 'Lpez Manzaba Gnesis Nayeli', 'http://congresoutlvte.org/facped/Repositorio/Certificados/Estudiantes/', NULL, NULL, NULL, 14, NULL, NULL, NULL, NULL, NULL, NULL, NULL, NULL, NULL, NULL, NULL),
(940, 'ESTC-667.pdf', 'Lpez San Nicolas Roxana', 'http://congresoutlvte.org/facped/Repositorio/Certificados/Estudiantes/', NULL, NULL, NULL, 14, NULL, NULL, NULL, NULL, NULL, NULL, NULL, NULL, NULL, NULL, NULL),
(941, 'ESTC-668.pdf', 'LOPEZ VALENCIA JHON STIWAR', 'http://congresoutlvte.org/facped/Repositorio/Certificados/Estudiantes/', NULL, NULL, NULL, 14, NULL, NULL, NULL, NULL, NULL, NULL, NULL, NULL, NULL, NULL, NULL),
(942, 'ESTC-669.pdf', 'LOPEZ VALENCIA JHON STIWAR', 'http://congresoutlvte.org/facped/Repositorio/Certificados/Estudiantes/', NULL, NULL, NULL, 14, NULL, NULL, NULL, NULL, NULL, NULL, NULL, NULL, NULL, NULL, NULL),
(943, 'ESTC-66.pdf', 'CARLA ANAHI VILLAREAL ORTEGA', 'http://congresoutlvte.org/facped/Repositorio/Certificados/Estudiantes/', NULL, NULL, NULL, 14, NULL, NULL, NULL, NULL, NULL, NULL, NULL, NULL, NULL, NULL, NULL),
(944, 'ESTC-670.pdf', 'Lopez Valencia Karla Viviana', 'http://congresoutlvte.org/facped/Repositorio/Certificados/Estudiantes/', NULL, NULL, NULL, 14, NULL, NULL, NULL, NULL, NULL, NULL, NULL, NULL, NULL, NULL, NULL),
(945, 'ESTC-671.pdf', 'Lopez zambrano Jeanella elizabeth', 'http://congresoutlvte.org/facped/Repositorio/Certificados/Estudiantes/', NULL, NULL, NULL, 14, NULL, NULL, NULL, NULL, NULL, NULL, NULL, NULL, NULL, NULL, NULL),
(946, 'ESTC-672.pdf', 'Loyola Caiza Nathaly Silvana', 'http://congresoutlvte.org/facped/Repositorio/Certificados/Estudiantes/', NULL, NULL, NULL, 14, NULL, NULL, NULL, NULL, NULL, NULL, NULL, NULL, NULL, NULL, NULL),
(947, 'ESTC-673.pdf', 'LOZANO ANGULO JOSELYN JOHANNA', 'http://congresoutlvte.org/facped/Repositorio/Certificados/Estudiantes/', NULL, NULL, NULL, 14, NULL, NULL, NULL, NULL, NULL, NULL, NULL, NULL, NULL, NULL, NULL),
(948, 'ESTC-674.pdf', 'Lugo Ordoez Karla Lissette', 'http://congresoutlvte.org/facped/Repositorio/Certificados/Estudiantes/', NULL, NULL, NULL, 14, NULL, NULL, NULL, NULL, NULL, NULL, NULL, NULL, NULL, NULL, NULL),
(949, 'ESTC-675.pdf', 'Luis David Gonzlez Bennett', 'http://congresoutlvte.org/facped/Repositorio/Certificados/Estudiantes/', NULL, NULL, NULL, 14, NULL, NULL, NULL, NULL, NULL, NULL, NULL, NULL, NULL, NULL, NULL),
(950, 'ESTC-676.pdf', 'Luis Xavier Lajones Torres', 'http://congresoutlvte.org/facped/Repositorio/Certificados/Estudiantes/', NULL, NULL, NULL, 14, NULL, NULL, NULL, NULL, NULL, NULL, NULL, NULL, NULL, NULL, NULL),
(951, 'ESTC-677.pdf', 'LUJANO PATA NINFA VIVIANA', 'http://congresoutlvte.org/facped/Repositorio/Certificados/Estudiantes/', NULL, NULL, NULL, 14, NULL, NULL, NULL, NULL, NULL, NULL, NULL, NULL, NULL, NULL, NULL),
(952, 'ESTC-678.pdf', 'LUNA MORENO JASMIN STEFANIA', 'http://congresoutlvte.org/facped/Repositorio/Certificados/Estudiantes/', NULL, NULL, NULL, 14, NULL, NULL, NULL, NULL, NULL, NULL, NULL, NULL, NULL, NULL, NULL),
(953, 'ESTC-679.pdf', 'LUZN CASTILLO ANIA MALENA', 'http://congresoutlvte.org/facped/Repositorio/Certificados/Estudiantes/', NULL, NULL, NULL, 14, NULL, NULL, NULL, NULL, NULL, NULL, NULL, NULL, NULL, NULL, NULL),
(954, 'ESTC-67.pdf', 'KRISTHEL STEFANIA CHANALUISA JIMENEZ', 'http://congresoutlvte.org/facped/Repositorio/Certificados/Estudiantes/', NULL, NULL, NULL, 14, NULL, NULL, NULL, NULL, NULL, NULL, NULL, NULL, NULL, NULL, NULL),
(955, 'ESTC-680.pdf', 'Macas Bautista Veronica Fernanda', 'http://congresoutlvte.org/facped/Repositorio/Certificados/Estudiantes/', NULL, NULL, NULL, 14, NULL, NULL, NULL, NULL, NULL, NULL, NULL, NULL, NULL, NULL, NULL),
(956, 'ESTC-681.pdf', 'Macias Gonzalez Michelle Carolina', 'http://congresoutlvte.org/facped/Repositorio/Certificados/Estudiantes/', NULL, NULL, NULL, 14, NULL, NULL, NULL, NULL, NULL, NULL, NULL, NULL, NULL, NULL, NULL),
(957, 'ESTC-682.pdf', 'Maffare Bone Jessenia Dixiana', 'http://congresoutlvte.org/facped/Repositorio/Certificados/Estudiantes/', NULL, NULL, NULL, 14, NULL, NULL, NULL, NULL, NULL, NULL, NULL, NULL, NULL, NULL, NULL),
(958, 'ESTC-683.pdf', 'Maldonado chochos victor adan', 'http://congresoutlvte.org/facped/Repositorio/Certificados/Estudiantes/', NULL, NULL, NULL, 14, NULL, NULL, NULL, NULL, NULL, NULL, NULL, NULL, NULL, NULL, NULL),
(959, 'ESTC-684.pdf', 'maldonado chochos victor adan', 'http://congresoutlvte.org/facped/Repositorio/Certificados/Estudiantes/', NULL, NULL, NULL, 14, NULL, NULL, NULL, NULL, NULL, NULL, NULL, NULL, NULL, NULL, NULL),
(960, 'ESTC-685.pdf', 'MANCHAY ORBEA JUAN CARLOS', 'http://congresoutlvte.org/facped/Repositorio/Certificados/Estudiantes/', NULL, NULL, NULL, 14, NULL, NULL, NULL, NULL, NULL, NULL, NULL, NULL, NULL, NULL, NULL),
(961, 'ESTC-686.pdf', 'Mangely Johanna Ver Tenorio', 'http://congresoutlvte.org/facped/Repositorio/Certificados/Estudiantes/', NULL, NULL, NULL, 14, NULL, NULL, NULL, NULL, NULL, NULL, NULL, NULL, NULL, NULL, NULL),
(962, 'ESTC-687.pdf', 'Mantuano Moncayo Rosa Isabel', 'http://congresoutlvte.org/facped/Repositorio/Certificados/Estudiantes/', NULL, NULL, NULL, 14, NULL, NULL, NULL, NULL, NULL, NULL, NULL, NULL, NULL, NULL, NULL),
(963, 'ESTC-688.pdf', 'Manzaba Landazuri Maryuri Margarita', 'http://congresoutlvte.org/facped/Repositorio/Certificados/Estudiantes/', NULL, NULL, NULL, 14, NULL, NULL, NULL, NULL, NULL, NULL, NULL, NULL, NULL, NULL, NULL),
(964, 'ESTC-689.pdf', 'Manzaba Olave Yanari Sharley', 'http://congresoutlvte.org/facped/Repositorio/Certificados/Estudiantes/', NULL, NULL, NULL, 14, NULL, NULL, NULL, NULL, NULL, NULL, NULL, NULL, NULL, NULL, NULL),
(965, 'ESTC-68.pdf', 'NACHEL ARIANA QUIONEZ TUFIO', 'http://congresoutlvte.org/facped/Repositorio/Certificados/Estudiantes/', NULL, NULL, NULL, 14, NULL, NULL, NULL, NULL, NULL, NULL, NULL, NULL, NULL, NULL, NULL),
(966, 'ESTC-690.pdf', 'Manzaba Valencia Laura Melissa', 'http://congresoutlvte.org/facped/Repositorio/Certificados/Estudiantes/', NULL, NULL, NULL, 14, NULL, NULL, NULL, NULL, NULL, NULL, NULL, NULL, NULL, NULL, NULL),
(967, 'ESTC-691.pdf', 'Marchan Casierra Ariana Sarahi', 'http://congresoutlvte.org/facped/Repositorio/Certificados/Estudiantes/', NULL, NULL, NULL, 14, NULL, NULL, NULL, NULL, NULL, NULL, NULL, NULL, NULL, NULL, NULL),
(968, 'ESTC-692.pdf', 'Marchan Zambrano Mara Clara', 'http://congresoutlvte.org/facped/Repositorio/Certificados/Estudiantes/', NULL, NULL, NULL, 14, NULL, NULL, NULL, NULL, NULL, NULL, NULL, NULL, NULL, NULL, NULL),
(969, 'ESTC-693.pdf', 'MARCILLO JIJON MADELEYNE ROMINA', 'http://congresoutlvte.org/facped/Repositorio/Certificados/Estudiantes/', NULL, NULL, NULL, 14, NULL, NULL, NULL, NULL, NULL, NULL, NULL, NULL, NULL, NULL, NULL),
(970, 'ESTC-694.pdf', 'Mara Antonella Calberto Suares', 'http://congresoutlvte.org/facped/Repositorio/Certificados/Estudiantes/', NULL, NULL, NULL, 14, NULL, NULL, NULL, NULL, NULL, NULL, NULL, NULL, NULL, NULL, NULL),
(971, 'ESTC-695.pdf', 'Maria Cecilia Batioja Segura', 'http://congresoutlvte.org/facped/Repositorio/Certificados/Estudiantes/', NULL, NULL, NULL, 14, NULL, NULL, NULL, NULL, NULL, NULL, NULL, NULL, NULL, NULL, NULL),
(972, 'ESTC-696.pdf', 'Maria Isabel Preciado Moreno', 'http://congresoutlvte.org/facped/Repositorio/Certificados/Estudiantes/', NULL, NULL, NULL, 14, NULL, NULL, NULL, NULL, NULL, NULL, NULL, NULL, NULL, NULL, NULL),
(973, 'ESTC-697.pdf', 'Mara Jos Ordez Clavijo', 'http://congresoutlvte.org/facped/Repositorio/Certificados/Estudiantes/', NULL, NULL, NULL, 14, NULL, NULL, NULL, NULL, NULL, NULL, NULL, NULL, NULL, NULL, NULL),
(974, 'ESTC-698.pdf', 'MARIA VIXIANA JIJON SACON', 'http://congresoutlvte.org/facped/Repositorio/Certificados/Estudiantes/', NULL, NULL, NULL, 14, NULL, NULL, NULL, NULL, NULL, NULL, NULL, NULL, NULL, NULL, NULL),
(975, 'ESTC-699.pdf', 'Mariana Mercede Hinostroza Mancilla', 'http://congresoutlvte.org/facped/Repositorio/Certificados/Estudiantes/', NULL, NULL, NULL, 14, NULL, NULL, NULL, NULL, NULL, NULL, NULL, NULL, NULL, NULL, NULL),
(976, 'ESTC-69.pdf', 'MARIUXI JIMABEL ARCE CASTILLO', 'http://congresoutlvte.org/facped/Repositorio/Certificados/Estudiantes/', NULL, NULL, NULL, 14, NULL, NULL, NULL, NULL, NULL, NULL, NULL, NULL, NULL, NULL, NULL),
(977, 'ESTC-6.pdf', 'MIGUEL VERA BONE', 'http://congresoutlvte.org/facped/Repositorio/Certificados/Estudiantes/', NULL, NULL, NULL, 14, NULL, NULL, NULL, NULL, NULL, NULL, NULL, NULL, NULL, NULL, NULL),
(978, 'ESTC-700.pdf', 'Marn Snchez Valeria Nathaly', 'http://congresoutlvte.org/facped/Repositorio/Certificados/Estudiantes/', NULL, NULL, NULL, 14, NULL, NULL, NULL, NULL, NULL, NULL, NULL, NULL, NULL, NULL, NULL),
(979, 'ESTC-701.pdf', 'Marn Valencia Maidelyn Nicole', 'http://congresoutlvte.org/facped/Repositorio/Certificados/Estudiantes/', NULL, NULL, NULL, 14, NULL, NULL, NULL, NULL, NULL, NULL, NULL, NULL, NULL, NULL, NULL),
(980, 'ESTC-702.pdf', 'Marn Vsquez Nicole Dayana', 'http://congresoutlvte.org/facped/Repositorio/Certificados/Estudiantes/', NULL, NULL, NULL, 14, NULL, NULL, NULL, NULL, NULL, NULL, NULL, NULL, NULL, NULL, NULL),
(981, 'ESTC-703.pdf', 'Marquez Canchingre Karla Nicole', 'http://congresoutlvte.org/facped/Repositorio/Certificados/Estudiantes/', NULL, NULL, NULL, 14, NULL, NULL, NULL, NULL, NULL, NULL, NULL, NULL, NULL, NULL, NULL),
(982, 'ESTC-704.pdf', 'Mrquez Delgado Vianka Juliana', 'http://congresoutlvte.org/facped/Repositorio/Certificados/Estudiantes/', NULL, NULL, NULL, 14, NULL, NULL, NULL, NULL, NULL, NULL, NULL, NULL, NULL, NULL, NULL),
(983, 'ESTC-705.pdf', 'Mrquez Espaa Geoconda Pamela', 'http://congresoutlvte.org/facped/Repositorio/Certificados/Estudiantes/', NULL, NULL, NULL, 14, NULL, NULL, NULL, NULL, NULL, NULL, NULL, NULL, NULL, NULL, NULL),
(984, 'ESTC-706.pdf', 'Marquez Proao Diana iliana', 'http://congresoutlvte.org/facped/Repositorio/Certificados/Estudiantes/', NULL, NULL, NULL, 14, NULL, NULL, NULL, NULL, NULL, NULL, NULL, NULL, NULL, NULL, NULL),
(985, 'ESTC-707.pdf', 'Marquez Vargas Kerly Estefania', 'http://congresoutlvte.org/facped/Repositorio/Certificados/Estudiantes/', NULL, NULL, NULL, 14, NULL, NULL, NULL, NULL, NULL, NULL, NULL, NULL, NULL, NULL, NULL),
(986, 'ESTC-708.pdf', 'Martnez Angulo Alisson Samantha', 'http://congresoutlvte.org/facped/Repositorio/Certificados/Estudiantes/', NULL, NULL, NULL, 14, NULL, NULL, NULL, NULL, NULL, NULL, NULL, NULL, NULL, NULL, NULL),
(987, 'ESTC-709.pdf', 'Martnez Meneses Jenniffer Lisbeth', 'http://congresoutlvte.org/facped/Repositorio/Certificados/Estudiantes/', NULL, NULL, NULL, 14, NULL, NULL, NULL, NULL, NULL, NULL, NULL, NULL, NULL, NULL, NULL),
(988, 'ESTC-70.pdf', 'KAREN VIVIANA GEORGE QUIONEZ', 'http://congresoutlvte.org/facped/Repositorio/Certificados/Estudiantes/', NULL, NULL, NULL, 14, NULL, NULL, NULL, NULL, NULL, NULL, NULL, NULL, NULL, NULL, NULL),
(989, 'ESTC-710.pdf', 'MASO PERDOMO DIEGO FERNANDO', 'http://congresoutlvte.org/facped/Repositorio/Certificados/Estudiantes/', NULL, NULL, NULL, 14, NULL, NULL, NULL, NULL, NULL, NULL, NULL, NULL, NULL, NULL, NULL),
(990, 'ESTC-711.pdf', 'Medina Monrroy kennia Rosibel', 'http://congresoutlvte.org/facped/Repositorio/Certificados/Estudiantes/', NULL, NULL, NULL, 14, NULL, NULL, NULL, NULL, NULL, NULL, NULL, NULL, NULL, NULL, NULL),
(991, 'ESTC-712.pdf', 'Meja Quintero Evelyn Lissette', 'http://congresoutlvte.org/facped/Repositorio/Certificados/Estudiantes/', NULL, NULL, NULL, 14, NULL, NULL, NULL, NULL, NULL, NULL, NULL, NULL, NULL, NULL, NULL),
(992, 'ESTC-713.pdf', 'Melanie Danne Angulo Saavedra', 'http://congresoutlvte.org/facped/Repositorio/Certificados/Estudiantes/', NULL, NULL, NULL, 14, NULL, NULL, NULL, NULL, NULL, NULL, NULL, NULL, NULL, NULL, NULL),
(993, 'ESTC-714.pdf', 'Mell Irene Rodriguez Rodriguez', 'http://congresoutlvte.org/facped/Repositorio/Certificados/Estudiantes/', NULL, NULL, NULL, 14, NULL, NULL, NULL, NULL, NULL, NULL, NULL, NULL, NULL, NULL, NULL),
(994, 'ESTC-715.pdf', 'MENA PATA VANESSA ARACELLY', 'http://congresoutlvte.org/facped/Repositorio/Certificados/Estudiantes/', NULL, NULL, NULL, 14, NULL, NULL, NULL, NULL, NULL, NULL, NULL, NULL, NULL, NULL, NULL),
(995, 'ESTC-716.pdf', 'Mendez Espinoza Evelyn Lisbeth', 'http://congresoutlvte.org/facped/Repositorio/Certificados/Estudiantes/', NULL, NULL, NULL, 14, NULL, NULL, NULL, NULL, NULL, NULL, NULL, NULL, NULL, NULL, NULL),
(996, 'ESTC-717.pdf', 'Mendez Montao Lissette Estefania', 'http://congresoutlvte.org/facped/Repositorio/Certificados/Estudiantes/', NULL, NULL, NULL, 14, NULL, NULL, NULL, NULL, NULL, NULL, NULL, NULL, NULL, NULL, NULL),
(997, 'ESTC-718.pdf', 'Mndez Quionez Delia Jasmn', 'http://congresoutlvte.org/facped/Repositorio/Certificados/Estudiantes/', NULL, NULL, NULL, 14, NULL, NULL, NULL, NULL, NULL, NULL, NULL, NULL, NULL, NULL, NULL),
(998, 'ESTC-719.pdf', 'Mendez Roman Milena Lilibeth', 'http://congresoutlvte.org/facped/Repositorio/Certificados/Estudiantes/', NULL, NULL, NULL, 14, NULL, NULL, NULL, NULL, NULL, NULL, NULL, NULL, NULL, NULL, NULL),
(999, 'ESTC-71.pdf', 'KARINA ELIZABETH PEREA QUIONEZ', 'http://congresoutlvte.org/facped/Repositorio/Certificados/Estudiantes/', NULL, NULL, NULL, 14, NULL, NULL, NULL, NULL, NULL, NULL, NULL, NULL, NULL, NULL, NULL),
(1000, 'ESTC-720.pdf', 'Mendoza Prraga Lina Judith', 'http://congresoutlvte.org/facped/Repositorio/Certificados/Estudiantes/', NULL, NULL, NULL, 14, NULL, NULL, NULL, NULL, NULL, NULL, NULL, NULL, NULL, NULL, NULL),
(1001, 'ESTC-721.pdf', 'Mendoza Paz Sonia Mercedes', 'http://congresoutlvte.org/facped/Repositorio/Certificados/Estudiantes/', NULL, NULL, NULL, 14, NULL, NULL, NULL, NULL, NULL, NULL, NULL, NULL, NULL, NULL, NULL),
(1002, 'ESTC-722.pdf', 'Mendoza Velez Elvia Margarita', 'http://congresoutlvte.org/facped/Repositorio/Certificados/Estudiantes/', NULL, NULL, NULL, 14, NULL, NULL, NULL, NULL, NULL, NULL, NULL, NULL, NULL, NULL, NULL),
(1003, 'ESTC-723.pdf', 'Mendoza Zambrano Ilda Maritza', 'http://congresoutlvte.org/facped/Repositorio/Certificados/Estudiantes/', NULL, NULL, NULL, 14, NULL, NULL, NULL, NULL, NULL, NULL, NULL, NULL, NULL, NULL, NULL),
(1004, 'ESTC-724.pdf', 'Meneses Bautista Melany Nohely', 'http://congresoutlvte.org/facped/Repositorio/Certificados/Estudiantes/', NULL, NULL, NULL, 14, NULL, NULL, NULL, NULL, NULL, NULL, NULL, NULL, NULL, NULL, NULL),
(1005, 'ESTC-725.pdf', 'Mera Angulo Arancha Alejandra', 'http://congresoutlvte.org/facped/Repositorio/Certificados/Estudiantes/', NULL, NULL, NULL, 14, NULL, NULL, NULL, NULL, NULL, NULL, NULL, NULL, NULL, NULL, NULL),
(1006, 'ESTC-726.pdf', 'Mera Mora Shirley Sandrelly', 'http://congresoutlvte.org/facped/Repositorio/Certificados/Estudiantes/', NULL, NULL, NULL, 14, NULL, NULL, NULL, NULL, NULL, NULL, NULL, NULL, NULL, NULL, NULL),
(1007, 'ESTC-727.pdf', 'MERA MURILLO JOSE LUIS', 'http://congresoutlvte.org/facped/Repositorio/Certificados/Estudiantes/', NULL, NULL, NULL, 14, NULL, NULL, NULL, NULL, NULL, NULL, NULL, NULL, NULL, NULL, NULL),
(1008, 'ESTC-728.pdf', 'Mercy cristina ante valencia', 'http://congresoutlvte.org/facped/Repositorio/Certificados/Estudiantes/', NULL, NULL, NULL, 14, NULL, NULL, NULL, NULL, NULL, NULL, NULL, NULL, NULL, NULL, NULL),
(1009, 'ESTC-729.pdf', 'Merlin Garcia Yaritza Jereni', 'http://congresoutlvte.org/facped/Repositorio/Certificados/Estudiantes/', NULL, NULL, NULL, 14, NULL, NULL, NULL, NULL, NULL, NULL, NULL, NULL, NULL, NULL, NULL),
(1010, 'ESTC-72.pdf', 'CARMEN ROSMERY ZAMBRANO PINTO', 'http://congresoutlvte.org/facped/Repositorio/Certificados/Estudiantes/', NULL, NULL, NULL, 14, NULL, NULL, NULL, NULL, NULL, NULL, NULL, NULL, NULL, NULL, NULL),
(1011, 'ESTC-730.pdf', 'Mero Castillo Aikel Yumally', 'http://congresoutlvte.org/facped/Repositorio/Certificados/Estudiantes/', NULL, NULL, NULL, 14, NULL, NULL, NULL, NULL, NULL, NULL, NULL, NULL, NULL, NULL, NULL),
(1012, 'ESTC-731.pdf', 'Mero Garcia Esthela Marisol', 'http://congresoutlvte.org/facped/Repositorio/Certificados/Estudiantes/', NULL, NULL, NULL, 14, NULL, NULL, NULL, NULL, NULL, NULL, NULL, NULL, NULL, NULL, NULL),
(1013, 'ESTC-732.pdf', 'Mero Quintero Magali Lissette', 'http://congresoutlvte.org/facped/Repositorio/Certificados/Estudiantes/', NULL, NULL, NULL, 14, NULL, NULL, NULL, NULL, NULL, NULL, NULL, NULL, NULL, NULL, NULL),
(1014, 'ESTC-733.pdf', 'Mero Zuiga Genaro Alexander', 'http://congresoutlvte.org/facped/Repositorio/Certificados/Estudiantes/', NULL, NULL, NULL, 14, NULL, NULL, NULL, NULL, NULL, NULL, NULL, NULL, NULL, NULL, NULL),
(1015, 'ESTC-734.pdf', 'Meza Jama Nallely Lissette', 'http://congresoutlvte.org/facped/Repositorio/Certificados/Estudiantes/', NULL, NULL, NULL, 14, NULL, NULL, NULL, NULL, NULL, NULL, NULL, NULL, NULL, NULL, NULL),
(1016, 'ESTC-735.pdf', 'Meza Ortiz Gabriela Cristina', 'http://congresoutlvte.org/facped/Repositorio/Certificados/Estudiantes/', NULL, NULL, NULL, 14, NULL, NULL, NULL, NULL, NULL, NULL, NULL, NULL, NULL, NULL, NULL),
(1017, 'ESTC-736.pdf', 'Meza Quinez Nelly Tania', 'http://congresoutlvte.org/facped/Repositorio/Certificados/Estudiantes/', NULL, NULL, NULL, 14, NULL, NULL, NULL, NULL, NULL, NULL, NULL, NULL, NULL, NULL, NULL),
(1018, 'ESTC-737.pdf', 'Mezones Mera Lady Didi', 'http://congresoutlvte.org/facped/Repositorio/Certificados/Estudiantes/', NULL, NULL, NULL, 14, NULL, NULL, NULL, NULL, NULL, NULL, NULL, NULL, NULL, NULL, NULL),
(1019, 'ESTC-738.pdf', 'Micolta Estupian Raquel Elizabeth', 'http://congresoutlvte.org/facped/Repositorio/Certificados/Estudiantes/', NULL, NULL, NULL, 14, NULL, NULL, NULL, NULL, NULL, NULL, NULL, NULL, NULL, NULL, NULL),
(1020, 'ESTC-739.pdf', 'Mideros Cabeza Jaritza Thais', 'http://congresoutlvte.org/facped/Repositorio/Certificados/Estudiantes/', NULL, NULL, NULL, 14, NULL, NULL, NULL, NULL, NULL, NULL, NULL, NULL, NULL, NULL, NULL),
(1021, 'ESTC-73.pdf', 'CARLOS QUIONEZ ARROYO', 'http://congresoutlvte.org/facped/Repositorio/Certificados/Estudiantes/', NULL, NULL, NULL, 14, NULL, NULL, NULL, NULL, NULL, NULL, NULL, NULL, NULL, NULL, NULL),
(1022, 'ESTC-740.pdf', 'Mina Angulo Esther Rocio', 'http://congresoutlvte.org/facped/Repositorio/Certificados/Estudiantes/', NULL, NULL, NULL, 14, NULL, NULL, NULL, NULL, NULL, NULL, NULL, NULL, NULL, NULL, NULL),
(1023, 'ESTC-741.pdf', 'Mina Banguera Maira Elizabeth', 'http://congresoutlvte.org/facped/Repositorio/Certificados/Estudiantes/', NULL, NULL, NULL, 14, NULL, NULL, NULL, NULL, NULL, NULL, NULL, NULL, NULL, NULL, NULL),
(1024, 'ESTC-742.pdf', 'Mina Barre Jose Ignacio', 'http://congresoutlvte.org/facped/Repositorio/Certificados/Estudiantes/', NULL, NULL, NULL, 14, NULL, NULL, NULL, NULL, NULL, NULL, NULL, NULL, NULL, NULL, NULL),
(1025, 'ESTC-743.pdf', 'Mina Caicedo Ruth Noemi', 'http://congresoutlvte.org/facped/Repositorio/Certificados/Estudiantes/', NULL, NULL, NULL, 14, NULL, NULL, NULL, NULL, NULL, NULL, NULL, NULL, NULL, NULL, NULL),
(1026, 'ESTC-744.pdf', 'Mina Cherre Ginger Nicole', 'http://congresoutlvte.org/facped/Repositorio/Certificados/Estudiantes/', NULL, NULL, NULL, 14, NULL, NULL, NULL, NULL, NULL, NULL, NULL, NULL, NULL, NULL, NULL),
(1027, 'ESTC-745.pdf', 'Mina Cortez Kevin Liviston', 'http://congresoutlvte.org/facped/Repositorio/Certificados/Estudiantes/', NULL, NULL, NULL, 14, NULL, NULL, NULL, NULL, NULL, NULL, NULL, NULL, NULL, NULL, NULL),
(1028, 'ESTC-746.pdf', 'Mina Luna Yadira Betty', 'http://congresoutlvte.org/facped/Repositorio/Certificados/Estudiantes/', NULL, NULL, NULL, 14, NULL, NULL, NULL, NULL, NULL, NULL, NULL, NULL, NULL, NULL, NULL),
(1029, 'ESTC-747.pdf', 'Mina Medina Gardenia Balvina', 'http://congresoutlvte.org/facped/Repositorio/Certificados/Estudiantes/', NULL, NULL, NULL, 14, NULL, NULL, NULL, NULL, NULL, NULL, NULL, NULL, NULL, NULL, NULL),
(1030, 'ESTC-748.pdf', 'Mina Mina Loida Roxana', 'http://congresoutlvte.org/facped/Repositorio/Certificados/Estudiantes/', NULL, NULL, NULL, 14, NULL, NULL, NULL, NULL, NULL, NULL, NULL, NULL, NULL, NULL, NULL),
(1031, 'ESTC-749.pdf', 'Mina Mina Marcela Cristina', 'http://congresoutlvte.org/facped/Repositorio/Certificados/Estudiantes/', NULL, NULL, NULL, 14, NULL, NULL, NULL, NULL, NULL, NULL, NULL, NULL, NULL, NULL, NULL),
(1032, 'ESTC-74.pdf', 'RENE MACIAS OCHOA', 'http://congresoutlvte.org/facped/Repositorio/Certificados/Estudiantes/', NULL, NULL, NULL, 14, NULL, NULL, NULL, NULL, NULL, NULL, NULL, NULL, NULL, NULL, NULL),
(1033, 'ESTC-750.pdf', 'Mina Monroy Evelin Daniela', 'http://congresoutlvte.org/facped/Repositorio/Certificados/Estudiantes/', NULL, NULL, NULL, 14, NULL, NULL, NULL, NULL, NULL, NULL, NULL, NULL, NULL, NULL, NULL),
(1034, 'ESTC-751.pdf', 'Mina Villacrs shynder cecilia', 'http://congresoutlvte.org/facped/Repositorio/Certificados/Estudiantes/', NULL, NULL, NULL, 14, NULL, NULL, NULL, NULL, NULL, NULL, NULL, NULL, NULL, NULL, NULL),
(1035, 'ESTC-752.pdf', 'Miranda Murillo Cindy Joely.', 'http://congresoutlvte.org/facped/Repositorio/Certificados/Estudiantes/', NULL, NULL, NULL, 14, NULL, NULL, NULL, NULL, NULL, NULL, NULL, NULL, NULL, NULL, NULL),
(1036, 'ESTC-753.pdf', 'Mite Estupian Anglica Mara', 'http://congresoutlvte.org/facped/Repositorio/Certificados/Estudiantes/', NULL, NULL, NULL, 14, NULL, NULL, NULL, NULL, NULL, NULL, NULL, NULL, NULL, NULL, NULL),
(1037, 'ESTC-754.pdf', 'Mite Estupian Johanna Jahaira', 'http://congresoutlvte.org/facped/Repositorio/Certificados/Estudiantes/', NULL, NULL, NULL, 14, NULL, NULL, NULL, NULL, NULL, NULL, NULL, NULL, NULL, NULL, NULL),
(1038, 'ESTC-755.pdf', 'Molina Simisterra Sindy Madeleine', 'http://congresoutlvte.org/facped/Repositorio/Certificados/Estudiantes/', NULL, NULL, NULL, 14, NULL, NULL, NULL, NULL, NULL, NULL, NULL, NULL, NULL, NULL, NULL),
(1039, 'ESTC-756.pdf', 'Moncada Cedeo Erika Marisol', 'http://congresoutlvte.org/facped/Repositorio/Certificados/Estudiantes/', NULL, NULL, NULL, 14, NULL, NULL, NULL, NULL, NULL, NULL, NULL, NULL, NULL, NULL, NULL),
(1040, 'ESTC-757.pdf', 'MONTALVO BOLAOS AURA', 'http://congresoutlvte.org/facped/Repositorio/Certificados/Estudiantes/', NULL, NULL, NULL, 14, NULL, NULL, NULL, NULL, NULL, NULL, NULL, NULL, NULL, NULL, NULL),
(1041, 'ESTC-758.pdf', 'Montao cabezas Daisy Paola', 'http://congresoutlvte.org/facped/Repositorio/Certificados/Estudiantes/', NULL, NULL, NULL, 14, NULL, NULL, NULL, NULL, NULL, NULL, NULL, NULL, NULL, NULL, NULL),
(1042, 'ESTC-759.pdf', 'Montao Freire Nicole Marina', 'http://congresoutlvte.org/facped/Repositorio/Certificados/Estudiantes/', NULL, NULL, NULL, 14, NULL, NULL, NULL, NULL, NULL, NULL, NULL, NULL, NULL, NULL, NULL),
(1043, 'ESTC-75.pdf', 'STEFANIA GAMEZ CABEZA', 'http://congresoutlvte.org/facped/Repositorio/Certificados/Estudiantes/', NULL, NULL, NULL, 14, NULL, NULL, NULL, NULL, NULL, NULL, NULL, NULL, NULL, NULL, NULL),
(1044, 'ESTC-760.pdf', 'Montao guerrero jessica', 'http://congresoutlvte.org/facped/Repositorio/Certificados/Estudiantes/', NULL, NULL, NULL, 14, NULL, NULL, NULL, NULL, NULL, NULL, NULL, NULL, NULL, NULL, NULL),
(1045, 'ESTC-761.pdf', 'Montao Mideros Lourdes', 'http://congresoutlvte.org/facped/Repositorio/Certificados/Estudiantes/', NULL, NULL, NULL, 14, NULL, NULL, NULL, NULL, NULL, NULL, NULL, NULL, NULL, NULL, NULL),
(1046, 'ESTC-762.pdf', 'Montao Pinillo Haydee Jisella', 'http://congresoutlvte.org/facped/Repositorio/Certificados/Estudiantes/', NULL, NULL, NULL, 14, NULL, NULL, NULL, NULL, NULL, NULL, NULL, NULL, NULL, NULL, NULL),
(1047, 'ESTC-763.pdf', 'Montao Quionez Doris Marcia', 'http://congresoutlvte.org/facped/Repositorio/Certificados/Estudiantes/', NULL, NULL, NULL, 14, NULL, NULL, NULL, NULL, NULL, NULL, NULL, NULL, NULL, NULL, NULL),
(1048, 'ESTC-764.pdf', 'Montao Simisterra Kathya Jasmin', 'http://congresoutlvte.org/facped/Repositorio/Certificados/Estudiantes/', NULL, NULL, NULL, 14, NULL, NULL, NULL, NULL, NULL, NULL, NULL, NULL, NULL, NULL, NULL),
(1049, 'ESTC-765.pdf', 'Mora Jaramillo Andrea Lissette', 'http://congresoutlvte.org/facped/Repositorio/Certificados/Estudiantes/', NULL, NULL, NULL, 14, NULL, NULL, NULL, NULL, NULL, NULL, NULL, NULL, NULL, NULL, NULL),
(1050, 'ESTC-766.pdf', 'Mora Silba Liliana', 'http://congresoutlvte.org/facped/Repositorio/Certificados/Estudiantes/', NULL, NULL, NULL, 14, NULL, NULL, NULL, NULL, NULL, NULL, NULL, NULL, NULL, NULL, NULL),
(1051, 'ESTC-767.pdf', 'MORALES BRUNO KAROL MICHELLE', 'http://congresoutlvte.org/facped/Repositorio/Certificados/Estudiantes/', NULL, NULL, NULL, 14, NULL, NULL, NULL, NULL, NULL, NULL, NULL, NULL, NULL, NULL, NULL),
(1052, 'ESTC-768.pdf', 'EVELYN GISSELLA MORALES OBANDO', 'http://congresoutlvte.org/facped/Repositorio/Certificados/Estudiantes/', NULL, NULL, NULL, 14, NULL, NULL, NULL, NULL, NULL, NULL, NULL, NULL, NULL, NULL, NULL),
(1053, 'ESTC-769.pdf', 'Morales Quinez Teodora Ins', 'http://congresoutlvte.org/facped/Repositorio/Certificados/Estudiantes/', NULL, NULL, NULL, 14, NULL, NULL, NULL, NULL, NULL, NULL, NULL, NULL, NULL, NULL, NULL),
(1054, 'ESTC-76.pdf', 'ANABEL KATHERINE JAMA MARQUEZ', 'http://congresoutlvte.org/facped/Repositorio/Certificados/Estudiantes/', NULL, NULL, NULL, 14, NULL, NULL, NULL, NULL, NULL, NULL, NULL, NULL, NULL, NULL, NULL),
(1055, 'ESTC-770.pdf', 'MORALES REINA YUSLEIVY CAROLINA', 'http://congresoutlvte.org/facped/Repositorio/Certificados/Estudiantes/', NULL, NULL, NULL, 14, NULL, NULL, NULL, NULL, NULL, NULL, NULL, NULL, NULL, NULL, NULL),
(1056, 'ESTC-771.pdf', 'Morn Chichande Bianca Katherine', 'http://congresoutlvte.org/facped/Repositorio/Certificados/Estudiantes/', NULL, NULL, NULL, 14, NULL, NULL, NULL, NULL, NULL, NULL, NULL, NULL, NULL, NULL, NULL),
(1057, 'ESTC-772.pdf', 'Moreira Angulo Denys Michell', 'http://congresoutlvte.org/facped/Repositorio/Certificados/Estudiantes/', NULL, NULL, NULL, 14, NULL, NULL, NULL, NULL, NULL, NULL, NULL, NULL, NULL, NULL, NULL),
(1058, 'ESTC-773.pdf', 'Moreira Garca Karelis Anas', 'http://congresoutlvte.org/facped/Repositorio/Certificados/Estudiantes/', NULL, NULL, NULL, 14, NULL, NULL, NULL, NULL, NULL, NULL, NULL, NULL, NULL, NULL, NULL),
(1059, 'ESTC-774.pdf', 'Moreira Illapa Angie Adriana', 'http://congresoutlvte.org/facped/Repositorio/Certificados/Estudiantes/', NULL, NULL, NULL, 14, NULL, NULL, NULL, NULL, NULL, NULL, NULL, NULL, NULL, NULL, NULL),
(1060, 'ESTC-775.pdf', 'Moreira Jaramillo Maisa Nicole', 'http://congresoutlvte.org/facped/Repositorio/Certificados/Estudiantes/', NULL, NULL, NULL, 14, NULL, NULL, NULL, NULL, NULL, NULL, NULL, NULL, NULL, NULL, NULL),
(1061, 'ESTC-776.pdf', 'Moreira Rosalez Wendy Tatiana', 'http://congresoutlvte.org/facped/Repositorio/Certificados/Estudiantes/', NULL, NULL, NULL, 14, NULL, NULL, NULL, NULL, NULL, NULL, NULL, NULL, NULL, NULL, NULL),
(1062, 'ESTC-777.pdf', 'Morejn Gallegos Lisbeth Danyeli', 'http://congresoutlvte.org/facped/Repositorio/Certificados/Estudiantes/', NULL, NULL, NULL, 14, NULL, NULL, NULL, NULL, NULL, NULL, NULL, NULL, NULL, NULL, NULL),
(1063, 'ESTC-778.pdf', 'Moreno Barrionuevo Geraldine Pierina', 'http://congresoutlvte.org/facped/Repositorio/Certificados/Estudiantes/', NULL, NULL, NULL, 14, NULL, NULL, NULL, NULL, NULL, NULL, NULL, NULL, NULL, NULL, NULL),
(1064, 'ESTC-779.pdf', 'Moreno Valencia Vivian Dayana', 'http://congresoutlvte.org/facped/Repositorio/Certificados/Estudiantes/', NULL, NULL, NULL, 14, NULL, NULL, NULL, NULL, NULL, NULL, NULL, NULL, NULL, NULL, NULL),
(1065, 'ESTC-77.pdf', 'MICHELLE GISSELLA BRAVO CHASING', 'http://congresoutlvte.org/facped/Repositorio/Certificados/Estudiantes/', NULL, NULL, NULL, 14, NULL, NULL, NULL, NULL, NULL, NULL, NULL, NULL, NULL, NULL, NULL),
(1066, 'ESTC-780.pdf', 'Moreno Valencia Vivian Dayana', 'http://congresoutlvte.org/facped/Repositorio/Certificados/Estudiantes/', NULL, NULL, NULL, 14, NULL, NULL, NULL, NULL, NULL, NULL, NULL, NULL, NULL, NULL, NULL),
(1067, 'ESTC-781.pdf', 'Mosquera Lpez Melanie Yamel', 'http://congresoutlvte.org/facped/Repositorio/Certificados/Estudiantes/', NULL, NULL, NULL, 14, NULL, NULL, NULL, NULL, NULL, NULL, NULL, NULL, NULL, NULL, NULL),
(1068, 'ESTC-782.pdf', 'Mosquera Mesias Francesca Milagro', 'http://congresoutlvte.org/facped/Repositorio/Certificados/Estudiantes/', NULL, NULL, NULL, 14, NULL, NULL, NULL, NULL, NULL, NULL, NULL, NULL, NULL, NULL, NULL),
(1069, 'ESTC-783.pdf', 'MOSQUERA MURILLO JHELENNY JULIETH', 'http://congresoutlvte.org/facped/Repositorio/Certificados/Estudiantes/', NULL, NULL, NULL, 14, NULL, NULL, NULL, NULL, NULL, NULL, NULL, NULL, NULL, NULL, NULL),
(1070, 'ESTC-784.pdf', 'Mosquera Murillo Josseline Mayerly', 'http://congresoutlvte.org/facped/Repositorio/Certificados/Estudiantes/', NULL, NULL, NULL, 14, NULL, NULL, NULL, NULL, NULL, NULL, NULL, NULL, NULL, NULL, NULL),
(1071, 'ESTC-785.pdf', 'Mosquera Surez Leda Teresa', 'http://congresoutlvte.org/facped/Repositorio/Certificados/Estudiantes/', NULL, NULL, NULL, 14, NULL, NULL, NULL, NULL, NULL, NULL, NULL, NULL, NULL, NULL, NULL),
(1072, 'ESTC-786.pdf', 'Muentes Manzaba Brittany Naomi', 'http://congresoutlvte.org/facped/Repositorio/Certificados/Estudiantes/', NULL, NULL, NULL, 14, NULL, NULL, NULL, NULL, NULL, NULL, NULL, NULL, NULL, NULL, NULL),
(1073, 'ESTC-787.pdf', 'Muentes Vivero Mara Jos', 'http://congresoutlvte.org/facped/Repositorio/Certificados/Estudiantes/', NULL, NULL, NULL, 14, NULL, NULL, NULL, NULL, NULL, NULL, NULL, NULL, NULL, NULL, NULL),
(1074, 'ESTC-788.pdf', 'Muoz Buste Cindy ivette', 'http://congresoutlvte.org/facped/Repositorio/Certificados/Estudiantes/', NULL, NULL, NULL, 14, NULL, NULL, NULL, NULL, NULL, NULL, NULL, NULL, NULL, NULL, NULL),
(1075, 'ESTC-789.pdf', 'Muoz Valdiviezo Maria Fernanda', 'http://congresoutlvte.org/facped/Repositorio/Certificados/Estudiantes/', NULL, NULL, NULL, 14, NULL, NULL, NULL, NULL, NULL, NULL, NULL, NULL, NULL, NULL, NULL),
(1076, 'ESTC-78.pdf', 'LILIAN ANDREA ESTUPIAN MARTIN', 'http://congresoutlvte.org/facped/Repositorio/Certificados/Estudiantes/', NULL, NULL, NULL, 14, NULL, NULL, NULL, NULL, NULL, NULL, NULL, NULL, NULL, NULL, NULL),
(1077, 'ESTC-790.pdf', 'Nadia hibeth chila cheme', 'http://congresoutlvte.org/facped/Repositorio/Certificados/Estudiantes/', NULL, NULL, NULL, 14, NULL, NULL, NULL, NULL, NULL, NULL, NULL, NULL, NULL, NULL, NULL),
(1078, 'ESTC-791.pdf', 'Napa Ortiz Thais Irene', 'http://congresoutlvte.org/facped/Repositorio/Certificados/Estudiantes/', NULL, NULL, NULL, 14, NULL, NULL, NULL, NULL, NULL, NULL, NULL, NULL, NULL, NULL, NULL),
(1079, 'ESTC-792.pdf', 'Navarro Lpez Jeimy', 'http://congresoutlvte.org/facped/Repositorio/Certificados/Estudiantes/', NULL, NULL, NULL, 14, NULL, NULL, NULL, NULL, NULL, NULL, NULL, NULL, NULL, NULL, NULL),
(1080, 'ESTC-793.pdf', 'Nazareno Ayovi Jessenia Katherine', 'http://congresoutlvte.org/facped/Repositorio/Certificados/Estudiantes/', NULL, NULL, NULL, 14, NULL, NULL, NULL, NULL, NULL, NULL, NULL, NULL, NULL, NULL, NULL),
(1081, 'ESTC-794.pdf', 'Nazareno Caicedo Jenniffer Eudocia', 'http://congresoutlvte.org/facped/Repositorio/Certificados/Estudiantes/', NULL, NULL, NULL, 14, NULL, NULL, NULL, NULL, NULL, NULL, NULL, NULL, NULL, NULL, NULL),
(1082, 'ESTC-795.pdf', 'Nazareno caiceo Yajaira lisseth', 'http://congresoutlvte.org/facped/Repositorio/Certificados/Estudiantes/', NULL, NULL, NULL, 14, NULL, NULL, NULL, NULL, NULL, NULL, NULL, NULL, NULL, NULL, NULL),
(1083, 'ESTC-796.pdf', 'Nazareno Cedeo Aura Isabel', 'http://congresoutlvte.org/facped/Repositorio/Certificados/Estudiantes/', NULL, NULL, NULL, 14, NULL, NULL, NULL, NULL, NULL, NULL, NULL, NULL, NULL, NULL, NULL),
(1084, 'ESTC-797.pdf', 'Nazareno Djome Jeniffer Raquel', 'http://congresoutlvte.org/facped/Repositorio/Certificados/Estudiantes/', NULL, NULL, NULL, 14, NULL, NULL, NULL, NULL, NULL, NULL, NULL, NULL, NULL, NULL, NULL),
(1085, 'ESTC-798.pdf', 'NAZARENO JACOME SARAI BETSABETH', 'http://congresoutlvte.org/facped/Repositorio/Certificados/Estudiantes/', NULL, NULL, NULL, 14, NULL, NULL, NULL, NULL, NULL, NULL, NULL, NULL, NULL, NULL, NULL),
(1086, 'ESTC-799.pdf', 'Nazareno Moreno Roxon Fabricio', 'http://congresoutlvte.org/facped/Repositorio/Certificados/Estudiantes/', NULL, NULL, NULL, 14, NULL, NULL, NULL, NULL, NULL, NULL, NULL, NULL, NULL, NULL, NULL),
(1087, 'ESTC-79.pdf', 'BETSY ELIZABETH GONZALEZ ORTIZ', 'http://congresoutlvte.org/facped/Repositorio/Certificados/Estudiantes/', NULL, NULL, NULL, 14, NULL, NULL, NULL, NULL, NULL, NULL, NULL, NULL, NULL, NULL, NULL),
(1088, 'ESTC-7.pdf', 'DANNYS PADILLA QUIONEZ', 'http://congresoutlvte.org/facped/Repositorio/Certificados/Estudiantes/', NULL, NULL, NULL, 14, NULL, NULL, NULL, NULL, NULL, NULL, NULL, NULL, NULL, NULL, NULL),
(1089, 'ESTC-800.pdf', 'NAZARENO PERLAZA PAMELA CECILIA', 'http://congresoutlvte.org/facped/Repositorio/Certificados/Estudiantes/', NULL, NULL, NULL, 14, NULL, NULL, NULL, NULL, NULL, NULL, NULL, NULL, NULL, NULL, NULL),
(1090, 'ESTC-801.pdf', 'Nazareno Zambrano Alejandra MIcaela', 'http://congresoutlvte.org/facped/Repositorio/Certificados/Estudiantes/', NULL, NULL, NULL, 14, NULL, NULL, NULL, NULL, NULL, NULL, NULL, NULL, NULL, NULL, NULL),
(1091, 'ESTC-802.pdf', 'Neivi Dayana Cortez Valdez', 'http://congresoutlvte.org/facped/Repositorio/Certificados/Estudiantes/', NULL, NULL, NULL, 14, NULL, NULL, NULL, NULL, NULL, NULL, NULL, NULL, NULL, NULL, NULL),
(1092, 'ESTC-803.pdf', 'Nevarez Cheme Gissella Marina', 'http://congresoutlvte.org/facped/Repositorio/Certificados/Estudiantes/', NULL, NULL, NULL, 14, NULL, NULL, NULL, NULL, NULL, NULL, NULL, NULL, NULL, NULL, NULL),
(1093, 'ESTC-804.pdf', 'Nevarez Zambrano Luis Fabian', 'http://congresoutlvte.org/facped/Repositorio/Certificados/Estudiantes/', NULL, NULL, NULL, 14, NULL, NULL, NULL, NULL, NULL, NULL, NULL, NULL, NULL, NULL, NULL),
(1094, 'ESTC-805.pdf', 'Nieves Boya Ladie Christina', 'http://congresoutlvte.org/facped/Repositorio/Certificados/Estudiantes/', NULL, NULL, NULL, 14, NULL, NULL, NULL, NULL, NULL, NULL, NULL, NULL, NULL, NULL, NULL),
(1095, 'ESTC-806.pdf', 'Nieves Nieves Daniela Lisbeth', 'http://congresoutlvte.org/facped/Repositorio/Certificados/Estudiantes/', NULL, NULL, NULL, 14, NULL, NULL, NULL, NULL, NULL, NULL, NULL, NULL, NULL, NULL, NULL),
(1096, 'ESTC-807.pdf', 'Obando Garca Geannella Desiree', 'http://congresoutlvte.org/facped/Repositorio/Certificados/Estudiantes/', NULL, NULL, NULL, 14, NULL, NULL, NULL, NULL, NULL, NULL, NULL, NULL, NULL, NULL, NULL),
(1097, 'ESTC-808.pdf', 'Obando Garcia Katherine Victoria', 'http://congresoutlvte.org/facped/Repositorio/Certificados/Estudiantes/', NULL, NULL, NULL, 14, NULL, NULL, NULL, NULL, NULL, NULL, NULL, NULL, NULL, NULL, NULL),
(1098, 'ESTC-809.pdf', 'Obando Rodrguez Carmen Alexandra', 'http://congresoutlvte.org/facped/Repositorio/Certificados/Estudiantes/', NULL, NULL, NULL, 14, NULL, NULL, NULL, NULL, NULL, NULL, NULL, NULL, NULL, NULL, NULL),
(1099, 'ESTC-80.pdf', 'NALLELY LUCA VALENCIA HURTADO', 'http://congresoutlvte.org/facped/Repositorio/Certificados/Estudiantes/', NULL, NULL, NULL, 14, NULL, NULL, NULL, NULL, NULL, NULL, NULL, NULL, NULL, NULL, NULL),
(1100, 'ESTC-810.pdf', 'Obando Valencia Nayelhy Isamar', 'http://congresoutlvte.org/facped/Repositorio/Certificados/Estudiantes/', NULL, NULL, NULL, 14, NULL, NULL, NULL, NULL, NULL, NULL, NULL, NULL, NULL, NULL, NULL),
(1101, 'ESTC-811.pdf', 'Obregn Rodrguez Vanessa Stefania', 'http://congresoutlvte.org/facped/Repositorio/Certificados/Estudiantes/', NULL, NULL, NULL, 14, NULL, NULL, NULL, NULL, NULL, NULL, NULL, NULL, NULL, NULL, NULL),
(1102, 'ESTC-812.pdf', 'Ocampo Arroyo Irley Mayrovi', 'http://congresoutlvte.org/facped/Repositorio/Certificados/Estudiantes/', NULL, NULL, NULL, 14, NULL, NULL, NULL, NULL, NULL, NULL, NULL, NULL, NULL, NULL, NULL),
(1103, 'ESTC-813.pdf', 'Ochoa Espinoza Mirka Dileidy', 'http://congresoutlvte.org/facped/Repositorio/Certificados/Estudiantes/', NULL, NULL, NULL, 14, NULL, NULL, NULL, NULL, NULL, NULL, NULL, NULL, NULL, NULL, NULL),
(1104, 'ESTC-814.pdf', 'Olave Altafuya Arianna Ninoska', 'http://congresoutlvte.org/facped/Repositorio/Certificados/Estudiantes/', NULL, NULL, NULL, 14, NULL, NULL, NULL, NULL, NULL, NULL, NULL, NULL, NULL, NULL, NULL),
(1105, 'ESTC-815.pdf', 'Olave Altafuya Melanie Yaritza', 'http://congresoutlvte.org/facped/Repositorio/Certificados/Estudiantes/', NULL, NULL, NULL, 14, NULL, NULL, NULL, NULL, NULL, NULL, NULL, NULL, NULL, NULL, NULL),
(1106, 'ESTC-816.pdf', 'oliverio cortez yajaira lissette', 'http://congresoutlvte.org/facped/Repositorio/Certificados/Estudiantes/', NULL, NULL, NULL, 14, NULL, NULL, NULL, NULL, NULL, NULL, NULL, NULL, NULL, NULL, NULL),
(1107, 'ESTC-817.pdf', 'OLIVERO ESPINOZA SANDRA CECILIA', 'http://congresoutlvte.org/facped/Repositorio/Certificados/Estudiantes/', NULL, NULL, NULL, 14, NULL, NULL, NULL, NULL, NULL, NULL, NULL, NULL, NULL, NULL, NULL),
(1108, 'ESTC-818.pdf', 'OLIVEROS REALPE MAIRA ALEJANDRA', 'http://congresoutlvte.org/facped/Repositorio/Certificados/Estudiantes/', NULL, NULL, NULL, 14, NULL, NULL, NULL, NULL, NULL, NULL, NULL, NULL, NULL, NULL, NULL),
(1109, 'ESTC-819.pdf', 'Olivo Angulo Luis Kevin', 'http://congresoutlvte.org/facped/Repositorio/Certificados/Estudiantes/', NULL, NULL, NULL, 14, NULL, NULL, NULL, NULL, NULL, NULL, NULL, NULL, NULL, NULL, NULL),
(1110, 'ESTC-81.pdf', 'FERNANDA BIOJO CENTENO', 'http://congresoutlvte.org/facped/Repositorio/Certificados/Estudiantes/', NULL, NULL, NULL, 14, NULL, NULL, NULL, NULL, NULL, NULL, NULL, NULL, NULL, NULL, NULL),
(1111, 'ESTC-820.pdf', 'Olmedo Chilla Mariana Esperanza', 'http://congresoutlvte.org/facped/Repositorio/Certificados/Estudiantes/', NULL, NULL, NULL, 14, NULL, NULL, NULL, NULL, NULL, NULL, NULL, NULL, NULL, NULL, NULL),
(1112, 'ESTC-821.pdf', 'Oa Montao Daniela katherine', 'http://congresoutlvte.org/facped/Repositorio/Certificados/Estudiantes/', NULL, NULL, NULL, 14, NULL, NULL, NULL, NULL, NULL, NULL, NULL, NULL, NULL, NULL, NULL),
(1113, 'ESTC-822.pdf', 'Ordez Clavijo Jos Gregorio', 'http://congresoutlvte.org/facped/Repositorio/Certificados/Estudiantes/', NULL, NULL, NULL, 14, NULL, NULL, NULL, NULL, NULL, NULL, NULL, NULL, NULL, NULL, NULL),
(1114, 'ESTC-823.pdf', 'Ordoez Quiones Tania Joselyn', 'http://congresoutlvte.org/facped/Repositorio/Certificados/Estudiantes/', NULL, NULL, NULL, 14, NULL, NULL, NULL, NULL, NULL, NULL, NULL, NULL, NULL, NULL, NULL),
(1115, 'ESTC-824.pdf', 'Ordoez Ramirez Alisson Melissa', 'http://congresoutlvte.org/facped/Repositorio/Certificados/Estudiantes/', NULL, NULL, NULL, 14, NULL, NULL, NULL, NULL, NULL, NULL, NULL, NULL, NULL, NULL, NULL),
(1116, 'ESTC-825.pdf', 'Ordoez Villa Maoly Mariela', 'http://congresoutlvte.org/facped/Repositorio/Certificados/Estudiantes/', NULL, NULL, NULL, 14, NULL, NULL, NULL, NULL, NULL, NULL, NULL, NULL, NULL, NULL, NULL),
(1117, 'ESTC-826.pdf', 'Orejuela Canga Flor Mercedes', 'http://congresoutlvte.org/facped/Repositorio/Certificados/Estudiantes/', NULL, NULL, NULL, 14, NULL, NULL, NULL, NULL, NULL, NULL, NULL, NULL, NULL, NULL, NULL),
(1118, 'ESTC-827.pdf', 'Orejuela Pachay Marilin Jamille', 'http://congresoutlvte.org/facped/Repositorio/Certificados/Estudiantes/', NULL, NULL, NULL, 14, NULL, NULL, NULL, NULL, NULL, NULL, NULL, NULL, NULL, NULL, NULL),
(1119, 'ESTC-828.pdf', 'Orellana Loor Karla Elizabeth', 'http://congresoutlvte.org/facped/Repositorio/Certificados/Estudiantes/', NULL, NULL, NULL, 14, NULL, NULL, NULL, NULL, NULL, NULL, NULL, NULL, NULL, NULL, NULL),
(1120, 'ESTC-829.pdf', 'Orellana Peralta Helton Renato', 'http://congresoutlvte.org/facped/Repositorio/Certificados/Estudiantes/', NULL, NULL, NULL, 14, NULL, NULL, NULL, NULL, NULL, NULL, NULL, NULL, NULL, NULL, NULL),
(1121, 'ESTC-82.pdf', 'ANA RAQUEL REASCO ORTIZ', 'http://congresoutlvte.org/facped/Repositorio/Certificados/Estudiantes/', NULL, NULL, NULL, 14, NULL, NULL, NULL, NULL, NULL, NULL, NULL, NULL, NULL, NULL, NULL),
(1122, 'ESTC-830.pdf', 'Orellana Vite Alex Isaas', 'http://congresoutlvte.org/facped/Repositorio/Certificados/Estudiantes/', NULL, NULL, NULL, 14, NULL, NULL, NULL, NULL, NULL, NULL, NULL, NULL, NULL, NULL, NULL),
(1123, 'ESTC-831.pdf', 'Ortega Castillo Tatiana Cecibel', 'http://congresoutlvte.org/facped/Repositorio/Certificados/Estudiantes/', NULL, NULL, NULL, 14, NULL, NULL, NULL, NULL, NULL, NULL, NULL, NULL, NULL, NULL, NULL),
(1124, 'ESTC-832.pdf', 'Ortega Lastre Tatiana Ligia', 'http://congresoutlvte.org/facped/Repositorio/Certificados/Estudiantes/', NULL, NULL, NULL, 14, NULL, NULL, NULL, NULL, NULL, NULL, NULL, NULL, NULL, NULL, NULL),
(1125, 'ESTC-833.pdf', 'Ortiz Bedoya Alisson suleika', 'http://congresoutlvte.org/facped/Repositorio/Certificados/Estudiantes/', NULL, NULL, NULL, 14, NULL, NULL, NULL, NULL, NULL, NULL, NULL, NULL, NULL, NULL, NULL),
(1126, 'ESTC-834.pdf', 'Ortiz chere jhon jairo', 'http://congresoutlvte.org/facped/Repositorio/Certificados/Estudiantes/', NULL, NULL, NULL, 14, NULL, NULL, NULL, NULL, NULL, NULL, NULL, NULL, NULL, NULL, NULL),
(1127, 'ESTC-835.pdf', 'ORTIZ CHUVA JHONY GERMN', 'http://congresoutlvte.org/facped/Repositorio/Certificados/Estudiantes/', NULL, NULL, NULL, 14, NULL, NULL, NULL, NULL, NULL, NULL, NULL, NULL, NULL, NULL, NULL),
(1128, 'ESTC-836.pdf', 'Ortiz guagua karla viviana', 'http://congresoutlvte.org/facped/Repositorio/Certificados/Estudiantes/', NULL, NULL, NULL, 14, NULL, NULL, NULL, NULL, NULL, NULL, NULL, NULL, NULL, NULL, NULL),
(1129, 'ESTC-837.pdf', 'ORTIZ QUINTERO YIRA MARIA', 'http://congresoutlvte.org/facped/Repositorio/Certificados/Estudiantes/', NULL, NULL, NULL, 14, NULL, NULL, NULL, NULL, NULL, NULL, NULL, NULL, NULL, NULL, NULL),
(1130, 'ESTC-838.pdf', 'Ortiz Tenorio Alexander Javier', 'http://congresoutlvte.org/facped/Repositorio/Certificados/Estudiantes/', NULL, NULL, NULL, 14, NULL, NULL, NULL, NULL, NULL, NULL, NULL, NULL, NULL, NULL, NULL),
(1131, 'ESTC-839.pdf', 'Ortiz Villega Marlene Jacqueline', 'http://congresoutlvte.org/facped/Repositorio/Certificados/Estudiantes/', NULL, NULL, NULL, 14, NULL, NULL, NULL, NULL, NULL, NULL, NULL, NULL, NULL, NULL, NULL),
(1132, 'ESTC-83.pdf', 'ANDREA PAULINA GARCIA GONZALEZ', 'http://congresoutlvte.org/facped/Repositorio/Certificados/Estudiantes/', NULL, NULL, NULL, 14, NULL, NULL, NULL, NULL, NULL, NULL, NULL, NULL, NULL, NULL, NULL),
(1133, 'ESTC-840.pdf', 'ORTIZ ZULETA SHIRLEY NICOL', 'http://congresoutlvte.org/facped/Repositorio/Certificados/Estudiantes/', NULL, NULL, NULL, 14, NULL, NULL, NULL, NULL, NULL, NULL, NULL, NULL, NULL, NULL, NULL),
(1134, 'ESTC-841.pdf', 'Ospina Angulo Madeleine Dayana', 'http://congresoutlvte.org/facped/Repositorio/Certificados/Estudiantes/', NULL, NULL, NULL, 14, NULL, NULL, NULL, NULL, NULL, NULL, NULL, NULL, NULL, NULL, NULL),
(1135, 'ESTC-842.pdf', 'Oviedo Gamez Joselyn Bellanires', 'http://congresoutlvte.org/facped/Repositorio/Certificados/Estudiantes/', NULL, NULL, NULL, 14, NULL, NULL, NULL, NULL, NULL, NULL, NULL, NULL, NULL, NULL, NULL),
(1136, 'ESTC-843.pdf', 'Oviedo Gamez Joselyn Bellanires', 'http://congresoutlvte.org/facped/Repositorio/Certificados/Estudiantes/', NULL, NULL, NULL, 14, NULL, NULL, NULL, NULL, NULL, NULL, NULL, NULL, NULL, NULL, NULL),
(1137, 'ESTC-844.pdf', 'Pacheco Drouet Mery Cristel', 'http://congresoutlvte.org/facped/Repositorio/Certificados/Estudiantes/', NULL, NULL, NULL, 14, NULL, NULL, NULL, NULL, NULL, NULL, NULL, NULL, NULL, NULL, NULL),
(1138, 'ESTC-845.pdf', 'PACHECO LENIS ONGRID JULIETA', 'http://congresoutlvte.org/facped/Repositorio/Certificados/Estudiantes/', NULL, NULL, NULL, 14, NULL, NULL, NULL, NULL, NULL, NULL, NULL, NULL, NULL, NULL, NULL),
(1139, 'ESTC-846.pdf', 'Pachito Valencia Jemniffer Johanna', 'http://congresoutlvte.org/facped/Repositorio/Certificados/Estudiantes/', NULL, NULL, NULL, 14, NULL, NULL, NULL, NULL, NULL, NULL, NULL, NULL, NULL, NULL, NULL),
(1140, 'ESTC-847.pdf', 'Pachito Valencia Jennifer Johanna', 'http://congresoutlvte.org/facped/Repositorio/Certificados/Estudiantes/', NULL, NULL, NULL, 14, NULL, NULL, NULL, NULL, NULL, NULL, NULL, NULL, NULL, NULL, NULL),
(1141, 'ESTC-848.pdf', 'Pacho Ortiz Angie Tatiana', 'http://congresoutlvte.org/facped/Repositorio/Certificados/Estudiantes/', NULL, NULL, NULL, 14, NULL, NULL, NULL, NULL, NULL, NULL, NULL, NULL, NULL, NULL, NULL),
(1142, 'ESTC-849.pdf', 'Padilla Vera Mirian Julexy', 'http://congresoutlvte.org/facped/Repositorio/Certificados/Estudiantes/', NULL, NULL, NULL, 14, NULL, NULL, NULL, NULL, NULL, NULL, NULL, NULL, NULL, NULL, NULL);
INSERT INTO `certificado` (`idcertificado`, `archivo`, `propietario`, `ubicacion`, `evento`, `idevento`, `iddocumento`, `idtipodocu`, `posi_nomb_x`, `posi_nomb_y`, `ancho_x`, `alto_y`, `posi_fecha_x`, `posi_fecha_y`, `posi_codigo_x`, `posi_codigo_y`, `correohead`, `correofoot`, `correosubject`) VALUES
(1143, 'ESTC-84.pdf', 'KARELYS ANDREINA BETANCOURT', 'http://congresoutlvte.org/facped/Repositorio/Certificados/Estudiantes/', NULL, NULL, NULL, 14, NULL, NULL, NULL, NULL, NULL, NULL, NULL, NULL, NULL, NULL, NULL),
(1144, 'ESTC-850.pdf', 'Palacios Falcones Rosa Karina', 'http://congresoutlvte.org/facped/Repositorio/Certificados/Estudiantes/', NULL, NULL, NULL, 14, NULL, NULL, NULL, NULL, NULL, NULL, NULL, NULL, NULL, NULL, NULL),
(1145, 'ESTC-851.pdf', 'Palacios Garca Victoria Lilibeth', 'http://congresoutlvte.org/facped/Repositorio/Certificados/Estudiantes/', NULL, NULL, NULL, 14, NULL, NULL, NULL, NULL, NULL, NULL, NULL, NULL, NULL, NULL, NULL),
(1146, 'ESTC-852.pdf', 'Palma canchingre Jessica Johanna', 'http://congresoutlvte.org/facped/Repositorio/Certificados/Estudiantes/', NULL, NULL, NULL, 14, NULL, NULL, NULL, NULL, NULL, NULL, NULL, NULL, NULL, NULL, NULL),
(1147, 'ESTC-853.pdf', 'Palma canchingre Jessica JOHANNA', 'http://congresoutlvte.org/facped/Repositorio/Certificados/Estudiantes/', NULL, NULL, NULL, 14, NULL, NULL, NULL, NULL, NULL, NULL, NULL, NULL, NULL, NULL, NULL),
(1148, 'ESTC-854.pdf', 'Palomino Angulo Ginger Dayana', 'http://congresoutlvte.org/facped/Repositorio/Certificados/Estudiantes/', NULL, NULL, NULL, 14, NULL, NULL, NULL, NULL, NULL, NULL, NULL, NULL, NULL, NULL, NULL),
(1149, 'ESTC-855.pdf', 'Panchano Castillo Mirta Paola', 'http://congresoutlvte.org/facped/Repositorio/Certificados/Estudiantes/', NULL, NULL, NULL, 14, NULL, NULL, NULL, NULL, NULL, NULL, NULL, NULL, NULL, NULL, NULL),
(1150, 'ESTC-856.pdf', 'Panezo Cortez Viviana Narcisa', 'http://congresoutlvte.org/facped/Repositorio/Certificados/Estudiantes/', NULL, NULL, NULL, 14, NULL, NULL, NULL, NULL, NULL, NULL, NULL, NULL, NULL, NULL, NULL),
(1151, 'ESTC-857.pdf', 'Paredes Mndez Mariuxi Yanara', 'http://congresoutlvte.org/facped/Repositorio/Certificados/Estudiantes/', NULL, NULL, NULL, 14, NULL, NULL, NULL, NULL, NULL, NULL, NULL, NULL, NULL, NULL, NULL),
(1152, 'ESTC-858.pdf', 'Pata Colobon Nicol Madeleis', 'http://congresoutlvte.org/facped/Repositorio/Certificados/Estudiantes/', NULL, NULL, NULL, 14, NULL, NULL, NULL, NULL, NULL, NULL, NULL, NULL, NULL, NULL, NULL),
(1153, 'ESTC-859.pdf', 'Patio Alava Joselin Gabriela', 'http://congresoutlvte.org/facped/Repositorio/Certificados/Estudiantes/', NULL, NULL, NULL, 14, NULL, NULL, NULL, NULL, NULL, NULL, NULL, NULL, NULL, NULL, NULL),
(1154, 'ESTC-85.pdf', 'JENIFFER CRUEL VALAREZO', 'http://congresoutlvte.org/facped/Repositorio/Certificados/Estudiantes/', NULL, NULL, NULL, 14, NULL, NULL, NULL, NULL, NULL, NULL, NULL, NULL, NULL, NULL, NULL),
(1155, 'ESTC-860.pdf', 'Payn Obando Tania Elizabeth', 'http://congresoutlvte.org/facped/Repositorio/Certificados/Estudiantes/', NULL, NULL, NULL, 14, NULL, NULL, NULL, NULL, NULL, NULL, NULL, NULL, NULL, NULL, NULL),
(1156, 'ESTC-861.pdf', 'PAZ CEDEO JOSSELIN GABRIELA', 'http://congresoutlvte.org/facped/Repositorio/Certificados/Estudiantes/', NULL, NULL, NULL, 14, NULL, NULL, NULL, NULL, NULL, NULL, NULL, NULL, NULL, NULL, NULL),
(1157, 'ESTC-862.pdf', 'Pazmio Cabezas Oreana Norelia', 'http://congresoutlvte.org/facped/Repositorio/Certificados/Estudiantes/', NULL, NULL, NULL, 14, NULL, NULL, NULL, NULL, NULL, NULL, NULL, NULL, NULL, NULL, NULL),
(1158, 'ESTC-863.pdf', 'Pazmio Mora Jimmy Andrs', 'http://congresoutlvte.org/facped/Repositorio/Certificados/Estudiantes/', NULL, NULL, NULL, 14, NULL, NULL, NULL, NULL, NULL, NULL, NULL, NULL, NULL, NULL, NULL),
(1159, 'ESTC-864.pdf', 'Peralta Aparicio Josselyn Lilibeth', 'http://congresoutlvte.org/facped/Repositorio/Certificados/Estudiantes/', NULL, NULL, NULL, 14, NULL, NULL, NULL, NULL, NULL, NULL, NULL, NULL, NULL, NULL, NULL),
(1160, 'ESTC-865.pdf', 'PERALTa CASIERRA DIELKA ELIANA', 'http://congresoutlvte.org/facped/Repositorio/Certificados/Estudiantes/', NULL, NULL, NULL, 14, NULL, NULL, NULL, NULL, NULL, NULL, NULL, NULL, NULL, NULL, NULL),
(1161, 'ESTC-866.pdf', 'Peralta Chichande Aliana Gladys', 'http://congresoutlvte.org/facped/Repositorio/Certificados/Estudiantes/', NULL, NULL, NULL, 14, NULL, NULL, NULL, NULL, NULL, NULL, NULL, NULL, NULL, NULL, NULL),
(1162, 'ESTC-867.pdf', 'Peralta Gracia Jenniffer Annabella', 'http://congresoutlvte.org/facped/Repositorio/Certificados/Estudiantes/', NULL, NULL, NULL, 14, NULL, NULL, NULL, NULL, NULL, NULL, NULL, NULL, NULL, NULL, NULL),
(1163, 'ESTC-868.pdf', 'Peralta Jaramillo Lissette Yasmin', 'http://congresoutlvte.org/facped/Repositorio/Certificados/Estudiantes/', NULL, NULL, NULL, 14, NULL, NULL, NULL, NULL, NULL, NULL, NULL, NULL, NULL, NULL, NULL),
(1164, 'ESTC-869.pdf', 'Perdomo Cheme Emily Graciela', 'http://congresoutlvte.org/facped/Repositorio/Certificados/Estudiantes/', NULL, NULL, NULL, 14, NULL, NULL, NULL, NULL, NULL, NULL, NULL, NULL, NULL, NULL, NULL),
(1165, 'ESTC-86.pdf', 'KARLA LISSETTE LUGO ORDOEZ', 'http://congresoutlvte.org/facped/Repositorio/Certificados/Estudiantes/', NULL, NULL, NULL, 14, NULL, NULL, NULL, NULL, NULL, NULL, NULL, NULL, NULL, NULL, NULL),
(1166, 'ESTC-870.pdf', 'Perea Arana Rosangela', 'http://congresoutlvte.org/facped/Repositorio/Certificados/Estudiantes/', NULL, NULL, NULL, 14, NULL, NULL, NULL, NULL, NULL, NULL, NULL, NULL, NULL, NULL, NULL),
(1167, 'ESTC-871.pdf', 'Perea Gutierrez Romina Yeraldina', 'http://congresoutlvte.org/facped/Repositorio/Certificados/Estudiantes/', NULL, NULL, NULL, 14, NULL, NULL, NULL, NULL, NULL, NULL, NULL, NULL, NULL, NULL, NULL),
(1168, 'ESTC-872.pdf', 'PEREA MINA JANISE JAMILETH', 'http://congresoutlvte.org/facped/Repositorio/Certificados/Estudiantes/', NULL, NULL, NULL, 14, NULL, NULL, NULL, NULL, NULL, NULL, NULL, NULL, NULL, NULL, NULL),
(1169, 'ESTC-873.pdf', 'Perea Napa Ivana Noelia', 'http://congresoutlvte.org/facped/Repositorio/Certificados/Estudiantes/', NULL, NULL, NULL, 14, NULL, NULL, NULL, NULL, NULL, NULL, NULL, NULL, NULL, NULL, NULL),
(1170, 'ESTC-874.pdf', 'Perea Tarira Cinthya Marlene', 'http://congresoutlvte.org/facped/Repositorio/Certificados/Estudiantes/', NULL, NULL, NULL, 14, NULL, NULL, NULL, NULL, NULL, NULL, NULL, NULL, NULL, NULL, NULL),
(1171, 'ESTC-875.pdf', 'PREZ LUCAS JENNIFFER LIZBETH', 'http://congresoutlvte.org/facped/Repositorio/Certificados/Estudiantes/', NULL, NULL, NULL, 14, NULL, NULL, NULL, NULL, NULL, NULL, NULL, NULL, NULL, NULL, NULL),
(1172, 'ESTC-876.pdf', 'Perugachi Zambrano Jenniffer Tatiana', 'http://congresoutlvte.org/facped/Repositorio/Certificados/Estudiantes/', NULL, NULL, NULL, 14, NULL, NULL, NULL, NULL, NULL, NULL, NULL, NULL, NULL, NULL, NULL),
(1173, 'ESTC-877.pdf', 'Pianchiche Aapa Yahaira Lethycia', 'http://congresoutlvte.org/facped/Repositorio/Certificados/Estudiantes/', NULL, NULL, NULL, 14, NULL, NULL, NULL, NULL, NULL, NULL, NULL, NULL, NULL, NULL, NULL),
(1174, 'ESTC-878.pdf', 'pianchiche delacruz alba eulalia', 'http://congresoutlvte.org/facped/Repositorio/Certificados/Estudiantes/', NULL, NULL, NULL, 14, NULL, NULL, NULL, NULL, NULL, NULL, NULL, NULL, NULL, NULL, NULL),
(1175, 'ESTC-879.pdf', 'Piedra Ordoez Tatiana Valeria', 'http://congresoutlvte.org/facped/Repositorio/Certificados/Estudiantes/', NULL, NULL, NULL, 14, NULL, NULL, NULL, NULL, NULL, NULL, NULL, NULL, NULL, NULL, NULL),
(1176, 'ESTC-87.pdf', 'ERIKA ELIANA BARBOSA QUINTERO', 'http://congresoutlvte.org/facped/Repositorio/Certificados/Estudiantes/', NULL, NULL, NULL, 14, NULL, NULL, NULL, NULL, NULL, NULL, NULL, NULL, NULL, NULL, NULL),
(1177, 'ESTC-880.pdf', 'Pinargorte Arias Ingrid Isamar', 'http://congresoutlvte.org/facped/Repositorio/Certificados/Estudiantes/', NULL, NULL, NULL, 14, NULL, NULL, NULL, NULL, NULL, NULL, NULL, NULL, NULL, NULL, NULL),
(1178, 'ESTC-881.pdf', 'Pinargote Leones Yandri Eduardo', 'http://congresoutlvte.org/facped/Repositorio/Certificados/Estudiantes/', NULL, NULL, NULL, 14, NULL, NULL, NULL, NULL, NULL, NULL, NULL, NULL, NULL, NULL, NULL),
(1179, 'ESTC-882.pdf', 'Pinargote Leones Yandri Eduardo', 'http://congresoutlvte.org/facped/Repositorio/Certificados/Estudiantes/', NULL, NULL, NULL, 14, NULL, NULL, NULL, NULL, NULL, NULL, NULL, NULL, NULL, NULL, NULL),
(1180, 'ESTC-883.pdf', 'Pineda Balarezo Melanie Elizabeth', 'http://congresoutlvte.org/facped/Repositorio/Certificados/Estudiantes/', NULL, NULL, NULL, 14, NULL, NULL, NULL, NULL, NULL, NULL, NULL, NULL, NULL, NULL, NULL),
(1181, 'ESTC-884.pdf', 'Pita Caicedo Karla Patricia', 'http://congresoutlvte.org/facped/Repositorio/Certificados/Estudiantes/', NULL, NULL, NULL, 14, NULL, NULL, NULL, NULL, NULL, NULL, NULL, NULL, NULL, NULL, NULL),
(1182, 'ESTC-885.pdf', 'Piza Lpez Renata Gabriela', 'http://congresoutlvte.org/facped/Repositorio/Certificados/Estudiantes/', NULL, NULL, NULL, 14, NULL, NULL, NULL, NULL, NULL, NULL, NULL, NULL, NULL, NULL, NULL),
(1183, 'ESTC-886.pdf', 'Plaza Alvarez Raisa Carolina', 'http://congresoutlvte.org/facped/Repositorio/Certificados/Estudiantes/', NULL, NULL, NULL, 14, NULL, NULL, NULL, NULL, NULL, NULL, NULL, NULL, NULL, NULL, NULL),
(1184, 'ESTC-887.pdf', 'Plaza Bonifaz Giovanna Naomi', 'http://congresoutlvte.org/facped/Repositorio/Certificados/Estudiantes/', NULL, NULL, NULL, 14, NULL, NULL, NULL, NULL, NULL, NULL, NULL, NULL, NULL, NULL, NULL),
(1185, 'ESTC-888.pdf', 'Plaza Cruel Joao Fernando', 'http://congresoutlvte.org/facped/Repositorio/Certificados/Estudiantes/', NULL, NULL, NULL, 14, NULL, NULL, NULL, NULL, NULL, NULL, NULL, NULL, NULL, NULL, NULL),
(1186, 'ESTC-889.pdf', 'Plaza Hurtado Suleika Maritza', 'http://congresoutlvte.org/facped/Repositorio/Certificados/Estudiantes/', NULL, NULL, NULL, 14, NULL, NULL, NULL, NULL, NULL, NULL, NULL, NULL, NULL, NULL, NULL),
(1187, 'ESTC-88.pdf', 'LAURA CISNERO VALENCIA', 'http://congresoutlvte.org/facped/Repositorio/Certificados/Estudiantes/', NULL, NULL, NULL, 14, NULL, NULL, NULL, NULL, NULL, NULL, NULL, NULL, NULL, NULL, NULL),
(1188, 'ESTC-890.pdf', 'Plaza Hurtado Suleika Maritza', 'http://congresoutlvte.org/facped/Repositorio/Certificados/Estudiantes/', NULL, NULL, NULL, 14, NULL, NULL, NULL, NULL, NULL, NULL, NULL, NULL, NULL, NULL, NULL),
(1189, 'ESTC-891.pdf', 'Plaza Quiones Cindy THAIS', 'http://congresoutlvte.org/facped/Repositorio/Certificados/Estudiantes/', NULL, NULL, NULL, 14, NULL, NULL, NULL, NULL, NULL, NULL, NULL, NULL, NULL, NULL, NULL),
(1190, 'ESTC-892.pdf', 'PONCE SANTANA ROXANA ALEJANDRA', 'http://congresoutlvte.org/facped/Repositorio/Certificados/Estudiantes/', NULL, NULL, NULL, 14, NULL, NULL, NULL, NULL, NULL, NULL, NULL, NULL, NULL, NULL, NULL),
(1191, 'ESTC-893.pdf', 'POROZO Mndez Mara Fernanda', 'http://congresoutlvte.org/facped/Repositorio/Certificados/Estudiantes/', NULL, NULL, NULL, 14, NULL, NULL, NULL, NULL, NULL, NULL, NULL, NULL, NULL, NULL, NULL),
(1192, 'ESTC-894.pdf', 'Porozo Mosquera Erika Elena', 'http://congresoutlvte.org/facped/Repositorio/Certificados/Estudiantes/', NULL, NULL, NULL, 14, NULL, NULL, NULL, NULL, NULL, NULL, NULL, NULL, NULL, NULL, NULL),
(1193, 'ESTC-895.pdf', 'Posligua zapata Sherley Estefana', 'http://congresoutlvte.org/facped/Repositorio/Certificados/Estudiantes/', NULL, NULL, NULL, 14, NULL, NULL, NULL, NULL, NULL, NULL, NULL, NULL, NULL, NULL, NULL),
(1194, 'ESTC-896.pdf', 'Pozo Caola Mara Beln', 'http://congresoutlvte.org/facped/Repositorio/Certificados/Estudiantes/', NULL, NULL, NULL, 14, NULL, NULL, NULL, NULL, NULL, NULL, NULL, NULL, NULL, NULL, NULL),
(1195, 'ESTC-897.pdf', 'Pozo Cumbal Andrea Fernanda', 'http://congresoutlvte.org/facped/Repositorio/Certificados/Estudiantes/', NULL, NULL, NULL, 14, NULL, NULL, NULL, NULL, NULL, NULL, NULL, NULL, NULL, NULL, NULL),
(1196, 'ESTC-898.pdf', 'Pozo Plaza Richard Kenneth', 'http://congresoutlvte.org/facped/Repositorio/Certificados/Estudiantes/', NULL, NULL, NULL, 14, NULL, NULL, NULL, NULL, NULL, NULL, NULL, NULL, NULL, NULL, NULL),
(1197, 'ESTC-899.pdf', 'Prado Reyna Adriana Ivett', 'http://congresoutlvte.org/facped/Repositorio/Certificados/Estudiantes/', NULL, NULL, NULL, 14, NULL, NULL, NULL, NULL, NULL, NULL, NULL, NULL, NULL, NULL, NULL),
(1198, 'ESTC-89.pdf', 'KAREN ESPARZA CASANOVA', 'http://congresoutlvte.org/facped/Repositorio/Certificados/Estudiantes/', NULL, NULL, NULL, 14, NULL, NULL, NULL, NULL, NULL, NULL, NULL, NULL, NULL, NULL, NULL),
(1199, 'ESTC-8.pdf', 'LIZ SANCHEZ MERO', 'http://congresoutlvte.org/facped/Repositorio/Certificados/Estudiantes/', NULL, NULL, NULL, 14, NULL, NULL, NULL, NULL, NULL, NULL, NULL, NULL, NULL, NULL, NULL),
(1200, 'ESTC-900.pdf', 'Preciado Mndez Danny Mariuxi', 'http://congresoutlvte.org/facped/Repositorio/Certificados/Estudiantes/', NULL, NULL, NULL, 14, NULL, NULL, NULL, NULL, NULL, NULL, NULL, NULL, NULL, NULL, NULL),
(1201, 'ESTC-901.pdf', 'Preciado Ortiz Luis Fernando', 'http://congresoutlvte.org/facped/Repositorio/Certificados/Estudiantes/', NULL, NULL, NULL, 14, NULL, NULL, NULL, NULL, NULL, NULL, NULL, NULL, NULL, NULL, NULL),
(1202, 'ESTC-902.pdf', 'Preciado velasco ana karen', 'http://congresoutlvte.org/facped/Repositorio/Certificados/Estudiantes/', NULL, NULL, NULL, 14, NULL, NULL, NULL, NULL, NULL, NULL, NULL, NULL, NULL, NULL, NULL),
(1203, 'ESTC-903.pdf', 'Preciado velasco ana karen', 'http://congresoutlvte.org/facped/Repositorio/Certificados/Estudiantes/', NULL, NULL, NULL, 14, NULL, NULL, NULL, NULL, NULL, NULL, NULL, NULL, NULL, NULL, NULL),
(1204, 'ESTC-904.pdf', 'Pras Menndez Nayeli Anah', 'http://congresoutlvte.org/facped/Repositorio/Certificados/Estudiantes/', NULL, NULL, NULL, 14, NULL, NULL, NULL, NULL, NULL, NULL, NULL, NULL, NULL, NULL, NULL),
(1205, 'ESTC-905.pdf', 'Prias Tenorio Nila Estefania', 'http://congresoutlvte.org/facped/Repositorio/Certificados/Estudiantes/', NULL, NULL, NULL, 14, NULL, NULL, NULL, NULL, NULL, NULL, NULL, NULL, NULL, NULL, NULL),
(1206, 'ESTC-906.pdf', 'Proao Mero Astrid', 'http://congresoutlvte.org/facped/Repositorio/Certificados/Estudiantes/', NULL, NULL, NULL, 14, NULL, NULL, NULL, NULL, NULL, NULL, NULL, NULL, NULL, NULL, NULL),
(1207, 'ESTC-907.pdf', 'Proao Mero Astrid Britany', 'http://congresoutlvte.org/facped/Repositorio/Certificados/Estudiantes/', NULL, NULL, NULL, 14, NULL, NULL, NULL, NULL, NULL, NULL, NULL, NULL, NULL, NULL, NULL),
(1208, 'ESTC-908.pdf', 'Proao Montao Johanna Angelina', 'http://congresoutlvte.org/facped/Repositorio/Certificados/Estudiantes/', NULL, NULL, NULL, 14, NULL, NULL, NULL, NULL, NULL, NULL, NULL, NULL, NULL, NULL, NULL),
(1209, 'ESTC-909.pdf', 'Proao Ortiz Sandra Yahaira', 'http://congresoutlvte.org/facped/Repositorio/Certificados/Estudiantes/', NULL, NULL, NULL, 14, NULL, NULL, NULL, NULL, NULL, NULL, NULL, NULL, NULL, NULL, NULL),
(1210, 'ESTC-90.pdf', 'ALIANA PERALTA CHICHANDE', 'http://congresoutlvte.org/facped/Repositorio/Certificados/Estudiantes/', NULL, NULL, NULL, 14, NULL, NULL, NULL, NULL, NULL, NULL, NULL, NULL, NULL, NULL, NULL),
(1211, 'ESTC-910.pdf', 'Proao Villacres Mioshoty Romelia', 'http://congresoutlvte.org/facped/Repositorio/Certificados/Estudiantes/', NULL, NULL, NULL, 14, NULL, NULL, NULL, NULL, NULL, NULL, NULL, NULL, NULL, NULL, NULL),
(1212, 'ESTC-911.pdf', 'Pulluquitin Parraga', 'http://congresoutlvte.org/facped/Repositorio/Certificados/Estudiantes/', NULL, NULL, NULL, 14, NULL, NULL, NULL, NULL, NULL, NULL, NULL, NULL, NULL, NULL, NULL),
(1213, 'ESTC-912.pdf', 'PULLUQUITIN PRRAGA MERY JEM', 'http://congresoutlvte.org/facped/Repositorio/Certificados/Estudiantes/', NULL, NULL, NULL, 14, NULL, NULL, NULL, NULL, NULL, NULL, NULL, NULL, NULL, NULL, NULL),
(1214, 'ESTC-913.pdf', 'Quelal Mora Dayse Silvana', 'http://congresoutlvte.org/facped/Repositorio/Certificados/Estudiantes/', NULL, NULL, NULL, 14, NULL, NULL, NULL, NULL, NULL, NULL, NULL, NULL, NULL, NULL, NULL),
(1215, 'ESTC-914.pdf', 'Quijije Zambrano Margely Jamileth', 'http://congresoutlvte.org/facped/Repositorio/Certificados/Estudiantes/', NULL, NULL, NULL, 14, NULL, NULL, NULL, NULL, NULL, NULL, NULL, NULL, NULL, NULL, NULL),
(1216, 'ESTC-915.pdf', 'Quimi Tumbaco Maritza Nayeli', 'http://congresoutlvte.org/facped/Repositorio/Certificados/Estudiantes/', NULL, NULL, NULL, 14, NULL, NULL, NULL, NULL, NULL, NULL, NULL, NULL, NULL, NULL, NULL),
(1217, 'ESTC-916.pdf', 'Quimis Tumbaco Joselyn Yaritza', 'http://congresoutlvte.org/facped/Repositorio/Certificados/Estudiantes/', NULL, NULL, NULL, 14, NULL, NULL, NULL, NULL, NULL, NULL, NULL, NULL, NULL, NULL, NULL),
(1218, 'ESTC-917.pdf', 'Quintero Arroyo Maria Nela', 'http://congresoutlvte.org/facped/Repositorio/Certificados/Estudiantes/', NULL, NULL, NULL, 14, NULL, NULL, NULL, NULL, NULL, NULL, NULL, NULL, NULL, NULL, NULL),
(1219, 'ESTC-918.pdf', 'Quintero Caicedo Mariana Maribel', 'http://congresoutlvte.org/facped/Repositorio/Certificados/Estudiantes/', NULL, NULL, NULL, 14, NULL, NULL, NULL, NULL, NULL, NULL, NULL, NULL, NULL, NULL, NULL),
(1220, 'ESTC-919.pdf', 'Quintero Candelejo Cinthia Gissela', 'http://congresoutlvte.org/facped/Repositorio/Certificados/Estudiantes/', NULL, NULL, NULL, 14, NULL, NULL, NULL, NULL, NULL, NULL, NULL, NULL, NULL, NULL, NULL),
(1221, 'ESTC-91.pdf', 'NURIS DE LA CRUZ SIMISTERRA', 'http://congresoutlvte.org/facped/Repositorio/Certificados/Estudiantes/', NULL, NULL, NULL, 14, NULL, NULL, NULL, NULL, NULL, NULL, NULL, NULL, NULL, NULL, NULL),
(1222, 'ESTC-920.pdf', 'Quintero Candelejo Nayra Mayin', 'http://congresoutlvte.org/facped/Repositorio/Certificados/Estudiantes/', NULL, NULL, NULL, 14, NULL, NULL, NULL, NULL, NULL, NULL, NULL, NULL, NULL, NULL, NULL),
(1223, 'ESTC-921.pdf', 'Quintero Mendez Jasmin Andreina', 'http://congresoutlvte.org/facped/Repositorio/Certificados/Estudiantes/', NULL, NULL, NULL, 14, NULL, NULL, NULL, NULL, NULL, NULL, NULL, NULL, NULL, NULL, NULL),
(1224, 'ESTC-922.pdf', 'Quintero Torres Anggie Mishell', 'http://congresoutlvte.org/facped/Repositorio/Certificados/Estudiantes/', NULL, NULL, NULL, 14, NULL, NULL, NULL, NULL, NULL, NULL, NULL, NULL, NULL, NULL, NULL),
(1225, 'ESTC-923.pdf', 'Quiones Quionez Maria Andrea', 'http://congresoutlvte.org/facped/Repositorio/Certificados/Estudiantes/', NULL, NULL, NULL, 14, NULL, NULL, NULL, NULL, NULL, NULL, NULL, NULL, NULL, NULL, NULL),
(1226, 'ESTC-924.pdf', 'Quionez Angulo Josselyn Noelia', 'http://congresoutlvte.org/facped/Repositorio/Certificados/Estudiantes/', NULL, NULL, NULL, 14, NULL, NULL, NULL, NULL, NULL, NULL, NULL, NULL, NULL, NULL, NULL),
(1227, 'ESTC-925.pdf', 'Quinez Angulo Luisa Melina', 'http://congresoutlvte.org/facped/Repositorio/Certificados/Estudiantes/', NULL, NULL, NULL, 14, NULL, NULL, NULL, NULL, NULL, NULL, NULL, NULL, NULL, NULL, NULL),
(1228, 'ESTC-926.pdf', 'Quionez Arboleda Fernanda Yanina', 'http://congresoutlvte.org/facped/Repositorio/Certificados/Estudiantes/', NULL, NULL, NULL, 14, NULL, NULL, NULL, NULL, NULL, NULL, NULL, NULL, NULL, NULL, NULL),
(1229, 'ESTC-927.pdf', 'Quionez Arboleda Pierina Celina', 'http://congresoutlvte.org/facped/Repositorio/Certificados/Estudiantes/', NULL, NULL, NULL, 14, NULL, NULL, NULL, NULL, NULL, NULL, NULL, NULL, NULL, NULL, NULL),
(1230, 'ESTC-928.pdf', 'Quionez Arboleda Pierina Celina', 'http://congresoutlvte.org/facped/Repositorio/Certificados/Estudiantes/', NULL, NULL, NULL, 14, NULL, NULL, NULL, NULL, NULL, NULL, NULL, NULL, NULL, NULL, NULL),
(1231, 'ESTC-929.pdf', 'Quionez Arroyo Briyi Thais', 'http://congresoutlvte.org/facped/Repositorio/Certificados/Estudiantes/', NULL, NULL, NULL, 14, NULL, NULL, NULL, NULL, NULL, NULL, NULL, NULL, NULL, NULL, NULL),
(1232, 'ESTC-92.pdf', 'DANIELA ESTEFANIA HEREDIA MARCHAN', 'http://congresoutlvte.org/facped/Repositorio/Certificados/Estudiantes/', NULL, NULL, NULL, 14, NULL, NULL, NULL, NULL, NULL, NULL, NULL, NULL, NULL, NULL, NULL),
(1233, 'ESTC-930.pdf', 'Quionez Arroyo Carlos Raul', 'http://congresoutlvte.org/facped/Repositorio/Certificados/Estudiantes/', NULL, NULL, NULL, 14, NULL, NULL, NULL, NULL, NULL, NULL, NULL, NULL, NULL, NULL, NULL),
(1234, 'ESTC-931.pdf', 'Quionez Arroyo Carlos Raul', 'http://congresoutlvte.org/facped/Repositorio/Certificados/Estudiantes/', NULL, NULL, NULL, 14, NULL, NULL, NULL, NULL, NULL, NULL, NULL, NULL, NULL, NULL, NULL),
(1235, 'ESTC-932.pdf', 'Quinez Bravo Mayra Alejandra', 'http://congresoutlvte.org/facped/Repositorio/Certificados/Estudiantes/', NULL, NULL, NULL, 14, NULL, NULL, NULL, NULL, NULL, NULL, NULL, NULL, NULL, NULL, NULL),
(1236, 'ESTC-933.pdf', 'Quionez Castillo Silvia Milena', 'http://congresoutlvte.org/facped/Repositorio/Certificados/Estudiantes/', NULL, NULL, NULL, 14, NULL, NULL, NULL, NULL, NULL, NULL, NULL, NULL, NULL, NULL, NULL),
(1237, 'ESTC-934.pdf', 'Quinez Chichande Gissela', 'http://congresoutlvte.org/facped/Repositorio/Certificados/Estudiantes/', NULL, NULL, NULL, 14, NULL, NULL, NULL, NULL, NULL, NULL, NULL, NULL, NULL, NULL, NULL),
(1238, 'ESTC-935.pdf', 'Quionez Corozo Ignacio Joel', 'http://congresoutlvte.org/facped/Repositorio/Certificados/Estudiantes/', NULL, NULL, NULL, 14, NULL, NULL, NULL, NULL, NULL, NULL, NULL, NULL, NULL, NULL, NULL),
(1239, 'ESTC-936.pdf', 'Quionez Esterilla Francisca Yojana', 'http://congresoutlvte.org/facped/Repositorio/Certificados/Estudiantes/', NULL, NULL, NULL, 14, NULL, NULL, NULL, NULL, NULL, NULL, NULL, NULL, NULL, NULL, NULL),
(1240, 'ESTC-937.pdf', 'Quinez Iturre Nasly Naomi', 'http://congresoutlvte.org/facped/Repositorio/Certificados/Estudiantes/', NULL, NULL, NULL, 14, NULL, NULL, NULL, NULL, NULL, NULL, NULL, NULL, NULL, NULL, NULL),
(1241, 'ESTC-938.pdf', 'Quinez Jama Mileidy', 'http://congresoutlvte.org/facped/Repositorio/Certificados/Estudiantes/', NULL, NULL, NULL, 14, NULL, NULL, NULL, NULL, NULL, NULL, NULL, NULL, NULL, NULL, NULL),
(1242, 'ESTC-939.pdf', 'Quinez Jaramillo Marisela Sany', 'http://congresoutlvte.org/facped/Repositorio/Certificados/Estudiantes/', NULL, NULL, NULL, 14, NULL, NULL, NULL, NULL, NULL, NULL, NULL, NULL, NULL, NULL, NULL),
(1243, 'ESTC-93.pdf', 'PRISCILA ELISETH HEREDIA MARCHAN', 'http://congresoutlvte.org/facped/Repositorio/Certificados/Estudiantes/', NULL, NULL, NULL, 14, NULL, NULL, NULL, NULL, NULL, NULL, NULL, NULL, NULL, NULL, NULL),
(1244, 'ESTC-940.pdf', 'Quionez Lemos Kenny Michelle', 'http://congresoutlvte.org/facped/Repositorio/Certificados/Estudiantes/', NULL, NULL, NULL, 14, NULL, NULL, NULL, NULL, NULL, NULL, NULL, NULL, NULL, NULL, NULL),
(1245, 'ESTC-941.pdf', 'Quionez Mairongo Daniel David', 'http://congresoutlvte.org/facped/Repositorio/Certificados/Estudiantes/', NULL, NULL, NULL, 14, NULL, NULL, NULL, NULL, NULL, NULL, NULL, NULL, NULL, NULL, NULL),
(1246, 'ESTC-942.pdf', 'Quionez Mndez Jorge Javier', 'http://congresoutlvte.org/facped/Repositorio/Certificados/Estudiantes/', NULL, NULL, NULL, 14, NULL, NULL, NULL, NULL, NULL, NULL, NULL, NULL, NULL, NULL, NULL),
(1247, 'ESTC-943.pdf', 'Quinez Nazareno Carla Yaritza', 'http://congresoutlvte.org/facped/Repositorio/Certificados/Estudiantes/', NULL, NULL, NULL, 14, NULL, NULL, NULL, NULL, NULL, NULL, NULL, NULL, NULL, NULL, NULL),
(1248, 'ESTC-944.pdf', 'Quionez Ordoez Doris Amelia', 'http://congresoutlvte.org/facped/Repositorio/Certificados/Estudiantes/', NULL, NULL, NULL, 14, NULL, NULL, NULL, NULL, NULL, NULL, NULL, NULL, NULL, NULL, NULL),
(1249, 'ESTC-945.pdf', 'Quionez Ortiz Darwin Esteban', 'http://congresoutlvte.org/facped/Repositorio/Certificados/Estudiantes/', NULL, NULL, NULL, 14, NULL, NULL, NULL, NULL, NULL, NULL, NULL, NULL, NULL, NULL, NULL),
(1250, 'ESTC-946.pdf', 'Quionez Salazar Carmen Aura', 'http://congresoutlvte.org/facped/Repositorio/Certificados/Estudiantes/', NULL, NULL, NULL, 14, NULL, NULL, NULL, NULL, NULL, NULL, NULL, NULL, NULL, NULL, NULL),
(1251, 'ESTC-947.pdf', 'Quinez satizabal Jessica Elizabeth', 'http://congresoutlvte.org/facped/Repositorio/Certificados/Estudiantes/', NULL, NULL, NULL, 14, NULL, NULL, NULL, NULL, NULL, NULL, NULL, NULL, NULL, NULL, NULL),
(1252, 'ESTC-948.pdf', 'Quionez Zambrano Yulexy Vanessa', 'http://congresoutlvte.org/facped/Repositorio/Certificados/Estudiantes/', NULL, NULL, NULL, 14, NULL, NULL, NULL, NULL, NULL, NULL, NULL, NULL, NULL, NULL, NULL),
(1253, 'ESTC-949.pdf', 'Quiroz Yugcha Tyrone Agustin', 'http://congresoutlvte.org/facped/Repositorio/Certificados/Estudiantes/', NULL, NULL, NULL, 14, NULL, NULL, NULL, NULL, NULL, NULL, NULL, NULL, NULL, NULL, NULL),
(1254, 'ESTC-94.pdf', 'PAOLA ANDREA CAMACHO CAICEDO', 'http://congresoutlvte.org/facped/Repositorio/Certificados/Estudiantes/', NULL, NULL, NULL, 14, NULL, NULL, NULL, NULL, NULL, NULL, NULL, NULL, NULL, NULL, NULL),
(1255, 'ESTC-950.pdf', 'Quispe Ortiz Edic Yoelin', 'http://congresoutlvte.org/facped/Repositorio/Certificados/Estudiantes/', NULL, NULL, NULL, 14, NULL, NULL, NULL, NULL, NULL, NULL, NULL, NULL, NULL, NULL, NULL),
(1256, 'ESTC-951.pdf', 'Ramirez Arce Cecilia Juleisy', 'http://congresoutlvte.org/facped/Repositorio/Certificados/Estudiantes/', NULL, NULL, NULL, 14, NULL, NULL, NULL, NULL, NULL, NULL, NULL, NULL, NULL, NULL, NULL),
(1257, 'ESTC-952.pdf', 'Ramirez Arce Tamara Solanyi', 'http://congresoutlvte.org/facped/Repositorio/Certificados/Estudiantes/', NULL, NULL, NULL, 14, NULL, NULL, NULL, NULL, NULL, NULL, NULL, NULL, NULL, NULL, NULL),
(1258, 'ESTC-953.pdf', 'Ramrez Demera Sara Shaling', 'http://congresoutlvte.org/facped/Repositorio/Certificados/Estudiantes/', NULL, NULL, NULL, 14, NULL, NULL, NULL, NULL, NULL, NULL, NULL, NULL, NULL, NULL, NULL),
(1259, 'ESTC-954.pdf', 'Ramrez Dueas Cosme Salvador', 'http://congresoutlvte.org/facped/Repositorio/Certificados/Estudiantes/', NULL, NULL, NULL, 14, NULL, NULL, NULL, NULL, NULL, NULL, NULL, NULL, NULL, NULL, NULL),
(1260, 'ESTC-955.pdf', 'Ramrez Falcones Ana Grey', 'http://congresoutlvte.org/facped/Repositorio/Certificados/Estudiantes/', NULL, NULL, NULL, 14, NULL, NULL, NULL, NULL, NULL, NULL, NULL, NULL, NULL, NULL, NULL),
(1261, 'ESTC-956.pdf', 'Ramrez Manzaba Oscar Antonio', 'http://congresoutlvte.org/facped/Repositorio/Certificados/Estudiantes/', NULL, NULL, NULL, 14, NULL, NULL, NULL, NULL, NULL, NULL, NULL, NULL, NULL, NULL, NULL),
(1262, 'ESTC-957.pdf', 'Ramrez Mina dayana Lisbeth', 'http://congresoutlvte.org/facped/Repositorio/Certificados/Estudiantes/', NULL, NULL, NULL, 14, NULL, NULL, NULL, NULL, NULL, NULL, NULL, NULL, NULL, NULL, NULL),
(1263, 'ESTC-958.pdf', 'Ramrez Parrales Denisse Cristina', 'http://congresoutlvte.org/facped/Repositorio/Certificados/Estudiantes/', NULL, NULL, NULL, 14, NULL, NULL, NULL, NULL, NULL, NULL, NULL, NULL, NULL, NULL, NULL),
(1264, 'ESTC-959.pdf', 'Ramos Plaza Adriana Juliza', 'http://congresoutlvte.org/facped/Repositorio/Certificados/Estudiantes/', NULL, NULL, NULL, 14, NULL, NULL, NULL, NULL, NULL, NULL, NULL, NULL, NULL, NULL, NULL),
(1265, 'ESTC-95.pdf', 'JOS LUIS RODRGUEZ PULLAS', 'http://congresoutlvte.org/facped/Repositorio/Certificados/Estudiantes/', NULL, NULL, NULL, 14, NULL, NULL, NULL, NULL, NULL, NULL, NULL, NULL, NULL, NULL, NULL),
(1266, 'ESTC-960.pdf', 'Reasco Meza Alis Dayana', 'http://congresoutlvte.org/facped/Repositorio/Certificados/Estudiantes/', NULL, NULL, NULL, 14, NULL, NULL, NULL, NULL, NULL, NULL, NULL, NULL, NULL, NULL, NULL),
(1267, 'ESTC-961.pdf', 'Remache Guamn Esthela Janeth', 'http://congresoutlvte.org/facped/Repositorio/Certificados/Estudiantes/', NULL, NULL, NULL, 14, NULL, NULL, NULL, NULL, NULL, NULL, NULL, NULL, NULL, NULL, NULL),
(1268, 'ESTC-962.pdf', 'Rene Cristobal Macias Ochoa', 'http://congresoutlvte.org/facped/Repositorio/Certificados/Estudiantes/', NULL, NULL, NULL, 14, NULL, NULL, NULL, NULL, NULL, NULL, NULL, NULL, NULL, NULL, NULL),
(1269, 'ESTC-963.pdf', 'Rengifo gomez cindy paola', 'http://congresoutlvte.org/facped/Repositorio/Certificados/Estudiantes/', NULL, NULL, NULL, 14, NULL, NULL, NULL, NULL, NULL, NULL, NULL, NULL, NULL, NULL, NULL),
(1270, 'ESTC-964.pdf', 'Renteria Castro Lesly', 'http://congresoutlvte.org/facped/Repositorio/Certificados/Estudiantes/', NULL, NULL, NULL, 14, NULL, NULL, NULL, NULL, NULL, NULL, NULL, NULL, NULL, NULL, NULL),
(1271, 'ESTC-965.pdf', 'Reyes Bolaos Mailevis Ibette', 'http://congresoutlvte.org/facped/Repositorio/Certificados/Estudiantes/', NULL, NULL, NULL, 14, NULL, NULL, NULL, NULL, NULL, NULL, NULL, NULL, NULL, NULL, NULL),
(1272, 'ESTC-966.pdf', 'Reyes Daz Carolina Esperanza', 'http://congresoutlvte.org/facped/Repositorio/Certificados/Estudiantes/', NULL, NULL, NULL, 14, NULL, NULL, NULL, NULL, NULL, NULL, NULL, NULL, NULL, NULL, NULL),
(1273, 'ESTC-967.pdf', 'Reyes Hurtado Bellanire Graciela', 'http://congresoutlvte.org/facped/Repositorio/Certificados/Estudiantes/', NULL, NULL, NULL, 14, NULL, NULL, NULL, NULL, NULL, NULL, NULL, NULL, NULL, NULL, NULL),
(1274, 'ESTC-968.pdf', 'REYES HURTADO NADIESKA MARLENE', 'http://congresoutlvte.org/facped/Repositorio/Certificados/Estudiantes/', NULL, NULL, NULL, 14, NULL, NULL, NULL, NULL, NULL, NULL, NULL, NULL, NULL, NULL, NULL),
(1275, 'ESTC-969.pdf', 'Reyes Jama Ins Alexandra', 'http://congresoutlvte.org/facped/Repositorio/Certificados/Estudiantes/', NULL, NULL, NULL, 14, NULL, NULL, NULL, NULL, NULL, NULL, NULL, NULL, NULL, NULL, NULL),
(1276, 'ESTC-96.pdf', 'VANESSA STEFANIA OBREGON', 'http://congresoutlvte.org/facped/Repositorio/Certificados/Estudiantes/', NULL, NULL, NULL, 14, NULL, NULL, NULL, NULL, NULL, NULL, NULL, NULL, NULL, NULL, NULL),
(1277, 'ESTC-970.pdf', 'Reyes Mendoza Mercedes Johanna', 'http://congresoutlvte.org/facped/Repositorio/Certificados/Estudiantes/', NULL, NULL, NULL, 14, NULL, NULL, NULL, NULL, NULL, NULL, NULL, NULL, NULL, NULL, NULL),
(1278, 'ESTC-971.pdf', 'REYES MERA THAIS LISSETTE', 'http://congresoutlvte.org/facped/Repositorio/Certificados/Estudiantes/', NULL, NULL, NULL, 14, NULL, NULL, NULL, NULL, NULL, NULL, NULL, NULL, NULL, NULL, NULL),
(1279, 'ESTC-972.pdf', 'Reyes Solrzano Keila Yanara', 'http://congresoutlvte.org/facped/Repositorio/Certificados/Estudiantes/', NULL, NULL, NULL, 14, NULL, NULL, NULL, NULL, NULL, NULL, NULL, NULL, NULL, NULL, NULL),
(1280, 'ESTC-973.pdf', 'Riasco Ortiz Ana Raquel', 'http://congresoutlvte.org/facped/Repositorio/Certificados/Estudiantes/', NULL, NULL, NULL, 14, NULL, NULL, NULL, NULL, NULL, NULL, NULL, NULL, NULL, NULL, NULL),
(1281, 'ESTC-974.pdf', 'Rincones Valencia Evelyn Patricia', 'http://congresoutlvte.org/facped/Repositorio/Certificados/Estudiantes/', NULL, NULL, NULL, 14, NULL, NULL, NULL, NULL, NULL, NULL, NULL, NULL, NULL, NULL, NULL),
(1282, 'ESTC-975.pdf', 'Rivera Ganan Jenniffer Hillary', 'http://congresoutlvte.org/facped/Repositorio/Certificados/Estudiantes/', NULL, NULL, NULL, 14, NULL, NULL, NULL, NULL, NULL, NULL, NULL, NULL, NULL, NULL, NULL),
(1283, 'ESTC-976.pdf', 'Rivera Uvidia Tatiana Janeth', 'http://congresoutlvte.org/facped/Repositorio/Certificados/Estudiantes/', NULL, NULL, NULL, 14, NULL, NULL, NULL, NULL, NULL, NULL, NULL, NULL, NULL, NULL, NULL),
(1284, 'ESTC-977.pdf', 'Robles Moreira Katty Paola', 'http://congresoutlvte.org/facped/Repositorio/Certificados/Estudiantes/', NULL, NULL, NULL, 14, NULL, NULL, NULL, NULL, NULL, NULL, NULL, NULL, NULL, NULL, NULL),
(1285, 'ESTC-978.pdf', 'Robles Vlez Sheylla Micaela', 'http://congresoutlvte.org/facped/Repositorio/Certificados/Estudiantes/', NULL, NULL, NULL, 14, NULL, NULL, NULL, NULL, NULL, NULL, NULL, NULL, NULL, NULL, NULL),
(1286, 'ESTC-979.pdf', 'Rodrguez Bajaa Aanagely Nicole', 'http://congresoutlvte.org/facped/Repositorio/Certificados/Estudiantes/', NULL, NULL, NULL, 14, NULL, NULL, NULL, NULL, NULL, NULL, NULL, NULL, NULL, NULL, NULL),
(1287, 'ESTC-97.pdf', 'MARIA CECILIA BATIOJA SEGURA', 'http://congresoutlvte.org/facped/Repositorio/Certificados/Estudiantes/', NULL, NULL, NULL, 14, NULL, NULL, NULL, NULL, NULL, NULL, NULL, NULL, NULL, NULL, NULL),
(1288, 'ESTC-980.pdf', 'RODRGUEZ BONE ODALYS BRIGGITTE', 'http://congresoutlvte.org/facped/Repositorio/Certificados/Estudiantes/', NULL, NULL, NULL, 14, NULL, NULL, NULL, NULL, NULL, NULL, NULL, NULL, NULL, NULL, NULL),
(1289, 'ESTC-981.pdf', 'Rodriguez Casierra Jessica Antonella', 'http://congresoutlvte.org/facped/Repositorio/Certificados/Estudiantes/', NULL, NULL, NULL, 14, NULL, NULL, NULL, NULL, NULL, NULL, NULL, NULL, NULL, NULL, NULL),
(1290, 'ESTC-982.pdf', 'Rodrguez Castillo Nayeli Fernanda', 'http://congresoutlvte.org/facped/Repositorio/Certificados/Estudiantes/', NULL, NULL, NULL, 14, NULL, NULL, NULL, NULL, NULL, NULL, NULL, NULL, NULL, NULL, NULL),
(1291, 'ESTC-983.pdf', 'Rodrguez Chvez Leonel Alexander', 'http://congresoutlvte.org/facped/Repositorio/Certificados/Estudiantes/', NULL, NULL, NULL, 14, NULL, NULL, NULL, NULL, NULL, NULL, NULL, NULL, NULL, NULL, NULL),
(1292, 'ESTC-984.pdf', 'Rodrguez Garca Martha Daniela', 'http://congresoutlvte.org/facped/Repositorio/Certificados/Estudiantes/', NULL, NULL, NULL, 14, NULL, NULL, NULL, NULL, NULL, NULL, NULL, NULL, NULL, NULL, NULL),
(1293, 'ESTC-985.pdf', 'Rodrguez Matamba Darla Karelis', 'http://congresoutlvte.org/facped/Repositorio/Certificados/Estudiantes/', NULL, NULL, NULL, 14, NULL, NULL, NULL, NULL, NULL, NULL, NULL, NULL, NULL, NULL, NULL),
(1294, 'ESTC-986.pdf', 'Rodrguez Montes Dayana Michelle', 'http://congresoutlvte.org/facped/Repositorio/Certificados/Estudiantes/', NULL, NULL, NULL, 14, NULL, NULL, NULL, NULL, NULL, NULL, NULL, NULL, NULL, NULL, NULL),
(1295, 'ESTC-987.pdf', 'RODRIGUEZ ORTIZ ALISSON THAIS', 'http://congresoutlvte.org/facped/Repositorio/Certificados/Estudiantes/', NULL, NULL, NULL, 14, NULL, NULL, NULL, NULL, NULL, NULL, NULL, NULL, NULL, NULL, NULL),
(1296, 'ESTC-988.pdf', 'Rodriguez preciado viviana stefania', 'http://congresoutlvte.org/facped/Repositorio/Certificados/Estudiantes/', NULL, NULL, NULL, 14, NULL, NULL, NULL, NULL, NULL, NULL, NULL, NULL, NULL, NULL, NULL),
(1297, 'ESTC-989.pdf', 'Rodrguez Pullas Jos Luis', 'http://congresoutlvte.org/facped/Repositorio/Certificados/Estudiantes/', NULL, NULL, NULL, 14, NULL, NULL, NULL, NULL, NULL, NULL, NULL, NULL, NULL, NULL, NULL),
(1298, 'ESTC-98.pdf', 'JENNIFFER VALERIA SALAZAR DE LA CRUZ', 'http://congresoutlvte.org/facped/Repositorio/Certificados/Estudiantes/', NULL, NULL, NULL, 14, NULL, NULL, NULL, NULL, NULL, NULL, NULL, NULL, NULL, NULL, NULL),
(1299, 'ESTC-990.pdf', 'Rodrguez Quionez Thais Domnica', 'http://congresoutlvte.org/facped/Repositorio/Certificados/Estudiantes/', NULL, NULL, NULL, 14, NULL, NULL, NULL, NULL, NULL, NULL, NULL, NULL, NULL, NULL, NULL),
(1300, 'ESTC-991.pdf', 'Rodrguez Vernaza Michelle Yamile', 'http://congresoutlvte.org/facped/Repositorio/Certificados/Estudiantes/', NULL, NULL, NULL, 14, NULL, NULL, NULL, NULL, NULL, NULL, NULL, NULL, NULL, NULL, NULL),
(1301, 'ESTC-992.pdf', 'Rodrguez Vilela Fabio Ernesto.', 'http://congresoutlvte.org/facped/Repositorio/Certificados/Estudiantes/', NULL, NULL, NULL, 14, NULL, NULL, NULL, NULL, NULL, NULL, NULL, NULL, NULL, NULL, NULL),
(1302, 'ESTC-993.pdf', 'Rojas Montezuma Romina Nathaly', 'http://congresoutlvte.org/facped/Repositorio/Certificados/Estudiantes/', NULL, NULL, NULL, 14, NULL, NULL, NULL, NULL, NULL, NULL, NULL, NULL, NULL, NULL, NULL),
(1303, 'ESTC-994.pdf', 'Rojas Vera Alberto Taylor', 'http://congresoutlvte.org/facped/Repositorio/Certificados/Estudiantes/', NULL, NULL, NULL, 14, NULL, NULL, NULL, NULL, NULL, NULL, NULL, NULL, NULL, NULL, NULL),
(1304, 'ESTC-995.pdf', 'Romn Zambrano Karelys Milena', 'http://congresoutlvte.org/facped/Repositorio/Certificados/Estudiantes/', NULL, NULL, NULL, 14, NULL, NULL, NULL, NULL, NULL, NULL, NULL, NULL, NULL, NULL, NULL),
(1305, 'ESTC-996.pdf', 'Romero Cuero Ana Cristina', 'http://congresoutlvte.org/facped/Repositorio/Certificados/Estudiantes/', NULL, NULL, NULL, 14, NULL, NULL, NULL, NULL, NULL, NULL, NULL, NULL, NULL, NULL, NULL),
(1306, 'ESTC-997.pdf', 'Romero hurtado Aida Ester', 'http://congresoutlvte.org/facped/Repositorio/Certificados/Estudiantes/', NULL, NULL, NULL, 14, NULL, NULL, NULL, NULL, NULL, NULL, NULL, NULL, NULL, NULL, NULL),
(1307, 'ESTC-998.pdf', 'Romina Nathaly Rojas Montezuma', 'http://congresoutlvte.org/facped/Repositorio/Certificados/Estudiantes/', NULL, NULL, NULL, 14, NULL, NULL, NULL, NULL, NULL, NULL, NULL, NULL, NULL, NULL, NULL),
(1308, 'ESTC-999.pdf', 'Rosales Cabeza Josselyn Lilibeth', 'http://congresoutlvte.org/facped/Repositorio/Certificados/Estudiantes/', NULL, NULL, NULL, 14, NULL, NULL, NULL, NULL, NULL, NULL, NULL, NULL, NULL, NULL, NULL),
(1309, 'ESTC-99.pdf', 'NAYELI ESTEFANIA BALLESTEROS', 'http://congresoutlvte.org/facped/Repositorio/Certificados/Estudiantes/', NULL, NULL, NULL, 14, NULL, NULL, NULL, NULL, NULL, NULL, NULL, NULL, NULL, NULL, NULL),
(1310, 'ESTC-9.pdf', 'DENILSON ANTONY MINA MINA', 'http://congresoutlvte.org/facped/Repositorio/Certificados/Estudiantes/', NULL, NULL, NULL, 14, NULL, NULL, NULL, NULL, NULL, NULL, NULL, NULL, NULL, NULL, NULL),
(1311, '', NULL, NULL, NULL, 8, 128, 14, NULL, NULL, NULL, NULL, NULL, NULL, NULL, NULL, NULL, NULL, NULL),
(1313, '', NULL, NULL, NULL, 7, 128, 14, NULL, NULL, NULL, NULL, NULL, NULL, NULL, NULL, NULL, NULL, NULL),
(1314, '', '', NULL, NULL, 10, 175, 13, NULL, NULL, NULL, NULL, NULL, NULL, NULL, NULL, NULL, NULL, NULL),
(1315, '', NULL, NULL, NULL, 24, 178, 13, '40.00', '119.00', '0.00', '0.00', '0.00', '0.00', '0.00', '0.00', '<div> <b>Las Jornadas virtuales de fortalecimiento de la EGB y BGU de Esmeraldas en propuestas educativas vinculadas a los intereses martimos</b>, ha sido organizado por la Armada del Ecuador con el apoyo tcnico de la Universidad Tcnica Luis Vargas Torres de Esmeraldas, gracias al convenio marco que tienen estas dos instituciones. <br><br>  Este correo le ha sido entregado despus de haber terminado de forma satisfactoria la capacitacin sobre temas martimos, lo que lo hace merecedor/a a una certificacin que reposar de forma segura en los servidores de la Universidad y que puede descargar accediendo al siguiente link</div>', NULL, NULL),
(1317, '', NULL, NULL, NULL, 26, 189, 13, '40.00', '119.00', NULL, NULL, NULL, NULL, NULL, NULL, NULL, NULL, NULL),
(1319, '', '', NULL, NULL, 28, 203, 13, '0.00', '115.00', '296.67', '210.56', NULL, NULL, NULL, NULL, NULL, NULL, NULL),
(1320, '', '', NULL, NULL, 30, 208, 13, '0.00', '115.00', '296.67', '210.56', NULL, NULL, NULL, NULL, NULL, NULL, NULL),
(1321, '', '', NULL, NULL, 32, 222, 13, '0.00', '112.00', '296.67', '210.56', '0.00', '195.00', '0.00', '65.00', NULL, NULL, NULL),
(1322, '', '', NULL, NULL, 31, 178, 13, '0.00', '120.00', '240.00', '210.56', '230.00', '200.00', '9.00', '13.00', '<div> <b>Las Jornadas virtuales de fortalecimiento de la EGB y BGU de Esmeraldas en propuestas educativas vinculadas a los intereses martimos</b>, ha sido organizado por la Armada del Ecuador con el apoyo tcnico de la Universidad Tcnica Luis Vargas Torres de Esmeraldas, gracias al convenio marco que tienen estas dos instituciones. <br><br>  Este correo le ha sido entregado despus de haber terminado de forma satisfactoria la capacitacin sobre temas martimos, lo que lo hace merecedor/a a una certificacin que reposar de forma segura en los servidores de la Universidad y que puede descargar accediendo al siguiente link</div>', '<div style=\'text-align:center; background-color:lightgrey; font-size:12px; padding-top:30px;\'> Este correo ha sido enviado a \"+mailto+ \", de acuerdo a la Ley Orgnica de Proteccin de datos, usted tiene el derecho a solicitar a la Universidad Tcnica Luis Vargas Torres, la actualizacin, inclusin, supresin y/o tratamiento de los datos personales incluidos en sus bases de datos, con este correo electrnico usted acepta recibir informacin de las actividades acadmicas que realiza el Alma Mater as como nuestra propuestas acadmicas.  Este correo fue generado y enviado automticamente desde el sistema cloud elaborado de la Maestra en Tecnologa de la Informacin</div>', 'ARMADA DEL ECUADOR - UTLVTE : CERTIFICACIN DIGITAL');

-- --------------------------------------------------------

--
-- Stand-in structure for view `certificado1`
-- (See below for the actual view)
--
CREATE TABLE `certificado1` (
`idcertificado` int(11)
,`idevento` int(11)
,`iddocumento` int(11)
,`asunto` varchar(200)
);

-- --------------------------------------------------------

--
-- Table structure for table `cinturon`
--

CREATE TABLE `cinturon` (
  `idcinturon` int(11) NOT NULL,
  `color` varchar(45) DEFAULT NULL,
  `idarticulo` int(11) NOT NULL
) ENGINE=InnoDB DEFAULT CHARSET=utf8mb4;

--
-- Dumping data for table `cinturon`
--

INSERT INTO `cinturon` (`idcinturon`, `color`, `idarticulo`) VALUES
(1, 'BLANCO', 1);

-- --------------------------------------------------------

--
-- Stand-in structure for view `cinturon1`
-- (See below for the actual view)
--
CREATE TABLE `cinturon1` (
`idcinturon` int(1)
,`color` int(1)
,`elarticulo` int(1)
);

-- --------------------------------------------------------

--
-- Table structure for table `cliente`
--

CREATE TABLE `cliente` (
  `idcliente` int(11) NOT NULL,
  `idpersona` int(11) NOT NULL,
  `idinstitucion` int(11) NOT NULL,
  `fechainscripcion` date DEFAULT NULL
) ENGINE=InnoDB DEFAULT CHARSET=utf8mb4;

--
-- Dumping data for table `cliente`
--

INSERT INTO `cliente` (`idcliente`, `idpersona`, `idinstitucion`, `fechainscripcion`) VALUES
(2, 34, 3, '2022-01-06'),
(3, 35, 3, '2022-01-31'),
(4, 36, 3, '2022-01-28'),
(5, 38, 3, '2022-01-14'),
(6, 39, 3, '2022-01-07'),
(7, 40, 3, '2022-01-13'),
(8, 41, 3, '2022-01-13'),
(9, 42, 3, '2022-01-13'),
(10, 43, 3, '2022-01-21'),
(11, 44, 3, '2022-01-13'),
(12, 45, 3, '2022-01-19'),
(13, 46, 3, '2022-01-14'),
(14, 50, 3, '2021-11-30');

-- --------------------------------------------------------

--
-- Stand-in structure for view `cliente1`
-- (See below for the actual view)
--
CREATE TABLE `cliente1` (
`idcliente` int(11)
,`idpersona` int(11)
,`elcliente` varchar(102)
,`idinstitucion` int(11)
,`lainstitucion` varchar(45)
,`fechainscripcion` date
);

-- --------------------------------------------------------

--
-- Table structure for table `correo`
--

CREATE TABLE `correo` (
  `idcorreo` int(11) NOT NULL,
  `nombre` varchar(45) DEFAULT NULL,
  `idpersona` int(11) NOT NULL,
  `idcorreo_estado` int(11) NOT NULL
) ENGINE=InnoDB DEFAULT CHARSET=utf8mb4;

--
-- Dumping data for table `correo`
--

INSERT INTO `correo` (`idcorreo`, `nombre`, `idpersona`, `idcorreo_estado`) VALUES
(4, 'geralva@hotmail.es', 11, 1),
(5, 'vdtr.eqm1995@gmail.com', 27, 1),
(6, 'wcontreras_1994@hotmail.com', 13, 1),
(7, 'bustamantelopezmariansonia@gmail.com', 25, 1),
(8, 'jovanotty_85@hotmail.com', 21, 1),
(9, 'gerardo.solano@utelvt.edu.ec', 20, 1),
(10, 'yamiloelunico@gmail.com', 19, 1),
(11, 'cesarmanchay3@gmail.com', 17, 1),
(12, 'veronikita_linda@hotmail.es', 14, 1),
(13, 'roberto_edwin1979@hotmail.com', 15, 1),
(14, 'jacksonmanchay@yahoo.es', 28, 1),
(15, 'ilsi.n31@hotmail.com', 9, 1),
(16, 'rafael.perez@policia.gob.ec', 16, 1),
(17, 'deyanirachila@hotmail.com', 26, 1),
(18, 'nela.qocortes91@gmail.com', 24, 1),
(19, 'byronramirez1994@gmail.com', 18, 1),
(21, 'educaysoft@gmail.com', 8, 1),
(22, 'kevinaguilar16sm@gmial.com', 29, 1),
(23, 'damaris.miranda@utelvte.edu.ec', 31, 1),
(24, 'jimmypaz_22@hotmail.com', 12, 1),
(25, 'stefydiaz_1325@hotmail.com', 10, 1),
(26, 'congresoutlvte@utelvt.edu.ec', 32, 1),
(27, 'admin', 33, 1),
(28, 'francis.christopher@egbfcristorey.edu.ec', 34, 1),
(29, 'stefaniaz90@gmail.com', 10, 1),
(30, 'jimmy.pazmino.torres@utelvt.edu.ec', 12, 1),
(31, 'gasolanog@gmail.com', 20, 1),
(32, 'andres-martinez_1986@gmail.com', 49, 1),
(35, 'paperalta@claro.com.ec', 23, 1),
(36, 'edison.capurro@utelvt.edu.ec', 51, 1),
(38, 'ILCI/.NAZARENO', 9, 1),
(39, 'yilson.mitte@utelvt.edu.ec', 52, 1),
(40, 'gabo_mauri@hotmail.com', 53, 1),
(41, 'ginoreina777@hotmail.com', 54, 1),
(42, 'katty_riv17@hotmail.com', 55, 1),
(43, 'yiralex_2388@hotmail.com', 56, 1),
(44, 'leongomezcarmelina75@gmail.com', 57, 1),
(46, 'solangelucas08@hotmail.com', 58, 1),
(47, ' katrinita3087@gmail.com', 59, 1),
(48, ' ing_danielklinger@outlook.com', 60, 1),
(49, 'allanbenj@hotmail.com', 61, 1),
(50, 'lord-vader-15@hotmail.com', 62, 1),
(51, ' marcelandreperez@hotmail.com', 63, 1),
(52, 'junior_palmit@hotmail.es', 64, 1),
(55, ' cixipavi@hotmail.com', 65, 1),
(56, ' mhl.johan_@hotmail.com', 66, 1),
(57, ' elrube1993@hotmail.com', 67, 1),
(58, 'denissep_1990@hotmail.com', 68, 1),
(59, 'maritza_8822@hotmail.es', 69, 1),
(60, 'camilo-911@hotmail.es', 70, 1),
(61, 'dianakgarcia021010@gmail.com', 71, 1),
(62, 'naidaferch@gmail.com', 72, 1),
(63, 'ines_gomez1983@hotmail.com', 73, 1),
(64, ' gervis.goyes@utelvt.edu.ec', 74, 1),
(65, 'mariuxiguillenr@gmail.com', 75, 1),
(66, 'puntorojo.91@hotmail.com', 76, 1),
(67, ' solange_brita@hotmail.com', 77, 1),
(68, 'lalyosea20@gmail.com', 78, 1),
(69, 'evelinvega@gmail.com', 79, 1),
(70, 'cinthyaxvb@hotmail.com', 80, 1),
(71, ' frixono@hotmail.com', 81, 1),
(72, 'quinterojosy@gmail.com', 82, 1),
(73, 'nelson.mora.caicedo@utelvt.edu.ec', 83, 1),
(74, 'bryan@gmail.com', 84, 1),
(75, 'cristhian@gmail.com', 85, 1),
(76, 'myname@email.com', 86, 1),
(77, 'marijoseg5@hotmail.com ', 87, 1),
(78, 'myname@email.com', 88, 1),
(79, 'myname@email.com', 90, 1),
(80, 'myname@email.com', 91, 1),
(81, 'Eleddy20@hotmail.com', 92, 1),
(82, 'myname@email.com', 93, 1),
(83, 'myname@email.com', 94, 1),
(84, 'bustosreasco@gmail.com ', 95, 1),
(85, 'myname@email.com', 96, 1),
(86, 'myname@email.com', 97, 1),
(87, 'myname@email.com', 98, 1),
(88, 'myname@email.com', 99, 1),
(89, 'ginoreina777@hotmail.com ', 100, 1),
(90, 'myname@email.com', 101, 1),
(91, 'myname@email.com', 102, 1),
(92, 'myname@email.com', 103, 1),
(93, 'myname@email.com', 105, 1),
(94, 'myname@email.com', 106, 1),
(95, 'KATTYRIT17@HOTMAIL.COM', 107, 1),
(96, 'myname@email.com', 108, 1),
(97, 'myname@email.com', 109, 1),
(98, 'yiralex_2388@hotmail.com ', 110, 1),
(99, 'myname@email.com', 111, 1),
(100, 'myname@email.com', 112, 1),
(101, 'leongomescarmelina75@gmail.com', 115, 1),
(102, 'solangelucas08@hotmail.com ', 117, 1),
(103, 'myname@email.com', 118, 1),
(104, 'Eleddy20@hotmail.com ', 119, 1),
(105, 'marcelandreperez@hotmail.com ', 120, 1),
(106, 'marcelandreperez@hotmail.com ', 121, 1),
(107, ' cixipavi@hotmail.com ', 122, 1),
(108, 'mhl.johan_@hotmail.com    ', 123, 1),
(109, 'nelson.mora.caicedo.@utelvt.edu.ec', 125, 1),
(110, 'nelson.mora.caicedo.@utelvt.edu.ec', 126, 1),
(111, 'myname@email.com', 127, 1),
(112, 'fabian.caicedo.goyes@utelvt.edu.ec', 128, 1),
(113, 'jisela.bravo@hotmail.com   ', 129, 1),
(114, 'alejitaca25@hotmail.com ', 131, 1),
(115, 'dixcrazyqm@gmail.com', 132, 1),
(116, 'sincorreo@gmail.com', 133, 1),
(117, 'sincorreo@gmail.com', 134, 1),
(118, 'sincorreo@gmail.com', 135, 1),
(119, 'sincorreo@gmail.com', 136, 1),
(120, 'sincorreo@gmail.com', 137, 1),
(121, 'sincorreo@gmail.com', 138, 1),
(122, 'sincorreo@gmail.com', 139, 1),
(123, 'sincoreo@gmail.com', 140, 1),
(124, 'angel.quinonez@hotmail.com', 141, 1),
(125, 'jonathan.vera@utelvt.edu.ec', 142, 1),
(126, 'dayana1837@live.com', 143, 1),
(127, 'sincorreo@gmail.com', 144, 1),
(128, 'nspreciado1992@gmail.com', 145, 1),
(129, 'nadia.peralta@utelvt.edu.ec', 146, 1),
(130, 'ortiz@utelvt.edu.ec', 147, 1),
(131, 'enrialbe1.0@hotmail.com', 148, 1),
(132, 'sincorreo@gmail.com', 149, 1),
(133, 'sincorreo@gmail.com', 150, 1),
(134, 'sincorreo@gmail.com', 151, 1),
(135, 'sincorreo@gmail.com', 152, 1),
(136, 'sincorreo@gmail.com', 153, 1),
(137, 'sincoreo@gmail.com', 154, 1),
(138, 'sincorreo@gmail.com', 155, 1),
(139, 'marcelo.monrroy@utelvt.edu.ec', 156, 1),
(140, 'marco.intriago@utelvt.edu.ec', 157, 1),
(141, 'cinesita101092@gmail.com', 158, 1),
(142, 'kevin.garrido@utelvt.edu.ec', 159, 1),
(143, 'karmita1216@gmail.com', 160, 1),
(144, 'marcus_1105@hotmail.com', 161, 1),
(145, 'german.padilla@utelvt.edu.ec', 162, 1),
(146, 'kevin.guznay@utelvt.edu.ec', 163, 1),
(147, 'abel.saltos@utelvt.edu.ec', 164, 1),
(148, 'sergio.solis@utelvt.edu.ec', 165, 1),
(149, NULL, 166, 1),
(150, NULL, 167, 1),
(151, NULL, 168, 1),
(152, NULL, 169, 1),
(153, NULL, 170, 1),
(154, NULL, 171, 1),
(155, NULL, 173, 1),
(156, NULL, 174, 1),
(157, NULL, 175, 1),
(158, NULL, 176, 1),
(159, NULL, 177, 1),
(160, NULL, 179, 1),
(161, NULL, 180, 1),
(162, NULL, 181, 1),
(163, NULL, 182, 1),
(164, NULL, 183, 1),
(165, NULL, 184, 1),
(166, NULL, 185, 1),
(167, NULL, 186, 1),
(168, NULL, 187, 1),
(169, NULL, 188, 1),
(170, NULL, 189, 1),
(171, NULL, 190, 1),
(172, NULL, 191, 1),
(173, NULL, 192, 1),
(174, NULL, 193, 1),
(175, NULL, 194, 1),
(176, NULL, 195, 1),
(177, NULL, 196, 1),
(178, NULL, 197, 1),
(179, NULL, 198, 1),
(180, NULL, 199, 1),
(181, NULL, 200, 1),
(182, NULL, 201, 1),
(183, NULL, 202, 1),
(184, NULL, 203, 1),
(185, NULL, 204, 1),
(186, NULL, 206, 1),
(187, NULL, 207, 1),
(188, NULL, 208, 1),
(189, NULL, 209, 1),
(190, 'yilson.mite@utelvt.edu.ec', 210, 1),
(191, 'stefania.reyna@utelvt.edu.ec', 211, 1),
(192, 'luis.portocarrero@utelvt.edu.ec', 212, 1),
(195, 'scarleth.canga@yahoo.com ', 216, 1),
(196, 'scarleth.canga@yahoo.com ', 217, 1),
(197, NULL, 220, 1),
(198, NULL, 221, 1),
(199, NULL, 222, 1),
(200, NULL, 223, 1),
(201, NULL, 224, 1),
(202, NULL, 225, 1),
(203, NULL, 226, 1),
(204, NULL, 227, 1),
(205, NULL, 228, 1),
(206, NULL, 229, 1),
(207, NULL, 230, 1),
(208, NULL, 232, 1),
(209, NULL, 233, 1),
(210, NULL, 234, 1),
(211, NULL, 235, 1),
(212, NULL, 236, 1),
(213, NULL, 237, 1),
(214, NULL, 238, 1),
(215, NULL, 239, 1),
(216, NULL, 240, 1),
(217, NULL, 241, 1),
(218, 'carla.alcivar@utelvt.edu.ec', 242, 1),
(219, 'carla.alcivar@utelvt.edu.ec', 243, 1),
(220, NULL, 244, 1),
(221, NULL, 246, 1),
(222, NULL, 247, 1),
(223, NULL, 248, 1),
(224, 'kiara.barrera.garcia@utelvt.edu.ec', 249, 1),
(225, 'stefany.bedoya.napa@utelvt.edu.ec', 250, 1),
(226, 'isaias.canizares.ponce@utelvt.edu.ec', 251, 1),
(228, 'erickcaldaangulo@utelvt.edu.ec', 252, 1),
(229, 'dana.capurro.mendoza@utelvt.edu.ec', 253, 1),
(230, 'genesis.giron.lupu@utelvt.edu.ec', 254, 1),
(231, 'jcoime8@gmail.com', 255, 1),
(232, 'gady.angulo.alarcon@utelvt.edu.ec', 256, 1),
(233, 'roshiitoral312@gmail.com', 257, 1),
(234, 'erickmanzaba@hotmail.com', 258, 1),
(235, 'britney.garcia.arroyo@utelvt.edu.ec', 259, 1),
(236, 'diana.campos.castillo@utlevt.edu.ec', 260, 1),
(237, 'carlos.rivero.ortiz@utelvt.edu.ec', 261, 1),
(238, 'rodrigo.teixeira.gonzalez@utelvt.edu.ec', 262, 1),
(239, 'pervis.zurita.valencia@utelvt.edu.ec', 263, 1),
(240, 'luis.preciado.montezuma@utelvt.edu.ec', 264, 1),
(241, 'carolina.nazareno.chila@utelvt.edu.ec', 265, 1),
(242, 'sandy.mera.guerrero@utelvt.edu.ec', 266, 1),
(243, 'sergio.guerron.rodriguez@utelvt.edu.ec', 267, 1),
(244, 'cesar.mocha.zambrano@utelvt.edu.ec', 268, 1),
(245, 'lely.alvarado.gruezo@utelvt.edu.ec', 269, 1),
(246, 'ariel.ance.alarcon@utelvt.edu.ec', 270, 1),
(247, 'jose.porozo.caicedo@utelvt.edu.ec', 271, 1),
(248, 'josselyn.banguera.tircio@utelvt.edu.ec', 272, 1),
(249, 'alisson.quinone.canchingre@utevlt.edu.ec', 273, 1),
(250, 'miguel.tigreros.estacio@utelvt.edu.ec', 274, 1),
(251, 'brittany.bone.campas@utelvt', 275, 1),
(252, 'garcia.sylka343@gmail.com', 276, 1),
(253, 'zaira.mendez.jaen@utelvt.edu.ec', 277, 1),
(254, 'luisdavidpremon@gmail.com', 264, 1),
(255, 'mayra.tigua.rodriguez@utelvt.edu.ec', 278, 1),
(256, 'mendezzaira351@gmail.com', 277, 1),
(257, 'arturokevind@gmail.com', 279, 1),
(258, 'jose.mejia.micolta@utelvt.edu.ec', 280, 1),
(259, 'jose.proano.tenorio@utelvt.edu.ec', 240, 1),
(260, 'danna.capurro.mendoza@utelvt.edu.ec', 253, 1),
(261, 'emilyrealpe9@gmail.com', 227, 1),
(262, 'emily.sevilla.falconi@utelvt.edu.ec', 281, 1),
(263, 'camily.muso.diaz@utelvt.edu.ec', 282, 1),
(264, 'byron.quinonez.pianchiche@utelvt.edu.ec', 283, 1),
(265, 'estefaniagranja26@gmail.com', 284, 1),
(266, 'kevin.valencia.castillo.@utelvt.edu.ec', 285, 1),
(267, 'andrea.ordonez.valencia@utelvt.edu.ec', 286, 1),
(268, 'eugenia.chichande.mendez@utelvt.edu.ec', 287, 1),
(269, 'galo.maldonado@utelvt.edu.ec', 288, 1),
(270, 'naly_18@outlook.com', 289, 1),
(271, 'alexandra.vizcaino.velis@utlevt.edu', 290, 1),
(272, 'danielachila27@gmail.com', 291, 1),
(273, 'carlos.trejo.zambrano@utelvt.edu.ec', 292, 1),
(274, 'camilapanezo@gmail.com', 293, 1),
(275, 'hector.lozada.escobar@utelvt.edu.ec', 294, 1),
(276, 'evelynchichande1@gmail.com', 297, 1),
(277, 'alisson.vanegas.corozo@utelvt.edu.ec', 298, 1),
(278, 'daniela.montesdeoca.castillo@utelvt.edu.ec', 299, 1),
(279, 'jean.cortez.torres@utelvt.edu.ec', 300, 1),
(280, 'scarleth.ortiz.lugo@utelvt.com.ec', 302, 1),
(281, 'irene.checa.chila@utelvt.edu.ec', 303, 1),
(282, 'bolivar.zambrano.banguera@utelvt.edu.ec', 304, 1),
(283, 'aldo.carvajal.klinger@utelvt.edu.ec', 308, 1),
(284, 'leonardo.hurtado.mancilla@utelvt.edu.ec', 309, 1),
(285, 'kevin.arturo.guerrero@utelvt.edu.ec', 279, 1),
(286, 'alissonchila4@gmail.com', 310, 1),
(287, 'jose.erazo.leon@utelvt.edu.ec', 311, 1),
(288, 'gladis.pisco.paredes@utelvt.edu.ec', 312, 1),
(289, 'jennifer.pata.mina@utelvt.edu.ec', 314, 1),
(290, 'araceli.ruano.bamba@utelvt.ede.ec', 316, 1),
(291, 'kevin.bustos.reyes@utelvt.edu.ec', 317, 1),
(292, 'ingrith.elizalde.elizalde@utelvt.edu.ec', 318, 1),
(293, 'kevin.montano.vera@utelvt.edu.ec', 319, 1),
(294, 'jean06812@gmail.com', 320, 1),
(295, 'cristina.veces.bone@utelvt.edu.ec', 321, 1),
(296, 'helen.ballesteros.cedeno@utelvt.edu.ec', 322, 1),
(297, 'yolanda.gracia.bautista@utelvt.edu.ec', 323, 1),
(298, 'dario.vallejo.lopez@utelvt.edu.ec', 327, 1),
(299, 'jimmy.ramirez@utelvt.edu.ec', 328, 1),
(300, 'marcelo.reina@utelvt.edu.ec', 329, 1),
(301, 'teresa.mina@utelvt.edu.ec', 330, 1),
(302, 'ramon.velasco.angulo@utelvt.edu.ec', 331, 1),
(303, 'Sinthya.gonzales@utelvt.edu.ec', 332, 1),
(304, 'joselynmosquera1992@gmail.com', 201, 1),
(305, 'kevin.pozo@utelvt.edu.ec', 179, 1),
(306, '21mfbgemis@gmail.com', 198, 1),
(307, 'pierinac12@gmail.com', 333, 1),
(308, 'jenniffer.ibarra.hernandez@utelvt.edu.ec', 334, 1),
(309, 'cristinr21@gmail.com', 180, 1),
(310, 'maritza.rojas.montano@utvelt.edu.ec', 188, 1),
(311, 'alexatenorio97@gmail.com', 197, 1),
(312, 'angel.rivera@utelvt.edu.ec', 184, 1),
(313, 'netzaret.quintero.orellana@utelvt.edu.ec', 335, 1),
(314, 'nayeli.guevara.garcia@utelvt.edu.ec', 337, 1),
(318, 'reiraxavi2000@gmail.com', 338, 1),
(320, 'luis.leon.rodriguez@utelvt.edu.ec', 339, 1),
(321, 'viviana.jaen@utelvt.edu.ec', 289, 1),
(322, 'emiko.ibarra.herrera@utelvt.edu.ec', 223, 1),
(323, 'kevin.valencia.castillo@utelvt.edu.ec', 285, 1),
(324, 'angie.tigua.rodriguez@utelvt.edu.ec', 340, 1),
(325, 'dayana.garcia.sanchez@utelvt.edu.ec', 341, 1),
(326, 'estefania.granja.jaramillo@utelvt.edu.ec', 284, 1),
(328, 'Jean.cortez.torres@utelvt.com', 300, 1),
(329, 'alisson.quinonez.canchingre@utelvt.edu.ec', 273, 1),
(330, 'luisdavidpreciadomontezuma@gmail.com', 264, 1),
(331, 'sylka.garcia.mesias@utelvt.edu.ec', 276, 1),
(332, 'john.coime.bone@utelvt.edu.ec', 342, 1),
(333, 'camia.panezo.tenorio@utelvt.edu.ec', 293, 1),
(334, 'aldo.carvajl.klinger@utelvt.edu.ec', 308, 1),
(335, 'vanessa.vargas.toral@utelvt.edu.ec', 257, 1),
(336, 'helen.ballesteros.cedeno@utlelvt.edu.ec', 322, 1),
(337, 'sandra.lucas@ecu911.gob.ec', 343, 1),
(338, 'ximena.gonzalez@ecu911.gob.ec', 344, 1),
(339, 'johnna.altamirano.velasco@utelvt.edu.ec', 345, 1),
(340, 'mayadevi.saavedra@ecu911.gob.ec', 346, 1),
(341, 'joselyn.montalvo@ecu911.gob.ec', 347, 1),
(342, 'yohana.prado@ecu911.gob.ec', 348, 1),
(343, 'yadira.simisterra@ecu911.gob.ec', 349, 1),
(344, 'yesenia.estupinan@ecu911.gob.ec', 350, 1),
(345, 'ruth.lara@ecu911.gob.ec', 351, 1),
(346, 'victot.ordonez@ecu911.gob.ec', 352, 1),
(347, 'brittany.bone.campas@utelvt.edu.ec', 275, 1),
(348, 'daniela.chila.rosales@utelvt.edu.ec', 291, 1),
(349, 'erick.calda.angulo@utelvt.edu.ec', 252, 1),
(350, 'juan.reina.mite@utelvt.edu.ec', 353, 1),
(351, 'camila.panezo.tenorio@utelvt.edu.ec', 293, 1),
(352, 'odalismelany2002@gmail.com', 354, 1),
(353, 'sandino_j@hotmail.com', 355, 1),
(354, 'rene.velasco.vite@utelvt.edu.ec', 356, 1),
(355, 'anthony.garcia.bone@utelvt.edu.ec', 357, 1),
(356, 'emaly.cortez.corozo@utelvt.edu.ec', 358, 1),
(357, 'merci.solis@utelvt.edu.ec', 359, 1),
(358, 'mixy.pinillo@utelvt.edu.ec', 361, 1),
(359, 'jenniffer.mancilla@utelvt.edu', 362, 1),
(360, 'ana.moreira@utelvt.edu.ec', 363, 1),
(361, 'majitoburbano1@gmail.com', 364, 1),
(362, 'janio.ibarra@utelvt.edu.ec', 365, 1),
(363, 'gverasaavedra@gmail.com', 173, 1),
(364, 'aroby@armada.mil.ec', 369, 1),
(365, 'gaby_257@hotmail.es', 370, 1),
(366, 'viviana.burbano.gamez@utelvt.edu.ec', 371, 1),
(367, 'saskya.samande@utelvt.edu.ec', 372, 1),
(368, 'dianacorozo1816@gmail.com', 11, 1),
(369, 'yosilady05@hotmail.com', 373, 1),
(370, 'nedelvac@gmail.com', 374, 1),
(371, 'acanizares@armada.mil.ec', 370, 1),
(372, 'jorge.perea@utelvt.edu.ec', 375, 1),
(373, 'tito.santo@utelvt.edu.ec', 376, 1),
(374, 'jandry.rodriguez@utelvt.edu.ec', 377, 1),
(375, 'joxi.jama@utelvt.edu.ec', 378, 1),
(376, 'wagner.zuniga@utelvt.edu.ec', 379, 1),
(377, 'cristhian.moncayo@utelvt.edu.ec', 380, 1),
(378, 'jackson.aguilar@utelvt.edu.ec', 381, 1),
(379, 'johan.cuero@utelvt.edu.ec', 382, 1),
(380, 'jenniffertorresa@gmail.com', 235, 1),
(381, 'evelyn.rincones.valencia@utelvt.edu.ec', 383, 1),
(382, 'mercy.solis@utelvt.edu.ec', 359, 1),
(383, 'guidoj112@gmail.com', 384, 1),
(384, 'banderaor@hptmail.com', 385, 1),
(385, 'elpatrick198624@gmail.com', 386, 1),
(386, 'mirian-nbe@hotmail.com', 387, 1),
(387, 'mariateresabejarano@hotmail.com', 388, 1),
(388, 'ingjosimar-emir@hotmail.com', 389, 1),
(389, 'sfrancis@espol.edu.ec', 8, 1),
(390, 'sanchezgema22@yahoo.com', 390, 1),
(391, 'moelquemopo25@hotmail.com', 391, 1),
(392, 'perlazaverasandra@gmail.com', 392, 1),
(393, 'alexacero1993@gmail.com', 393, 1),
(394, 'lopezroberto022@gmail.com', 394, 1),
(395, 'jenniffer.angulo.putan@utelvt.edu.ec', 395, 1),
(396, 'deire.bone.santos@utelvt.edu.ec', 396, 1),
(397, 'liliana.caicedo.jama@utelvt.edu.ec', 397, 1),
(398, 'alisson.lopez.valencia@utelvt.edu.ec', 398, 1),
(399, 'elian.midero.hinostroza@utelvt.edu.ec', 399, 1),
(400, 'shirley.orejuela.bravo@utelvt.edu.ec', 400, 1),
(401, 'betsy.quinonez@utelvt.edu.ec', 401, 1),
(402, 'luis.reyes.rivadeneira@utelvt.edu.ec', 402, 1),
(403, 'seir.rezabala.sinisterra@utelvt.edu.ec', 403, 1),
(404, 'mercedes.sanchez.bravo@utelvt.edu.ec', 404, 1),
(405, 'jefferson.yugcha.pinargote@utelvt.edu.ec', 405, 1),
(406, 'jaime.vasquez.sanchez@utelvt.edu.ec', 406, 1),
(407, 'adriana.valencia.marquez@utelvt.edu.ec', 407, 1),
(408, 'naya.trejo.zambrano@utelvt.edu.ec', 408, 1),
(409, 'ronal.anapa.anapa@utelvt.edu.ec', 409, 1),
(410, 'cecisotomayor2020@gmail.com', 410, 1),
(411, 'guillermo_8022@hotmail.com', 412, 1),
(412, 'sulemacortez1993@gmail.com', 413, 1),
(413, 'padillatntx@hotmail.com', 414, 1),
(414, 'cesarin.202_ec-love@hotmail.com', 415, 1),
(415, 'tenoriochichandeandres@yahoo.com', 416, 1),
(416, 'nachydiana84@gmail.com', 417, 1),
(417, 'anibal_chica@hotmail.com', 418, 1),
(418, 'rocioru26@outlook.com', 419, 1),
(419, 'ezeuriarte@gmail.com', 420, 1),
(420, 'filadelfia.arteaga@educacion.gob.ec', 421, 1),
(421, '0802890609gmch@gmail.com', 422, 1),
(422, 'ramonrodriguez1984@hotmail.com', 423, 1),
(423, 'darwind.ramon@edicacion.gob.ec', 424, 1),
(424, 'vivianaguerrero21@hotmail.com', 425, 1),
(425, 'luis.morenoj@educacion.gob.ec', 426, 1),
(426, 'alberto8942@hotmail.com', 427, 1),
(427, 'selidahernadez321@gmail.com', 428, 1),
(428, 'varinya.diaz@educacion.gob.ec', 429, 1),
(429, 'lettysaavedracortez@hotmail.com', 430, 1),
(430, 'w.gamez1993@gmail.com', 431, 1),
(431, 'frankie.mesias@educacion.gob.ec', 432, 1),
(432, 'francisco.mendez@educacion.gob.ec', 433, 1),
(433, 'jennifferninf@hotmail.com', 434, 1),
(434, 'wladimirerazo@gmail.com', 435, 1),
(435, 'anamaldonado1964@live.com', 436, 1),
(436, 'mcarlosfrankie@gmail.com', 432, 1),
(437, 'mfoq18@gmail.com', 437, 1),
(438, 'rcyaque1985@hotmail.com', 438, 1),
(439, 'martheli61@hotmail.com', 439, 1),
(440, 'marcella.caicedo@educacion.gob.ec', 440, 1),
(441, 'tallerelectra@hotmail.es', 441, 1),
(442, 'danny.castillo@educacion.gob.ec', 442, 1),
(443, 'laantik01@gmail.com', 443, 1),
(444, 'ashleyquinonezturismo@gmail.com', 444, 1),
(445, 'henry.quintero@educacion.gob.ec', 445, 1),
(446, 'nancydelgadoangulo@gmail.com', 446, 1),
(447, 'fredayanara@hotmail.com', 447, 1),
(448, 'godoy.joselu@gmail.com', 448, 1),
(449, 'ivette.castro@educacion.gob.ec', 449, 1),
(450, 'veronica.moreira@educacion.gob.ec', 450, 1),
(451, 'beirutjuanita@gmail.com', 451, 1),
(452, 'borysesg95@gmail.com', 452, 1),
(453, 'lear8235@hotmail.com', 453, 1),
(454, 'zule.rivasq@gmail.com', 454, 1),
(455, 'ginaalexandra1965@gmail.com', 455, 1),
(456, 'lichito08@hotmail.com', 456, 1),
(457, 'dimonca1991@gmail.com', 457, 1),
(458, 'olguita251@live.com', 458, 1),
(459, 'irmisdec@hotmail.com', 459, 1),
(460, 'nusomare_73@hotmail.es', 460, 1),
(461, 'victor.tafur@educacion.gob.ec', 461, 1),
(462, 'juanpabloanguloalarcon@yahoo.es', 462, 1),
(463, 'papapa241@gmail.com', 463, 1),
(464, 'rebecarivero9@hotmail.com', 464, 1),
(465, 'alexalaflaklinda@hotmail.com', 465, 1),
(466, 'princesandrita@hotmail.com', 466, 1),
(467, 'anitarojasrodriguez@gmail.com', 467, 1),
(468, 'chriscampeon1987@gmali.com', 468, 1),
(469, 'pjennycorina@yahoo.com', 469, 1),
(470, 'nievesaltos01@gmail.com', 470, 1),
(471, 'alesandrariver145@hotmail.com', 471, 1),
(472, 'alesandrarivera145@hotmail.com', 471, 1),
(473, 'cristobal.castro@educacion.gob.ec', 472, 1),
(474, 'nopuedoverte.mas@gmail.com', 473, 1),
(475, 'sei_ddy_valeska@hotmail.com', 474, 1),
(476, 'sulay.maffare@educacion.gob.ec', 475, 1),
(477, 'nievitacesa@hotmail.com', 470, 1),
(478, 'jesenia31bermudez@outlook.es', 476, 1),
(479, 'jahairavera85@gmail.com', 477, 1),
(480, 'eduvera1963@hotmail.com', 478, 1),
(481, 'rjsanchez_1972@hotmail.com', 479, 1),
(482, 'samandarodriguez18@gmail.com', 480, 1),
(483, 'sujey.tambaco@edcucacion.gob.ec', 481, 1),
(484, 'patucha2016@outlook.es', 482, 1),
(485, 'florinda.chapiro@yahoo.es', 483, 1),
(486, 'hector3sacon@gmail.com', 484, 1),
(487, 'susanlazomera@hotmail.com', 485, 1),
(488, 'xapelo61@live.com', 486, 1),
(489, 'virmo12@hotmail.com', 487, 1),
(490, 'genith.andrade@educacion.gob.ec', 488, 1),
(491, 'tanyaarroyo470@gmail.com', 489, 1),
(492, 'florm.herrera@educacion.gob.ec', 490, 1),
(493, 'elavallejo@hotmail.com', 491, 1),
(494, 'juancho071984@hotmail.com', 492, 1),
(495, 'boliviacolobon5@gmail.com', 493, 1),
(496, 'dairaclavijo2512@gmail.com', 494, 1),
(497, 'josegary2010@hotmail.com', 495, 1),
(498, 'jesseniamaciasv@gmail.com', 496, 1),
(499, 'marielamartibezmarines@gmail.com', 497, 1),
(500, 'zechavo09@hotmail.com', 498, 1),
(501, 'marielamartinezmarines@gmail.com', 497, 1),
(502, 'bachita_2029@hotmail.com', 499, 1),
(503, 'sol.2014_paz@hotmail.com', 500, 1),
(504, 'johannacarvajal16@outlook.com', 501, 1),
(505, 'mayradelgadoleon@hotmail.com', 502, 1),
(506, 'pfjaveraurelio@gmail.com', 503, 1),
(507, 'pjavieraurelio@yahoo.com', 503, 1),
(508, 'mayraa.rodriguez@educacion.gob.ec', 504, 1),
(509, 'petterangulo@hotmail.com', 505, 1),
(510, 'mairaestupinan36@gmail.com', 500, 1),
(511, 'ciraolave61@gmail.com', 506, 1),
(512, 'anacanola@hotmail.com', 507, 1),
(513, 'andreaestefy_2786@hotmail.com', 508, 1),
(514, 'karenencarnacion1984@htmail.com', 509, 1),
(515, 'patyseduccion@hotmail.com', 510, 1),
(516, 'mpereatenorio@gmail.com', 511, 1),
(517, 'cinthyaklinger15@gmail.com', 512, 1),
(518, 'sonia.ceci2014@gmail.com', 513, 1),
(519, 'isirodriguezreal@gmail.com', 514, 1),
(520, 'nestupinanlicesm@gmail.com', 515, 1),
(521, 'carmenpiguave1970@hotmail.com', 516, 1),
(522, 'sevilla012016@gmail.com', 517, 1),
(523, 'rosinamatamba190@gmail.com', 518, 1),
(524, 'lopezquirozluisfabricio@gmail.com', 519, 1),
(525, 'rosa.chichande@educacion.gob.ec', 520, 1),
(526, 'nnchillambo@espe.edu.ec', 521, 1),
(527, 'josecaicedovalverde@gmail.com', 522, 1),
(528, 'vanesa04g@gmail.com', 523, 1),
(529, 'suelobeza@hotmail.com', 524, 1),
(530, 'laberinto66@gmail.com', 525, 1),
(531, 'miritagarcia_68@yahoo.com', 526, 1),
(532, 'grecia.duchimaza@educacion.gob.ec', 527, 1),
(533, 'marina19741@live.com', 528, 1),
(534, 'ruth-angulo123@hotmail.com', 529, 1),
(535, 'josec.caicedo@educacion.gob.ec', 522, 1),
(536, 'gioconda.lucciola@gmail.com', 530, 1),
(537, 'kerlybarrezueta@gmail.com', 531, 1),
(538, 'dianacarolina.campoc@gmail.com', 532, 1),
(539, 'jesseniavargas_77@hotmail.com', 533, 1),
(540, 'pielkapatavargas@gmail.com', 534, 1),
(541, 'yngrycaicedo1981@gmail.com', 535, 1),
(542, 'delfigonza7@gmail.com', 536, 1),
(543, 'matamba1988@outlook.com', 537, 1),
(544, 'ramond.macias@educacion.gob.ec', 538, 1),
(545, 'cbermudezlicesm@gmail.com', 539, 1),
(546, 'alexandrareascos@hotmail.com', 540, 1),
(547, 'lissettets8@gmail.com', 541, 1),
(548, 'elsairom@hotmail.com', 542, 1),
(549, 'cvelizlicesm@gmail.com', 543, 1),
(550, 'marjorie.gonzales@educacion.gob.ec', 544, 1),
(551, 'carla.montesdeocao@educacion.gob.ec', 545, 1),
(552, 'luzbone1234@hotmail.com', 546, 1),
(553, 'emelybruji@yahoo.com', 547, 1),
(554, 'marymina658@yahoo.com', 548, 1),
(555, 'kapolitica@gmail.com', 549, 1),
(556, 'marilincastillo1963@hotmail.com', 549, 1),
(557, 'jonas.castillo.angulo@utelvt.edu.ec', 550, 1),
(558, 'educaysoft@hotmail.com', 8, 1),
(559, 'diegoabata1404@gmail.com', 551, 1),
(560, 'frickson.camacho@utelvt.edu.ec', 552, 1),
(561, 'luis.montano.solis@utelvt.edu.ec', 553, 1),
(562, 'Leonardo.nazareno@utelvt.edu.ec', 554, 1),
(563, 'pedro.navas.pacho@utelvt.edu.ec', 555, 1),
(564, 'estiven.guagua1@gmail.com', 556, 1),
(565, 'Jairogustavo461@gmail.com', 557, 1),
(566, 'angie.velez.prado@utelvt.edu.ec', 558, 1),
(567, 'suarezjesus1123@gmail.com', 559, 1),
(568, 'manuquitoedu@yahoo.es', 560, 1),
(569, 'josueamadeo3@gmail.com', 561, 1);

-- --------------------------------------------------------

--
-- Stand-in structure for view `correo1`
-- (See below for the actual view)
--
CREATE TABLE `correo1` (
`idcorreo` int(1)
,`elcorreo` int(1)
,`lapersona` int(1)
);

-- --------------------------------------------------------

--
-- Table structure for table `correo_estado`
--

CREATE TABLE `correo_estado` (
  `idcorreo_estado` int(11) NOT NULL,
  `nombre` varchar(45) DEFAULT NULL
) ENGINE=InnoDB DEFAULT CHARSET=utf8mb4;

--
-- Dumping data for table `correo_estado`
--

INSERT INTO `correo_estado` (`idcorreo_estado`, `nombre`) VALUES
(1, 'ENLINEA');

-- --------------------------------------------------------

--
-- Table structure for table `curso`
--

CREATE TABLE `curso` (
  `idcurso` int(11) NOT NULL,
  `nombre` varchar(100) DEFAULT NULL,
  `avance` int(11) DEFAULT NULL,
  `duracion` varchar(20) DEFAULT NULL,
  `idevento` int(11) DEFAULT NULL,
  `linkdetalle` varchar(100) DEFAULT NULL,
  `descripcion` text DEFAULT NULL
) ENGINE=MyISAM DEFAULT CHARSET=latin1;

--
-- Dumping data for table `curso`
--

INSERT INTO `curso` (`idcurso`, `nombre`, `avance`, `duracion`, `idevento`, `linkdetalle`, `descripcion`) VALUES
(1, 'Fundamentos de programacin', NULL, '40', NULL, NULL, NULL),
(2, 'Matematicas numeros reales', NULL, '40', NULL, NULL, NULL),
(3, 'Latex como editor de texto', NULL, '40', NULL, NULL, NULL),
(4, 'CURSO DE EXCEL BASICO, INTERMEDIOS Y AVANZADO', NULL, '40', NULL, NULL, NULL),
(5, 'Maestra en tecnologa de la informacin', NULL, '1', NULL, 'http://educaysoft.org/sica/MTI/doc/_build/html/admision.html', NULL),
(6, 'METODOLOGA DE LA INVESTIGACIN', NULL, '1', NULL, 'https://repositorioutlvte.org/Repositorio/2022-05-03-FQSA-00206.pdf', NULL),
(7, 'Webinar sobre conceptos bsicos de LaTeX y GITHUB', NULL, '10', NULL, 'https://repositorioutlvte.org/Repositorio/2022-05-04-FQSA-00209.pdf', NULL),
(8, 'Jornadas virtuales de fortalecimiento de la EGB y BGU de Esmeraldas en propuestas educativas vincula', NULL, '0', NULL, 'https://sites.google.com/view/uadme/inicio', NULL),
(9, 'Capacitacion a aspirantes de maestria-T1-2022-1', NULL, '1', NULL, '', NULL),
(10, 'NIVELACIN GITHUB Y PROGRAMACION EN C++', NULL, '1', NULL, '', 'curso de nivelacion'),
(11, 'Fundamentos-De-Programacin-2021-2S', NULL, '4 meses', NULL, '', 'Curso de Fundamentos de Progracin para el periodo 2021-2S ');

-- --------------------------------------------------------

--
-- Table structure for table `cursodocumento`
--

CREATE TABLE `cursodocumento` (
  `idcursodocumento` int(11) NOT NULL,
  `idcurso` int(11) DEFAULT NULL,
  `iddocumento` int(11) DEFAULT NULL
) ENGINE=MyISAM DEFAULT CHARSET=latin1;

--
-- Dumping data for table `cursodocumento`
--

INSERT INTO `cursodocumento` (`idcursodocumento`, `idcurso`, `iddocumento`) VALUES
(1, 11, 40);

-- --------------------------------------------------------

--
-- Stand-in structure for view `cursodocumento1`
-- (See below for the actual view)
--
CREATE TABLE `cursodocumento1` (
`idcursodocumento` int(11)
,`idcurso` int(11)
,`nombre` varchar(100)
,`iddocumento` int(11)
,`asunto` varchar(200)
);

-- --------------------------------------------------------

--
-- Table structure for table `cursounidad`
--

CREATE TABLE `cursounidad` (
  `idcursounidad` int(11) NOT NULL,
  `nombre` varchar(100) DEFAULT NULL,
  `idcurso` int(11) DEFAULT NULL,
  `idvideotutorial` int(11) DEFAULT NULL,
  `unidad` int(11) DEFAULT NULL
) ENGINE=MyISAM DEFAULT CHARSET=latin1;

--
-- Dumping data for table `cursounidad`
--

INSERT INTO `cursounidad` (`idcursounidad`, `nombre`, `idcurso`, `idvideotutorial`, `unidad`) VALUES
(1, 'Instroduccion a los computadores', 1, 1, 1),
(2, 'Introduccion a numeros reales', 2, 2, 1),
(3, 'Introduccin a latex', 3, 3, 1),
(4, 'EXCEL BASICO', 4, 4, 1),
(5, 'EXCEL INTERMEDIO', 4, 3, 2),
(6, 'EXCEL AVANZADO', 4, 3, 3),
(7, 'Conceptos bsicos de Github', 7, 5, 1),
(8, 'Importancia del mar ecuatoriano', 8, 6, 1),
(9, 'Calentamiento global', 8, 7, 2),
(10, 'Buenas prcticas ambientales', 8, 8, 3),
(11, 'El valor del mar y tsunami', 8, 9, 4),
(12, 'git y github conceptos bsicos', 10, 10, 1);

-- --------------------------------------------------------

--
-- Stand-in structure for view `cursounidad1`
-- (See below for the actual view)
--
CREATE TABLE `cursounidad1` (
`idcursounidad` int(11)
,`idcurso` int(11)
,`nombre` varchar(100)
,`unidad` int(11)
,`launidad` varchar(100)
,`idvideotutorial` int(11)
,`elvideo` varchar(100)
,`enlace` varchar(300)
,`idevaluacion` int(11)
);

-- --------------------------------------------------------

--
-- Table structure for table `departamento`
--

CREATE TABLE `departamento` (
  `iddepartamento` int(11) NOT NULL,
  `nombre` varchar(45) DEFAULT NULL,
  `idunidad` int(11) NOT NULL
) ENGINE=InnoDB DEFAULT CHARSET=utf8mb4;

--
-- Dumping data for table `departamento`
--

INSERT INTO `departamento` (`iddepartamento`, `nombre`, `idunidad`) VALUES
(1, 'Ingenieria en Tecnologa de la Informacin', 1),
(2, 'Ingenieria Mecnica', 1),
(3, 'Ingeniera Comercial', 3),
(4, 'Ingeniera en Sistemas Informticos', 1),
(5, 'Maestra en Tecnologa de la Informacin', 4);

-- --------------------------------------------------------

--
-- Stand-in structure for view `departamento1`
-- (See below for the actual view)
--
CREATE TABLE `departamento1` (
`iddepartamento` int(11)
,`idunidad` int(11)
,`launidad` varchar(45)
,`nombre` varchar(45)
);

-- --------------------------------------------------------

--
-- Stand-in structure for view `departamento2`
-- (See below for the actual view)
--
CREATE TABLE `departamento2` (
`iddepartamento` int(11)
,`idunidad` int(11)
,`launidad` varchar(45)
,`nombre` varchar(45)
,`cantidad` bigint(21)
);

-- --------------------------------------------------------

--
-- Table structure for table `destinatario`
--

CREATE TABLE `destinatario` (
  `iddestinatario` int(11) NOT NULL,
  `iddocumento` int(11) NOT NULL,
  `idpersona` int(11) NOT NULL COMMENT '	'
) ENGINE=InnoDB DEFAULT CHARSET=utf8mb4;

--
-- Dumping data for table `destinatario`
--

INSERT INTO `destinatario` (`iddestinatario`, `iddocumento`, `idpersona`) VALUES
(1, 1, 7),
(3, 3, 15),
(4, 4, 13),
(5, 3, 13);

-- --------------------------------------------------------

--
-- Stand-in structure for view `destinatario1`
-- (See below for the actual view)
--
CREATE TABLE `destinatario1` (
`iddocumento` int(1)
,`asunto` int(1)
,`idpersona` int(1)
,`nombres` int(1)
);

-- --------------------------------------------------------

--
-- Table structure for table `detainventario`
--

CREATE TABLE `detainventario` (
  `iddetainventario` int(11) NOT NULL,
  `descripcion` varchar(45) DEFAULT NULL,
  `ubicacion` varchar(45) DEFAULT NULL,
  `idarticulo` int(11) NOT NULL,
  `idinventario` int(11) NOT NULL
) ENGINE=InnoDB DEFAULT CHARSET=utf8mb4;

-- --------------------------------------------------------

--
-- Table structure for table `directorio`
--

CREATE TABLE `directorio` (
  `iddirectorio` int(11) NOT NULL,
  `nombre` varchar(45) DEFAULT NULL,
  `ruta` varchar(200) DEFAULT NULL,
  `descripcion` text DEFAULT NULL,
  `idordenador` int(11) NOT NULL
) ENGINE=InnoDB DEFAULT CHARSET=utf8mb4;

--
-- Dumping data for table `directorio`
--

INSERT INTO `directorio` (`iddirectorio`, `nombre`, `ruta`, `descripcion`, `idordenador`) VALUES
(1, 'pdf', NULL, NULL, 1),
(2, 'pdf', '/pdfs', NULL, 1),
(3, 'Repositorio de documentos', '/Repositorio/', '', 7),
(4, 'Repositorio de pdf', '/Repositorio/', NULL, 8);

-- --------------------------------------------------------

--
-- Table structure for table `docente`
--

CREATE TABLE `docente` (
  `iddocente` int(11) NOT NULL,
  `idpersona` int(11) NOT NULL,
  `iddepartamento` int(11) DEFAULT NULL,
  `fechadesde` date DEFAULT NULL,
  `fechahasta` date DEFAULT NULL
) ENGINE=InnoDB DEFAULT CHARSET=utf8mb4;

--
-- Dumping data for table `docente`
--

INSERT INTO `docente` (`iddocente`, `idpersona`, `iddepartamento`, `fechadesde`, `fechahasta`) VALUES
(1, 8, 1, '2022-06-06', '2022-06-30');

-- --------------------------------------------------------

--
-- Stand-in structure for view `docente1`
-- (See below for the actual view)
--
CREATE TABLE `docente1` (
`iddocente` int(11)
,`idpersona` int(11)
,`eldocente` varchar(102)
,`iddepartamento` int(11)
,`lacarrera` varchar(45)
,`fechadesde` date
,`fechahasta` date
);

-- --------------------------------------------------------

--
-- Stand-in structure for view `docente2`
-- (See below for the actual view)
--
CREATE TABLE `docente2` (
`iddocente` int(11)
,`idpersona` int(11)
,`eldocente` varchar(102)
,`iddepartamento` int(11)
,`lacarrera` varchar(45)
,`fechadesde` date
,`fechahasta` date
,`cantidad` bigint(21)
);

-- --------------------------------------------------------

--
-- Table structure for table `documento`
--

CREATE TABLE `documento` (
  `iddocumento` int(11) NOT NULL,
  `fechaelaboracion` date DEFAULT NULL,
  `asunto` varchar(200) DEFAULT NULL,
  `archivopdf` varchar(100) DEFAULT NULL,
  `idtipodocu` int(11) NOT NULL,
  `idordenador` int(11) DEFAULT NULL,
  `iddirectorio` int(11) DEFAULT NULL,
  `iddocumento_estado` int(11) NOT NULL
) ENGINE=InnoDB DEFAULT CHARSET=utf8mb4;

--
-- Dumping data for table `documento`
--

INSERT INTO `documento` (`iddocumento`, `fechaelaboracion`, `asunto`, `archivopdf`, `idtipodocu`, `idordenador`, `iddirectorio`, `iddocumento_estado`) VALUES
(1, '2021-09-02', 'Documento de prueba', '2021-09-02-MBOD-000001.pdf', 2, 7, 3, 0),
(3, '2021-09-17', 'prueba de documento recibido', '2021-09-17-MBOD-000003.pdf', 1, NULL, NULL, 0),
(4, '2021-09-24', 'RECLAMO SOBRE NOTAS', 'cronograma_y_plana_docente_Maestras_2021-2021.pdf', 3, NULL, NULL, 0),
(5, '2021-09-18', 'SOLICITUD DE MATRICULA PARA EL PERIODO 2021-1S', 'PagoRosangelaMesEnero.pdf', 2, NULL, NULL, 0),
(6, '2021-09-21', 'CORRECCION DE NOTAS DEL SEGUNDO PARCIAL 2021-1S', '', 1, NULL, NULL, 0),
(7, '2022-01-10', 'PRUEBA EN LA OFIINA HIGHKICK', 'AgendaFinal .pdf', 1, NULL, NULL, 0),
(8, '2022-01-13', 'TESIS DE PRUEBA', '2022-01-13-FACY-000008.pdf', 7, NULL, NULL, 0),
(9, '2022-01-17', 'TESIS DE TECNOLOGA DE LA INFORMACIN DE JAVER QUIONEZ ', '2022-01-17-CQOE-000009.pdf', 7, NULL, NULL, 0),
(10, '2020-09-20', 'DESARROLLO DE UN SISTEMA DE MONITOREO DE CALIDAD DEL AGUA\r\nUTILIZANDO ARDUINO, MYSQL, PHP PARA PISCINAS CAMARONERAS.', '2020-09-20-MMYR-000010.pdf', 7, NULL, NULL, 0),
(11, '2017-06-26', 'DISEO DE UNA BASE DE DATOS QUE\r\nPERMITA GENERAR Y DAR SEGUIMIENTO AL PROCESO DE\r\nDOCUMENTACIN DE LAS PRCTICAS Y PROYECTOS DE VINCULACIN DE\r\nLA UNIVERSIDAD TCNICA LUIS VARGAS TORRES DE ESMERALDAS', '2017-06-26-QBGM-000011.pdf', 8, 7, 3, 0),
(12, '2017-07-03', 'DISEO DE UN APLICATIVO PARA CONTROLAR EL REGISTRO DEL\r\nSERVICIO CVICO VOLUNTARIO DE LAS FUERZAS ARMADAS DEL ECUADOR', '2017-07-03-RMAGEA-000012.pdf', 8, 7, 3, 0),
(13, '2017-06-26', 'ANLISIS Y DISEO APLICANDO EL MODELO INCREMENTAL EN LA\r\nCREACIN DE UN SOFTWARE DE VENTAS AL CONTADO Y CRDITO PARA UN\r\nNEGOCIO DE ELECTRODOMSTICOS', '2017-06-26-RPKS-000013.pdf', 8, 7, 3, 0),
(14, '2017-06-29', 'SISTEMATIZACIN DE LA BSQUEDA DE LAS CARACTERISTICAS DE LOS\r\nNMEROS ALMACENADOS EN UN ARREGLO UTILIZANDO LENGUAJE DE\r\nPROGRAMACIN C++', '2017-06-29-RZRYA-000014.pdf', 8, 7, 3, 0),
(15, '2017-06-26', 'DISEO DE UNA BASE DE DATOS QUE LLEVE EL CONTROL DE LAS SOLICITUDES DE\r\nPRSTAMOS BANCARIOS.', '2017-06-26-LNGMCDS-000015.pdf', 8, 7, 3, 0),
(16, '2017-06-26', 'DISEO DE UNA BASE DE DATOS, PARA LA GESTIN ACADMICA DEL\r\nINSTITUTO TECNOLGICO LUS TELLO', '2017-06-26-LSNSJ-000016.pdf', 8, 7, 3, 0),
(17, '2017-06-26', 'DISEO DE UN SISTEMA QUE PERMITA CONTROLAR LOS ACCESOS A INTERNET Y LA CANTIDAD DE MB CONSUMIDOS EN LA UNIVERSIDAD TCNICA DE ESMERALDAS LUIS VARGAS TORRES', '2017-06-26-KCKE-000017.pdf', 8, 7, 3, 0),
(18, '0000-00-00', 'Diseo de una aplicacin segura que permita gestionar una base de datos de la asistencia de los docentes a las reuniones', '-KCKE-000018.pdf', 8, 7, 3, 0),
(19, '2017-06-26', 'NFORMATIZACIN DE LA GESTIN DE LA EMPRESA DE TRANSPORTES ESMERALDEITO', '2017-06-26-IJAB-000019.pdf', 8, 7, 3, 0),
(20, '2017-06-26', 'DISEO DE UN SISTEMA PARA LA ASIGNACION DE TRIPULANTES DE LA FLOTA PESQUERA CHAUTIZA DE ORO', '2017-06-26-PVLMG-000020.pdf', 8, 7, 3, 0),
(21, '2017-07-04', 'DEMOSTRACIN DE LA CAPACIDAD DE CICLO POR INSTRUCCIN PARA UNA CACHE DIRECTA UNIFICADA CON POST-ESCRITURA DE 16KB Y TASA DE FALLOS DE 0.029', '2017-07-04-PRAZMA-000021.pdf', 8, 7, 3, 0),
(22, '2017-06-26', 'DISEO DE UNA PGINA WEB PARA LA COMPAA\r\nNOVAPALM QUE VISUALICE LOS PRECIOS BASE DE LOS PRODUCTOS PARA LA COMPRA', '2017-06-26-PGOA-000022.pdf', 8, 7, 3, 0),
(23, '2017-06-26', 'LEVANTAMIENTO DE REQUERIMIENTO PARA CONSTRUIR UN SOFTWARE EN UNA MICRO-EMPRESA DEDICADA A LA ELABORACION DE ALIMENTOS.', '2017-06-26-PVCX-000023.pdf', 8, 7, 3, 0),
(24, '2017-06-26', 'DISEO DE UNA APLICACIN SEGURA PARA LA GESTIN DE UNA BASE DE DATOS DE LOS ESTUDIANTES QUE SE ENCUENTRAN EN PROCESO DE TITULACIN', '2017-06-26-PAMJ-000024.pdf', 8, 7, 3, 0),
(25, '2017-06-26', 'DISEO DE UNA APLICACIN QUE PERMITA GESTIONAR UNA BITCORA ELECTRNICA, DEL USO DE LOS LABORATORIOS', '2017-06-26-POQORNDO-000025.pdf', 8, 7, 3, 0),
(26, '2017-07-03', 'LEVANTAMIENTO DE REQUERIMIENTO DE UN SOFTWARE PARA UNA MICRO EMPRESA DEDICADA A LA VENTA Y EXPENDIO DE VVERES', '2017-07-03-PVDE-000026.pdf', 8, 7, 3, 0),
(27, '2017-06-26', 'DISEO DE UNA BASE DE DATOS PARA GESTIONAR LA INFORMACIN RELACIONADA CON LA ESTRUCTURA ORGANIZACIONAL Y ACTIVIDAD DE LA\r\nEMPRESA CONSTRUCTORA MASARO S.A.', '2017-06-26-GMMA-000027.pdf', 8, 7, 3, 0),
(28, '2017-06-26', 'DISEO DE UNA APLICACIN QUE GESTIONE EL CONTROL DEL PRESTAMO DE LIBROS EN UNA BIBLIOTECA', '2017-06-26-GBCC-000028.pdf', 8, 7, 3, 0),
(29, '2017-06-26', 'DISEO DE UNA BASE DE DATOS, PARA GESTIONAR LA INFORMACIN DE LOS BUSES DE LA COOPERATIVA LAS PALMAS DE LA CIUDAD DE\r\nESMERALDAS', '2017-06-26-GALDK-000029.pdf', 8, 7, 3, 0),
(30, '2017-06-29', 'IMPLEMENTACION DE UNA MATRIZ BIDIMENSIONAL, INDICANDO LA FUNCION DE NUMEROS ALEATORIOS EN UNA TABLA', '2017-06-29-MFMF-000030.pdf', 8, 7, 3, 0),
(31, '2017-06-03', 'ESTUDIO PARA EL MEJORAMIENTO DE LA CONECTIVIDAD WIFI EN LAS INSTALACIONES DE LA UNIVERSIDAD TCNICA LUIS VARGAS TORRES DE ESMERALDAS EXTENSION LA CONCORDIA', '2017-06-03-GMVRIS-000031.pdf', 8, 7, 3, 0),
(32, '2017-06-26', 'DISEAR UNA APLICACIN QUE GESTIONE LAS COMPRAS Y VENTAS DE\r\nLA TIENDA VVERES INTRIAGO', '2017-06-26-GCGA-000032.pdf', 8, 7, 3, 0),
(33, '2017-06-26', 'ANLISIS Y DISEO APLICANDO EL MODELO\r\nINCREMENTAL EN LA CREACIN DE UN SOFTWARE DE\r\nPROMOCIN Y VENTA VA WEB PARA UNA PIZZERA', '2017-06-26-GNRGMT-000033.pdf', 8, 7, 3, 0),
(34, '2017-06-26', 'DISEO DE UNA BASE DE DATOS PARA LA MICRO EMPRESA LUIS DEDICADA A LA VENTA DE VIVERES UTILIZANDO LOS DIAGRAMAS ENTIDA RELACION Y RELACIONAL', '2017-06-26-TOJL-000034.pdf', 8, 7, 3, 0),
(35, '2017-06-26', 'ANLISIS Y DISEO APLICANDO EL MODELO INCREMENTAL EN LA CREACIN DE UN SOFTWARE DE COMPRA Y VENTA DE UN PRODUCTO DEL SUPERMERCADO VILLAMARIN', '2017-06-26-VLSM-000035.pdf', 8, 7, 3, 0),
(36, '2017-06-26', 'DISEO DE UNA BASE DE DATOS, PARA GESTIONAR LA DISTRIBUCIN\r\nDISCOGRFICA DE UNA COLECCIN MUSICAL', '2017-06-26-VALS-000036.pdf', 8, 7, 3, 0),
(37, '2017-06-03', 'DISEO DE UN SOFTWARE PARA UN SISTEMA DE BUZN DE SUGERENCIAS EN EL DEPARTAMENTO DE SECRETARA DE LA UNIVERSIDAD TCNICA LUIS VARGAS TORRES EXTENSIN LA CONCORDIA.', '2017-06-03-VPET-000037.pdf', 8, 7, 3, 0),
(38, '2017-06-26', 'MTODO QUE PERMITA A LA UNIVERSIDAD TCNICA LUIS VARGAS TORRES CONOCER EL GANADOR DE UN CONCURSO DE\r\nALGORITMOS EN ENSAMBLADOR', '2017-06-26-VLBCX-000038.pdf', 8, 7, 3, 0),
(39, '2017-06-26', 'ANLISIS Y DISEO APLICANDO EL MODELO INCREMENTAL EN LA\r\nCREACIN DE UN SOFTWARE DE COMPRA Y VENTA DE PRODUCTOS\r\nPARA UNA RED DE FARMACIAS', '2017-06-26-OOEFS-000039.pdf', 8, 7, 3, 0),
(40, '2021-10-10', 'SILABO DE LA ASIGNATURA DE FUNDAMENTOS DE PROGRAMACIN DE PRIMER CICLO DE LA CARRERA DE TECNOLOGA DE LA INFORMACIN.', '2021-10-10-FQSA-000040.pdf', 9, 7, 3, 0),
(41, '2016-12-21', 'REACONDICIONAMIENTO DE UN BANCO DE LABORATORIO PARA DETERMINAR CURVAS CARACTERISTICAS EN UN SISTEMA DE BOMBAS CONECTADAS EN SERIE Y PARALELO', '2016-12-21-GLNBT-000041.pdf', 8, 7, 3, 1),
(42, '2016-12-15', 'REHABILITACION DE UN INTERCAMBIADOR DE CALOR DIDCTICO DE TUBOS Y CORAZA', '2016-12-15-CC-000042.pdf', 8, 7, 3, 1),
(43, '2016-12-16', 'REHABILITACIN DE UN SISTEMA DE INYECCIN MECNICA PARA MOTORES A DIESEL CORRESPONDIENTES A UN BANCO DE PRUEBAS', '2016-12-16-CEFAN-000043.pdf', 8, 7, 3, 2),
(44, '2017-06-26', 'DISEO DE UNA BASE DE DATOS PARA LA CLINICA COLN ', NULL, 8, 7, 3, 0),
(45, '2016-12-16', 'REHABILITACION DE UN EQUIPO PARA PRUEBAS DE ORIFICIOS VENTURIS Y VERTEDEROS', '2016-12-16-QORGFL-000045.pdf', 8, 7, 3, 1),
(46, '2016-12-16', 'REACONDICIONAMIENTO DE UN SECADOR EN AMBIENTE CONTROLADO FAVORECIENDO EN LA OPTIMIZACIN Y MEJORAMIENTO DE LA CALIDAD DEL SECADO', '2016-12-16-GLMOF-000046.pdf', 8, 7, 3, 1),
(47, '2017-01-10', 'REACONDICIONAMIENTO DE UN SISTEMA DE REFRIGERACIN POR COMPRESIN DE VAPOR', '2017-01-10-MOVES-000047.pdf', 8, 7, 3, 2),
(48, '2017-06-26', '', NULL, 8, 7, 3, 0),
(49, '2016-12-22', 'REHABILITACION DE UN\r\nSISTEMA DE REFRIGERACION SOLAR POR ADSORCION PARA LABORATORIO\r\nDE INGENIERIA Y TECNOLOGIAS', '2016-12-22-GCMA-000049.pdf', 8, 7, 3, 1),
(50, '2016-12-16', 'REACONDICIONAMIENTO DE UNA CALDERA PIROTUBULAR VERTICAL', '2016-12-16-AMML-000050.pdf', 8, 7, 3, 2),
(51, '2017-06-26', 'APLICAR EL MODELO AGIL (XP) PARA EL DESARROLLO DE SOFTWARE EN UNA MICRO-EMPRESA DEDICADA A LA VENTA Y EXPENDIO DE VIVERES ', NULL, 8, 1, NULL, 0),
(52, '2016-12-22', 'REHABILITACIN DEL BANCO DE PRUEBAS PARA BOMBAS DE\r\nPALETA DEL LABORATORIO DE TERMOFLUIDOS DE LA FIT', '2016-12-22-MOENOF-000052.pdf', 8, 7, 3, 1),
(53, '2016-10-24', 'REHABILITACION DE EQUIPO DE REFRIGERACION BAJO EL PRINCIPIO DE BOMBA DE CALOR', '2016-10-24-VSYA-000053.pdf', 8, 7, 3, 1),
(55, '2017-07-07', 'MANTENIMIENTO DE CABEZOTE DEL MOTOR #9 PIELSTICK PC2-6B A LAS 6000 HORAS DE FUNCIONAMIENTO DE LA CENTRAL TRMICA ESMERALDAS II', NULL, 8, 7, 3, 0),
(56, '2017-07-07', 'ANLISIS DEL FUNCIONAMIENTO Y MANTENIMIENTO DE LA\r\nSEPARADORA DE HFO DE LA TERMOESMERALDAS II', '2017-07-07-BTBME-000056.pdf', 8, 7, 3, 2),
(57, '2017-07-07', 'MANTENIMIENTO DEL CATALIZADOR DE\r\nUN MOTOR DE CUATRO CILINDROS', '2017-07-07-CGNRRN-000057.pdf', 8, 7, 3, 2),
(58, '2017-07-03', 'DISEO DE UN APLICATIVO PARA CONTROLAR EL REGISTRO DEL \r\nSERVICIO CVICO VOLUNTARIO DE LAS FUERZAS ARMADAS DEL ECUADOR', NULL, 9, 7, 3, 0),
(59, '2017-07-07', 'MANTENIMIENTO PREVENTIVO DE LOS AIRES ACONDICIONADOS DE LAS AULAS DE LA FACULTAD DE INGENIERIAS Y TECNOLOGIAS DE LA UNIVERSIDAD TECNICA LUIS VARGAS TORRES DE ESMERALDAS', '2017-07-07-ECJJ-000059.pdf', 8, 7, 3, 2),
(60, '2017-07-07', 'MANTENIMIENTO PREVENTIVO DE 24000 HORAS A MCI TIPO\r\nH32/40V POR PARTE DEL GRUPO TALLER EN LA CENTRAL\r\nTRMICA JARAMIJ CELEC EP', '2017-07-07-FRCR-000060.pdf', 8, 7, 3, 2),
(61, '2017-07-07', 'MONTAJES E INSTALACIN DE LOS AIRES\r\nACONDICCIONADOS EN LA FACULTAD DE INGENIERIAS\r\nY TECNOLOGIA', '2017-07-07-IFWF-000061.pdf', 8, 7, 3, 2),
(62, '2017-07-03', 'MATENIMIENTO Y FUNCIONAMIENTOS DE LA BATERIA EN UN MOTOR DE MCI (MOTOR DE COMBUSTION INTERNA)', '2017-07-03-MORMD-000062.pdf', 8, 7, 3, 2),
(63, '2017-07-07', 'ANLISIS DE FALLA EN SELLO MECANICO DE LA\r\nBOMBA P1-P03B, EN LA PLANTA CATALITICAS 2 DE LA REFINERA\r\nESMERALDAS', '2017-07-07-OARNCE-000063.pdf', 8, 7, 3, 2),
(64, '2017-06-26', 'ANLISIS Y DISEO APLICANDO EL MODELO INCREMENTAL EN LA CREACIN DE UN SOFTWARE DE VENTAS AL CONTADO Y CRDITO PARA UN NEGOCIO DE ELECTRODOMSTICOS ', '2017-06-26-RPKS-000064.pdf', 8, 7, 3, 2),
(65, '2017-07-07', 'REPOSICIN Y MEJORAS EN EQUIPOS BOMBA\r\n MOTOR POR BOMBA SUMERGIBLE EN CAPTAR AGUA DEL RIO ESMERALDAS\r\nEN LA CAPTACION DE LA EMPRESA EAPA SAN MATEO', '2017-07-07-PRE-000065.pdf', 8, 7, 3, 2),
(66, '2017-07-03', 'ANLISIS, DIAGNSTICO Y SUBSANACIN DE LA CORROSIN EN LA ESTRUCTURA METLICA DE LA CLNICA AUTOMOTRIZ E INDUSTRIAL DNICK UBICADO EN EL SECTOR DE WINCHELE VA SAN MATEO', '2017-07-03-SNCJL-000066.pdf', 8, 7, 3, 2),
(67, '2017-06-29', 'SISTEMATIZACIN DE LA BSQUEDA DE LAS CARACTERISTICAS DE LOS NMEROS ALMACENADOS EN UN ARREGLO UTILIZANDO LENGUAJE DE PROGRAMACIN C++   \r\n \r\n ', NULL, 8, 7, 3, 0),
(68, '2017-07-06', 'MANTENIMIENTO DE LOS CABEZOTE DEL\r\nMOTOR #9 PIELSTICK PC2-6B A LAS 6000 HORAS DE FUNCIONAMIENTO DE\r\nLA CENTRAL TRMICA ESMERALDAS II', '2017-07-06-BCLA-000068.pdf', 8, 7, 3, 1),
(69, '2017-06-26', 'DISEO DE UNA BASE DE DATOS QUE LLEVE EL CONTROL DE LAS SOLICITUDES DE PRSTAMOS BANCARIOS. ', '', 8, 7, 3, 1),
(70, '2017-06-26', 'DISEO DE UNA BASE DE DATOS, PARA LA GESTIN ACADMICA DEL INSTITUTO TECNOLGICO LUS TELLO', '2017-06-26-LSNSJ-000070.pdf', 8, 7, 3, 1),
(71, '2017-01-01', 'ESTUDIO Y DISEO DE LA MALLA DE PUESTA A TIERRA DE LA FACULTAD DE CIENCIAS AGROPECUARIAS Y AMBIENTALES', '2017-01-01-AMC-000071.pdf', 8, 7, 3, 1),
(72, '2017-06-16', 'INFORME FINAL PRESENTADO COMO REQUISITO PREVIO A LA \r\nOBTENCIN DEL TTULO DE INGENIERO EN SISTEMAS INFORMTICOS ', '2017-06-16-ENOER-000072.pdf', 8, 7, 3, 1),
(73, '2017-06-04', 'DEMOSTRACIN DE LA CAPACIDAD DE CICLO POR INSTRUCCIN  PARA UNA CACHE DIRECTA UNIFICADA CON POST-ESCRITURA DE 16KB Y TASA DE FALLOS DE 0.029 \r\n \r\n ', '2017-06-04-PRAZMA-000073.pdf', 8, 7, 3, 1),
(74, '2017-06-26', 'LEVANTAMIENTO DE REQUERIMIENTO PARA CONSTRUIR UN SOFTWARE \r\nEN UNA MICRO-EMPRESA DEDICADA A LA ELABORACION DE \r\nALIMENTOS. \r\n ', '2017-06-26-PVCX-0074', 8, 7, 3, 1),
(75, '0000-00-00', 'DISEO DE UNA APLICACIN SEGURA PARA LA GESTIN DE UNA BASE DE DATOS DE LOS ESTUDIANTES QUE SE ENCUENTRAN EN PROCESO DE TITULACIN', '-PAMJ-000075.pdf', 8, 7, 3, 1),
(76, '2017-06-26', 'DISEO DE UNA APLICACIN QUE PERMITA GESTIONAR UNA BITCORA \r\nELECTRNICA, DEL USO DE LOS LABORATORIOS ', '2017-06-26-PAMJ-000076.pdf', 8, 7, 3, 1),
(77, '2021-09-21', 'ARQUITECTURA DEL COMPUTADOR ', '2021-09-21-MCNX-000077.pdf', 9, 7, 3, 2),
(78, '2021-09-10', 'REDES I ', '2021-09-10-MCNX-000078.pdf', 9, 7, 3, 2),
(79, '2020-08-13', 'SILABO DE LA ASIGNATURA PROGRAMACIN II DE TERCER NIVEL DE LA CARRERA EN TECNOLOGA DE LA INFORMACIN', '2020-08-13-CGFL-0079', 9, 8, 4, 1),
(80, '2022-02-01', 'GUA DE APRENDIZAJE DE LA ASIGNATURA FUNDAMENTOS DE PROGRAMACIN', '2022-02-01-FQSA-000080.pdf', 10, 8, 4, 2),
(81, '2017-06-26', 'DISEO DE BASE DE DATOS PARA EL DEPARTAMENTO DE BIENESTAR UNIVERSITARIO DE LA UNIVERSIDAD TECNICA LUIS VARGAS TORRES EXTENSION LA CONCORDIA QUE PERMITA DAR SEGUIMIENTO A LA FICHA SOCIO ECONOMICA DEL ', '2017-06-26-BVJA-000081.pdf', 8, 8, 4, 2),
(82, '2017-06-26', 'DISEO DE UNA BASE DE DATOS PARA EL SEGUIMIENTO DE DOCUMENTOS PRESENTADOS POR LOS DOCENTES EN LA SECRETARA DE LA UNIVERSIDAD TCNICA LUIS VARGAS TORRES  EXTENSIN - LA CONCORDIA', '-CAAMA-000082.pdf', 8, 8, 4, 2),
(83, '2019-03-01', 'SISTEMA INFORMTICO PARA EL PROCESO ENSEANZA-APRENDIZAJE Y  RESOLUCIN DE EJERCICIOS DE MTODOS NUMRICOS Y CLASIFICADORES  PARA LA UNIVERSIDAD TCNICA \"LUIS VARGAS TORRES\" DE ESMERALDAS', '2019-03-01-QMDE-00083.pdf', 8, 8, 4, 2),
(84, '0000-00-00', 'ATENCIN AL CLIENTE EN EL HOTEL EL TIBURN CANTN ATACAMES, PROVINCIA DE ESMERALDAS', '-QTEL-00084.pdf', 7, 8, 4, 1),
(85, '2020-11-17', 'ATENCIN AL CLIENTE EN EL HOTEL EL TIBURN CANTN ATACAMES, PROVINCIA DE ESMERALDAS', '2020-11-17-QTEL-00085.pdf', 7, 8, 4, 1),
(92, '2020-11-16', 'ESTUDIO DE FACTIBILIDAD PARA LA PRODUCCIN Y COMERCIALIZACIN DE UTENSILIOS BIODEGRADABLES HECHOS CON HOJAS DE PLTANO', '2020-11-16-MBKJ-00092.pdf', 7, 8, 4, 1),
(93, '2020-11-16', 'ESTUDIO DE FACTIBILIDAD PARA LA PRODUCCIN Y COMERCIALIZACIN DE UTENSILIOS BIODEGRADABLES HECHOS CON HOJAS DE PLTANO', '2020-11-16-MBKJ-00093.pdf', 7, 8, 4, 2),
(94, '2020-11-14', 'CREACIN DE UNA MICRO EMPRESA DESTINADA A LA\r\nELABORACIN Y COMERCIALIZACIN DE PRODUCTOS DE\r\nSOYA EN LA CIUDAD DE ESMERALDAS.', '2020-11-14-ABVA-00094.pdf', 7, 8, 4, 2),
(95, '2020-10-20', 'ESTUDIO DE FACTIBILIDAD PARA  LA CREACIN DE UNA EMPRESA  PRODUCTORA Y COMERIALIZADORA  DE LAMPARAS DE BAMB, EN LA CIUDAD DE ESMERALDAS', '2020-10-20-SAVA-00095.pdf', 7, 8, 4, 2),
(96, '2020-10-28', 'DESARROLLO DE UN PLAN DE MARKETING COMO ESTRATEGIA, QUE PERMITA MEJORARA LA COMERCIALIZACIN DE MIEL DE ABEJA EN PEQUEAS APICULTORES DE LA PARROQUIA LA CHIQUITA SAN LORENZO PROVINCIA DE ESMERALDAS ', '2020-10-28-MRKJ-000096.pdf', 7, 8, 4, 2),
(97, '2020-10-08', 'ELABORACIN Y COMERCIALIZACIN DE CARAMELOS ARTESANALES A BASE DE EXTRACTO DE MANZANA Y ZANAHORIA, CON UN TOQUE DE PANELA EN LA CIUDAD DE ESMERALDAS', '2020-10-08-ABEL-00097.pdf', 7, 8, 4, 2),
(98, '2020-10-22', 'DIAGNSTICO PARA MEJORAR LA DELEGACIN DE FUNCIONES EN EL AREA DE CONTROL DE CARGA FINAL DE LA EMPRESA AUTORIDAD PORTUARIA DE ESMERALDAS ', '2020-10-22-GAJA-000098.pdf', 7, 8, 4, 2),
(99, '2019-06-21', 'SISTEMA BIOMTRICO PARA EL CONTROL DE ASISTENCIA DE LOS ESTUDIANTES DE LA BRIGADA DE CULTURA PERTENECIENTE A LA UNIDAD EDUCATIVA FAUSTO MOLINA.', '2019-06-21-QCAJ-00099.pdf', 8, 8, 4, 1),
(100, '2019-03-01', 'SISTEMA QUE CONTROLE LAS ORDENES DE PEDIDO DE LA IMPRENTA IMPRESIONES SAGRADO CORAZN EN LA PROVINCIA DE ESMERALDAS', '2019-03-01-VOJX-00100.pdf', 8, 8, 4, 1),
(101, '2019-07-12', 'SISTEMA INTELIGENTE CON TECNOLOGIA DE IDENTIFICACION POR RADIO\r\nFRECUENCIA(RFID) PARA EL REGISTRO Y CONTROL DE APERTURA DE CERRADURA ELECTRICA', '2019-07-12-DZDE-00101.pdf', 8, 8, 4, 1),
(102, '2019-08-23', 'SISTEMA DE CONTROL Y SEGUIMIENTO DE LOS CONCURSOS DE OPOSICIN DE LA\r\nUNIVERSIDAD TCNICA LUIS VARGAS TORRES DE ESMERALDAS', '2019-08-23-RDBJ-00102.pdf', 8, 8, 4, 1),
(103, '2019-08-23', 'DESARROLLO DE UN SISTEMA WEB PARA LA\r\nENSEANZA A LOS NIOS CON PROBLEMAS DE APRENDIZAJE EN EL\r\nREA LENGUA Y LITERATURA DE SEGUNDO AO BSICA', '2019-08-23-QRYL-00103.pdf', 8, 8, 4, 1),
(104, '2019-08-23', 'SISTEMA DE CREACIN DE DOCUMENTOS A TRAVS DE PLANTILLAS ELECTRNICAS\r\nESTNDARIZADAS PARA EL DEPARTAMENTO DE SECRETARA DE LA\r\nUNIDAD EDUCATIVA FISCAL ELOY ALFARO DE ESMERALDAS', '2019-08-23-PBNS-00104.pdf', 8, 8, 4, 1),
(105, '2019-09-02', 'SISTEMA INFORMTICO PARA LA FASE DE MRITOS DE CONCURSOS DE DOCENTES DE LA UNIVERSIDAD TCNICA LUIS VARGAS TORRES DE ESMERALDAS', '2019-09-02-PCNC-00105.pdf', 8, 8, 4, 1),
(106, '2019-08-22', 'SISTEMA WEB INTERACTIVO PARA LA PRCTICA Y APRENDIZAJE DE LAS OPERACIONES BSICAS DE LAS MATEMTICAS DE SEGUNDO A CUARTO AO DE EDUCACIN BSICA', '2019-08-22-OCSM-00106.pdf', 8, 8, 4, 1),
(107, '2019-07-01', 'GESTION DE INFORMACION PARA LA COOPERATIVA DE TAXIS SU AMIGO', '2019-07-01-MMEA-00107.pdf', 8, 8, 4, 1),
(108, '2020-09-23', 'PLAN DE NEGOCIO PARA LA PRODUCCIN Y COMERCIALIZACIN DE LICOR DE\r\nMARACUY (PASSION FRUIT) EN EL CANTN ESMERALDAS', '2020-09-23-ACPA-00108.pdf', 7, 8, 4, 1),
(109, '2020-09-14', 'DIAGNSTICO A LA ACTIVIDAD COMERCIAL DELA\r\nEMPRESA MULTISERVICIOS GRAN PRIX EN EL REA DE INVENTARIOS\r\nDE LA CIUDAD DE ESMERALDAS,DIAGNSTICO A LA ACTIVIDAD COMERCIAL DELA\r\nEMPRESA MULTISERVICIOS G', '2020-09-14-PAEG-00109.pdf', 7, 8, 4, 1),
(110, '2020-10-20', 'ESTUDIO DE FACTIBILIDAD PARA LA COMERCIALIZACIN DE CONCHA\r\nPRIETA (ANADARA TUBERCULOSA), EMPACADA EN SU JUGO AL VACO EN EL\r\nCANTN ESMERALDAS', '2020-10-20-BCBG-00110.pdf', 7, 8, 4, 1),
(111, '2020-10-20', 'ESTUDIO DE FACTIBILIDAD PARA LA COMERCIALIZACIN DE CONCHA\r\nPRIETA (ANADARA TUBERCULOSA), EMPACADA EN SU JUGO AL VACO EN EL\r\nCANTN ESMERALDAS', '2020-10-20-BCBG-00111.pdf', 7, 8, 4, 1),
(112, '2020-10-20', 'ESTUDIO DE FACTIBILIDAD PARA LA COMERCIALIZACIN DE CONCHA\r\nPRIETA (ANADARA TUBERCULOSA), EMPACADA EN SU JUGO AL VACO EN EL\r\nCANTN ESMERALDAS', '2020-10-20-BCBG-00112.pdf', 7, 8, 4, 2),
(113, '2020-11-17', 'PRODUCCIN DE SORBETES BIODEGRADABLES EN EL CANTN DE ESMERALDAS', '2020-11-17-QKAH-00113.pdf', 7, 8, 4, 1),
(114, '2020-10-14', 'ESTUDIO DE FACTIBILIDAD PARA LA PRODUCCIN Y COMERCIALIZACIN DE CEPILLOS DE DIENTES ECOLGICOS DE BAMB EN LA CIUDAD DE ESMERALDAS', '2020-10-14-MVNC-00114.pdf', 7, 8, 4, 1),
(115, '2019-12-17', 'PALN DE NEGOCIO PARA LA ELABORACION Y COMRCIALIZACION DE TORTAS A BASE DE HARINAS DE CHONTADURO EN LA CIUDAD DE EMERALDAS ', '2019-12-17-QJSJ-00115.pdf', 7, 8, 4, 1),
(116, '2020-11-26', 'ANLISIS DEL COMERCIO ELECTRNICO APLICADO AL SISTEMA DE RESERVACIONES DEL HOTEL EL TIBURN DEL CANTN ATACAMES, PROVINCIA DE ESMERALDAS', '2020-11-26-CMDM-00116.pdf', 7, 8, 4, 1),
(117, '2020-09-20', 'SISTEMA DE CONTROL DE ASISTENCIA POR\r\nRECONOCIMIENTO FACIAL PARA EL PROGRAMA DE PARTICIPACIN ESTUDIANTIL DE LA UNIDAD EDUCATIVA 16 DE OCTUBRE DEL CANTN ELOY ALFARO.', '2020-09-20-MRMD-00117.pdf', 11, 8, 4, 1),
(118, '2020-09-20', 'DESARROLLO DE UN SISTEMA DE MONITOREO DE CALIDAD DEL AGUA UTILIZANDO ARDUINO, MYSQL, PHP PARA PISCINAS CAMARONERAS', '2020-09-20-MMYR-00118.pdf', 11, 8, 4, 1),
(119, '2017-07-20', 'DISEO DE UNA SOLUCIN QUE PERMITA GESTIONAR MATRCULA DE\r\nLOS LA AUTOMATIZACIN ESTUDIANTES DE LA  DEL REGISTRO UNIDAD DE\r\nEDUCATIVA FISCOMISIONAL DON BOSCO DE LA CIUDAD DE ESMERALDAS.', '2017-07-20-CMC-00119.pdf', 12, 8, 4, 1),
(120, '2017-06-26', 'DISEO DE UN SISTEMA AUTOMATIZADO DEL CONTROL DEL ESPACIO\r\nDISPONIBLE PARA LOS AUTOMVILES DEL PARQUEADERO DE LA UTELVT', '2017-06-26-GCKH-00120.pdf', 12, 8, 4, 1),
(121, '2017-09-13', 'DISEO DE UN SITIO WEB PARA LA UNIDAD EDUCATIVA NUEVO ECUADOR\r\nDE ESMERALDAS', '2017-09-13-RMCN-00121.pdf', 12, 8, 4, 1),
(122, '2017-06-26', 'DISEO DE UN SITIO WEB PARA EL CONTROL DE SEGUIMIENTO A\r\nGRADUADOS DE LA FACULTAD DE INGENIERAS Y TECNOLOGAS DE LA\r\nUNIVERSIDAD TCNICA LUIS VARGAS TORRES.', '2017-06-26-ROMD-00122.pdf', 12, 8, 4, 1),
(123, '2020-09-20', 'DESARROLLO DE UN SISTEMA DE VOTACION ELECTRONICO PARA LAS\r\nELECCIONES ESTUDIANTILES DE LA UTLVTE', '2020-09-20-PMGP-00123.pdf', 12, 8, 4, 1),
(124, '2020-09-20', 'IMPLEMENTACIN DE UN SISTEMA MONITORIZADO DE CMARAS DE SEGURIDAD PARA EL CONTROL DE LOS LABORATORIOS DE COMPUTACIN 1 Y 2 DE LA CARRERA DE INGENIERA EN TECNOLOGAS DE LA INFORMACIN', '2020-09-20-GGKA-00124.pdf', 12, 8, 4, 1),
(125, '2020-09-20', 'SISTEMA INFORMTICO PARA EL MANEJO DE RECURSOS FSICOS EN EL DEPARTAMENTO DE ASISTENCIA ACADMICA DE LA FACI EN LA UNIVERSIDAD TCNICA LUIS VARGAS TORRES', '2020-09-20-SCAP-00125.pdf', 12, 8, 4, 1),
(126, '2020-09-20', 'DESARROLLO DE UNA PLATAFORMA WEB PARA LA GESTION DE\r\nAPRENDIZAJE EN LA UNIVERSIDAD TCNICA DE ESMERALDAS LUIS\r\nVARGAS TORRES.', '2020-09-20-SCSD-00126.pdf', 12, 8, 4, 1),
(127, '2020-09-05', 'DESARROLLO DE UNA APLICACIN MVIL CON GEOLOCALIZACIN PARA EL CONTROL DE SERVICIOS Y PEDIDOS A DOMICILIO', '2020-09-05-ICMA-00127.pdf', 12, 8, 4, 1),
(128, '2022-03-14', 'MODEL DE CERTIFICADO PARA CURSO DE GIT HUB', '2022-03-14-FQSA-00128.pdf', 13, 8, 4, 2),
(134, '2022-03-25', 'CERTIFICADO - FUNDAMENTOS GITHUB GIT', '2022-03-25-FCIR-00134.pdf', 14, 8, 4, 1),
(135, '2022-03-25', 'CERTIFICADO - FUNDAMENTOS GITHUB GIT', '2022-03-25-FQSA-00135.pdf', 14, 8, 4, 1),
(136, '2022-03-25', 'CERTIFICADO - FUNDAMENTOS GITHUB GIT', '2022-03-25-FQSA-00136.pdf', 14, 8, 4, 1),
(137, '2022-03-25', 'CERTIFICADO - FUNDAMENTOS GITHUB GIT', '2022-03-25-FQSA-00137.pdf', 14, 8, 4, 1),
(138, '2022-03-25', 'CERTIFICADO - FUNDAMENTOS GITHUB GIT', '2022-03-25-FQSA-00138.pdf', 14, 8, 4, 1),
(139, '2022-03-25', 'CERTIFICADO - FUNDAMENTOS GITHUB GIT', '2022-03-25-FQSA-00139.pdf', 14, 8, 4, 1),
(140, '2022-03-25', 'CERTIFICADO - FUNDAMENTOS GITHUB GIT', '2022-03-25-FQSA-00140.pdf', 14, 8, 4, 1),
(141, '2022-03-25', 'CERTIFICADO - FUNDAMENTOS GITHUB GIT', '2022-03-25-FQSA-00141.pdf', 14, 8, 4, 1),
(142, '2022-03-25', 'CERTIFICADO - FUNDAMENTOS GITHUB GIT', '2022-03-25-FQSA-00142.pdf', 14, 8, 4, 1),
(143, '2022-03-25', 'CERTIFICADO - FUNDAMENTOS GITHUB GIT', '2022-03-25-FQSA-00143.pdf', 14, 8, 4, 1),
(144, '2022-03-25', 'CERTIFICADO - FUNDAMENTOS GITHUB GIT', '2022-03-25-FQSA-00144.pdf', 14, 8, 4, 1),
(145, '2022-03-25', 'CERTIFICADO - FUNDAMENTOS GITHUB GIT', '2022-03-25-MCNJ-00145.pdf', 14, 8, 4, 1),
(149, '2020-03-20', 'DESARROLLO DE UNA APLICACION WED CLIENTE DE DIAGNOSTICO MECANICO Y POSIBLES SOLUCIONES PARA DEL TALLER DE SERVICIO AUTOMOTRIS ', '2020-03-20-RMSK-00149.pdf', 11, 8, 4, 1),
(158, '2019-07-12', 'SISTEMA DE GESTIN Y SEGUIMIENTO DE RDENES DE DESPACHO EN UN PROGRAMA WEB PARA LA EMPRESA TENARIS S.A ', '-MCNX-00158.pdf', 8, 8, 4, 1),
(171, '2022-03-25', 'CERTIFICADO - FUNDAMENTOS GITHUB GIT', '2022-03-25-ZNKN-00171.pdf', 14, 8, 4, 1),
(172, '2022-03-25', 'CERTIFICADO - FUNDAMENTOS GITHUB GIT', '2022-03-25-CZPM-00172.pdf', 14, 8, 4, 1),
(173, '2022-03-25', 'CERTIFICADO - FUNDAMENTOS GITHUB GIT', '2022-03-25-ACMM-00173.pdf', 14, 8, 4, 1),
(174, '2022-03-25', 'CERTIFICADO - FUNDAMENTOS GITHUB GIT', '2022-03-25-ACJP-00174.pdf', 14, 8, 4, 1),
(175, '2022-04-04', 'CERTIFICADO MODELO PARA EL CURSO DE NUMEROS', '2022-04-04-FQSA-00175.pdf', 13, 8, 4, 1),
(176, '2022-04-15', 'CERTIFICADO - curso: Representacion de los numeroro', '2022-04-15-FQFR-00176.pdf', 13, 8, 4, 1),
(177, '2022-04-15', 'CERTIFICADO - curso: Representacion de los numeroro', '2022-04-15-FQFR-00177.pdf', 13, 8, 4, 1),
(178, '2022-04-04', 'PLANTILLA DE CERTIFICADO ARMADA', '2022-04-04-FQSA-00178.pdf', 13, 8, 4, 1),
(179, '2022-04-14', 'CERTIFICADO - Jornada Virtual de fortalecimiento de la EGB y BGU en intereses maritimos', '2022-04-14-ABMDL-00179.pdf', 13, 8, 4, 1),
(180, '2022-04-14', 'CERTIFICADO - Jornada Virtual de fortalecimiento de la EGB y BGU en intereses maritimos', '2022-04-14-VOJX-00180.pdf', 13, 8, 4, 1),
(181, '2022-04-14', 'CERTIFICADO - Jornada Virtual de fortalecimiento de la EGB y BGU en intereses maritimos', '2022-04-14-CMC-00181.pdf', 13, 8, 4, 1),
(182, '2022-04-14', 'CERTIFICADO - Jornada Virtual de fortalecimiento de la EGB y BGU en intereses maritimos', '2022-04-14-FBMT-00182.pdf', 13, 8, 4, 1),
(183, '2022-04-14', 'CERTIFICADO - Jornada Virtual de fortalecimiento de la EGB y BGU en intereses maritimos', '2022-04-14-BCWG-00183.pdf', 13, 8, 4, 1),
(184, '2022-03-25', 'CERTIFICADO - FUNDAMENTOS GITHUB GIT', '2022-03-25-ZVPT-00184.pdf', 14, 8, 4, 1),
(185, '2022-04-14', 'CERTIFICADO - Jornada Virtual de fortalecimiento de la EGB y BGU en intereses maritimos', '2022-04-14-ZVPT-00185.pdf', 13, 8, 4, 1),
(186, '2022-04-14', 'CERTIFICADO - Jornada Virtual de fortalecimiento de la EGB y BGU en intereses maritimos', '2022-04-14-MIGE-00186.pdf', 13, 8, 4, 1),
(187, '2022-04-14', 'CERTIFICADO - Jornada Virtual de fortalecimiento de la EGB y BGU en intereses maritimos', '2022-04-14-VARO-00187.pdf', 13, 8, 4, 1),
(188, '2022-07-29', 'CERTIFICADO - CURSO-2021-2S-PB-FUNDPROG', '2022-07-29-ACMM-00188.pdf', 13, 8, 4, 1),
(189, '2022-04-19', 'MODELO DE CERTIFICADO PARA CURSO DE FUNDAMENTOS DE PROGRAMACION', '2022-04-19-FQSA-00189.pdf', 13, 8, 4, 1),
(190, '2022-07-29', 'CERTIFICADO - CURSO-2021-2S-PB-FUNDPROG', '2022-07-29-BGKD-00190.pdf', 13, 8, 4, 1),
(191, '2022-04-23', 'CERTIFICADO - EXCEL BASICOS, INTERMEDIO Y AVANZADO', '2022-04-23-MCNJ-00191.pdf', 13, 8, 4, 1),
(192, '2022-07-29', 'CERTIFICADO - CURSO-2021-2S-PB-FUNDPROG', '2022-07-29-BNSM-00192.pdf', 13, 8, 4, 1),
(193, '2022-07-29', 'CERTIFICADO - CURSO-2021-2S-PB-FUNDPROG', '2022-07-29-CMDS-00193.pdf', 13, 8, 4, 1),
(194, '2022-07-29', 'CERTIFICADO - CURSO-2021-2S-PB-FUNDPROG', '2022-07-29-IHEJ-00194.pdf', 13, 8, 4, 1),
(195, '2022-07-29', 'CERTIFICADO - CURSO-2021-2S-PB-FUNDPROG', '2022-07-29-CCIC-00195.pdf', 13, 8, 4, 1),
(196, '2022-07-29', 'CERTIFICADO - CURSO-2021-2S-PB-FUNDPROG', '2022-07-29-AEKS-00196.pdf', 13, 8, 4, 1),
(197, '2022-04-20', 'PROGRAMA DE MAESTRIA EN TIC', '2022-04-20-FQSA-00197.pdf', 15, 8, 4, 1),
(198, '2022-07-29', 'CERTIFICADO - CURSO-2021-2S-PB-FUNDPROG', '2022-07-29-VCKI-00198.pdf', 13, 8, 4, 1),
(199, '2022-04-14', 'CERTIFICADO - Jornada Virtual de fortalecimiento de la EGB y BGU en intereses maritimos', '2022-04-14-RBAS-00199.pdf', 13, 8, 4, 1),
(200, '2022-04-14', 'CERTIFICADO - Jornada Virtual de fortalecimiento de la EGB y BGU en intereses maritimos', '2022-04-14-MCDM-00200.pdf', 13, 8, 4, 1),
(201, '2022-07-29', 'CERTIFICADO - CURSO-2021-2S-PB-FUNDPROG', '2022-07-29-CMEJ-00201.pdf', 13, 8, 4, 1),
(202, '2022-04-14', 'CERTIFICADO - Jornada Virtual de fortalecimiento de la EGB y BGU en intereses maritimos', '2022-04-14-JCRS-00202.pdf', 13, 8, 4, 1),
(203, '2022-04-25', 'MODELO DE CERTIFICADO PARA EL CURSO DE EXCEL DICTADO AL ECU 911', '2022-04-25-FQSA-00203.pdf', 13, 8, 4, 1),
(204, '2022-04-23', 'CERTIFICADO - Curso de Excel - bsico, intermedio y avanzado', '2022-04-23-LSSK-00204.pdf', 13, 8, 4, 1),
(205, '2022-04-23', 'CERTIFICADO - Curso de Excel - bsico, intermedio y avanzado', '2022-04-23-ODVA-00205.pdf', 13, 8, 4, 1),
(206, '2022-05-03', 'MANUAL METODOLOGA DE LA INVESTIGACIN PARA TITULACIN', '2022-05-03-FQSA-00206.pdf', 10, 8, 4, 1),
(207, '2022-04-27', 'Informe de la ctedra integradora Metodologa de la Investigacin dictada en el periodo 2021-2S para el proceso de titulacin.', '2022-04-27-FQSA-00207.pdf', 16, 8, 4, 1),
(208, '2022-05-04', 'MODELO DE CERTIFICADO PARA WEBINAR SOBRE GITHUB Y LATEX PARA LA TITULACION 2022', '2022-05-04-FQSA-00208.pdf', 13, 8, 4, 1),
(209, '2022-05-04', 'GUIA PARA WEBINAR SOBRE GITHUB Y LATEX', '2022-05-04-FQSA-00209.pdf', 10, 8, 4, 1),
(210, '2022-05-03', 'CERTIFICADO - Webinar sobre conceptos bsicos de LaTeX y GITHUB', '2022-05-03-GMKA-00210.pdf', 13, 8, 4, 1),
(211, '2022-05-03', 'CERTIFICADO - Webinar sobre conceptos bsicos de LaTeX y GITHUB', '2022-05-03-GBJJ-00211.pdf', 13, 8, 4, 1),
(212, '2022-05-03', 'CERTIFICADO - Webinar sobre conceptos bsicos de LaTeX y GITHUB', '2022-05-03-FQSA-00212.pdf', 13, 8, 4, 1),
(213, '2022-05-03', 'CERTIFICADO - Webinar sobre conceptos bsicos de LaTeX y GITHUB', '2022-05-03-GMCI-00213.pdf', 13, 8, 4, 1),
(214, '2022-05-03', 'CERTIFICADO - Webinar sobre conceptos bsicos de LaTeX y GITHUB', '2022-05-03-IHJY-00214.pdf', 13, 8, 4, 1),
(215, '2022-05-03', 'CERTIFICADO - Webinar sobre conceptos bsicos de LaTeX y GITHUB', '2022-05-03-LPCE-00215.pdf', 13, 8, 4, 1),
(216, '2022-05-03', 'CERTIFICADO - Webinar sobre conceptos bsicos de LaTeX y GITHUB', '2022-05-03-MMIC-00216.pdf', 13, 8, 4, 1),
(217, '2022-05-03', 'CERTIFICADO - Webinar sobre conceptos bsicos de LaTeX y GITHUB', '2022-05-03-MVJV-00217.pdf', 13, 8, 4, 1),
(218, '2022-05-03', 'CERTIFICADO - Webinar sobre conceptos bsicos de LaTeX y GITHUB', '2022-05-03-ZNLV-00218.pdf', 13, 8, 4, 1),
(219, '2022-05-03', 'CERTIFICADO - Webinar sobre conceptos bsicos de LaTeX y GITHUB', '2022-05-03-LSNMF-00219.pdf', 13, 8, 4, 1),
(220, '2022-05-03', 'CERTIFICADO - Webinar sobre conceptos bsicos de LaTeX y GITHUB', '2022-05-03-RNA-00220.pdf', 13, 8, 4, 1),
(221, '2022-05-03', 'CERTIFICADO - Webinar sobre conceptos bsicos de LaTeX y GITHUB', '2022-05-03-PBMJ-00221.pdf', 13, 8, 4, 1),
(222, '2022-05-13', 'MODELO DE CERTIFICADO PARA TALLER DE MANTENIMIENTO DE COMPUTADORA', '2022-05-13-FQSA-00222.pdf', 13, 8, 4, 1),
(223, '2022-05-13', 'CERTIFICADO - Mantenimiento de Laboratorios de computacin', '2022-05-13-BGVC-00223.pdf', 13, 8, 4, 1),
(224, '2022-05-03', 'CERTIFICADO - Webinar sobre conceptos bsicos de LaTeX y GITHUB', '2022-05-03-CRAG-00224.pdf', 13, 8, 4, 1),
(227, '2022-05-27', 'CERTIFICADO - Jornadas virtuales de fortalecimiento de la EGB y BGU de Esmeraldas en propuestas educativas vinculadas a los intereses maritimos', '2022-05-27-CRAG-00227.pdf', 13, 8, 4, 1),
(228, '2022-05-27', 'CERTIFICADO - Jornadas virtuales de fortalecimiento de la EGB y BGU de Esmeraldas en propuestas educativas vinculadas a los intereses maritimos', '2022-05-27-PVJ-00228.pdf', 13, 8, 4, 1),
(229, '2022-05-13', 'CERTIFICADO - Mantenimiento de Laboratorios de computacin', '2022-05-13-SMTJ-00229.pdf', 13, 8, 4, 1),
(230, '2022-05-13', 'CERTIFICADO - Mantenimiento de Laboratorios de computacin', '2022-05-13-ZOW-00230.pdf', 13, 8, 4, 1),
(231, '2022-05-13', 'CERTIFICADO - Mantenimiento de Laboratorios de computacin', '2022-05-13-MCNJ-00231.pdf', 13, 8, 4, 1),
(232, '2022-06-03', 'CERTIFICADO - Jornadas virtuales de fortalecimiento de la EGB y BGU de Esmeraldas en propuestas educativas vinculadas a los intereses maritimos', '2022-06-03-CRAG-00232.pdf', 13, 8, 4, 1),
(233, '2022-05-13', 'CERTIFICADO - Mantenimiento de Laboratorios de computacin', '2022-05-13-FQSA-00233.pdf', 13, 8, 4, 1),
(234, '2022-05-13', 'CERTIFICADO - Mantenimiento de Laboratorios de computacin', '2022-05-13-AMJA-00234.pdf', 13, 8, 4, 1),
(235, '2022-05-13', 'CERTIFICADO - Mantenimiento de Laboratorios de computacin', '2022-05-13-CEJA-00235.pdf', 13, 8, 4, 1),
(236, '2022-05-13', 'CERTIFICADO - Mantenimiento de Laboratorios de computacin', '2022-05-13-JLJJ-00236.pdf', 13, 8, 4, 1),
(237, '2022-05-13', 'CERTIFICADO - Mantenimiento de Laboratorios de computacin', '2022-05-13-MGCD-00237.pdf', 13, 8, 4, 1),
(238, '2022-05-13', 'CERTIFICADO - Mantenimiento de Laboratorios de computacin', '2022-05-13-RCJJ-00238.pdf', 13, 8, 4, 1),
(239, '2022-06-20', 'Registro de ttulo Senescyt de RIVERA BAZAN  GEOVANY', '2022-06-20-RBG-00239.pdf', 17, 8, 4, 1),
(240, '2022-06-03', 'CERTIFICADO - Jornadas virtuales educativas vinculadas a los intereses maritimos', '2022-06-03-CCSM-00240.pdf', 13, 8, 4, 1),
(241, '2022-06-03', 'CERTIFICADO - Jornadas virtuales educativas vinculadas a los intereses maritimos', '2022-06-03-AHFG-00241.pdf', 13, 8, 4, 1),
(242, '2022-06-03', 'CERTIFICADO - Jornadas virtuales educativas vinculadas a los intereses maritimos', '2022-06-03-FACY-00242.pdf', 13, 8, 4, 1),
(243, '2022-06-03', 'CERTIFICADO - Jornadas virtuales educativas vinculadas a los intereses maritimos', '2022-06-03-PTCA-00243.pdf', 13, 8, 4, 1),
(244, '2022-06-03', 'CERTIFICADO - Jornadas virtuales educativas vinculadas a los intereses maritimos', '2022-06-03-ECCE-00244.pdf', 13, 8, 4, 1),
(245, '2022-06-03', 'CERTIFICADO - Jornadas virtuales educativas vinculadas a los intereses maritimos', '2022-06-03-TCJA-00245.pdf', 13, 8, 4, 1),
(246, '2022-06-03', 'CERTIFICADO - Jornadas virtuales educativas vinculadas a los intereses maritimos', '2022-06-03-EGDP-00246.pdf', 13, 8, 4, 1),
(247, '2022-06-03', 'CERTIFICADO - Jornadas virtuales educativas vinculadas a los intereses maritimos', '2022-06-03-CTAJ-00247.pdf', 13, 8, 4, 1),
(248, '2022-06-03', 'CERTIFICADO - Jornadas virtuales educativas vinculadas a los intereses maritimos', '2022-06-03-RUPDR-00248.pdf', 13, 8, 4, 1),
(249, '2022-06-03', 'CERTIFICADO - Jornadas virtuales educativas vinculadas a los intereses maritimos', '2022-06-03-CUEE-00249.pdf', 13, 8, 4, 1),
(250, '2022-06-03', 'CERTIFICADO - Jornadas virtuales educativas vinculadas a los intereses maritimos', '2022-06-03-ACFM-00250.pdf', 13, 8, 4, 1),
(251, '2022-06-03', 'CERTIFICADO - Jornadas virtuales educativas vinculadas a los intereses maritimos', '2022-06-03-MCGA-00251.pdf', 13, 8, 4, 1),
(252, '2022-06-03', 'CERTIFICADO - Jornadas virtuales educativas vinculadas a los intereses maritimos', '2022-06-03-RRAR-00252.pdf', 13, 8, 4, 1),
(253, '2022-06-03', 'CERTIFICADO - Jornadas virtuales educativas vinculadas a los intereses maritimos', '2022-06-03-RMDDJ-00253.pdf', 13, 8, 4, 1),
(254, '2022-06-03', 'CERTIFICADO - Jornadas virtuales educativas vinculadas a los intereses maritimos', '2022-06-03-GDVG-00254.pdf', 13, 8, 4, 1),
(255, '2022-06-03', 'CERTIFICADO - Jornadas virtuales educativas vinculadas a los intereses maritimos', '2022-06-03-MJLA-00255.pdf', 13, 8, 4, 1),
(256, '2022-06-03', 'CERTIFICADO - Jornadas virtuales educativas vinculadas a los intereses maritimos', '2022-06-03-VMJA-00256.pdf', 13, 8, 4, 1),
(257, '2022-06-03', 'CERTIFICADO - Jornadas virtuales educativas vinculadas a los intereses maritimos', '2022-06-03-HTSY-00257.pdf', 13, 8, 4, 1),
(258, '2022-06-03', 'CERTIFICADO - Jornadas virtuales educativas vinculadas a los intereses maritimos', '2022-06-03-DMVE-00258.pdf', 13, 8, 4, 1),
(259, '2022-06-03', 'CERTIFICADO - Jornadas virtuales educativas vinculadas a los intereses maritimos', '2022-06-03-GMJL-00259.pdf', 13, 8, 4, 1),
(260, '2022-06-03', 'CERTIFICADO - Jornadas virtuales educativas vinculadas a los intereses maritimos', '2022-06-03-MPVE-00260.pdf', 13, 8, 4, 1),
(261, '2022-06-03', 'CERTIFICADO - Jornadas virtuales educativas vinculadas a los intereses maritimos', '2022-06-03-TLFY-00261.pdf', 13, 8, 4, 1),
(262, '2022-06-03', 'CERTIFICADO - Jornadas virtuales educativas vinculadas a los intereses maritimos', '2022-06-03-DANDR-00262.pdf', 13, 8, 4, 1),
(263, '2022-06-03', 'CERTIFICADO - Jornadas virtuales educativas vinculadas a los intereses maritimos', '2022-06-03-QAHJ-00263.pdf', 13, 8, 4, 1),
(264, '2022-06-03', 'CERTIFICADO - Jornadas virtuales educativas vinculadas a los intereses maritimos', '2022-06-03-QCAJ-00264.pdf', 13, 8, 4, 1),
(265, '2022-06-03', 'CERTIFICADO - Jornadas virtuales educativas vinculadas a los intereses maritimos', '2022-06-03-QCAP-00265.pdf', 13, 8, 4, 1),
(266, '2022-06-03', 'CERTIFICADO - Jornadas virtuales educativas vinculadas a los intereses maritimos', '2022-06-03-CVDA-00266.pdf', 13, 8, 4, 1),
(267, '2022-06-03', 'CERTIFICADO - Jornadas virtuales educativas vinculadas a los intereses maritimos', '2022-06-03-CTSM-00267.pdf', 13, 8, 4, 1),
(268, '2022-06-03', 'CERTIFICADO - Jornadas virtuales educativas vinculadas a los intereses maritimos', '2022-06-03-QPAV-00268.pdf', 13, 8, 4, 1),
(269, '2022-06-03', 'CERTIFICADO - Jornadas virtuales educativas vinculadas a los intereses maritimos', '2022-06-03-TOME-00269.pdf', 13, 8, 4, 1),
(270, '2022-06-03', 'CERTIFICADO - Jornadas virtuales educativas vinculadas a los intereses maritimos', '2022-06-03-CQRY-00270.pdf', 13, 8, 4, 1),
(271, '2022-06-03', 'CERTIFICADO - Jornadas virtuales educativas vinculadas a los intereses maritimos', '2022-06-03-OQMF-00271.pdf', 13, 8, 4, 1),
(272, '2022-06-03', 'CERTIFICADO - Jornadas virtuales educativas vinculadas a los intereses maritimos', '2022-06-03-MRCF-00272.pdf', 13, 8, 4, 1),
(273, '2022-06-03', 'CERTIFICADO - Jornadas virtuales educativas vinculadas a los intereses maritimos', '2022-06-03-SCLC-00273.pdf', 13, 8, 4, 1),
(274, '2022-06-03', 'CERTIFICADO - Jornadas virtuales educativas vinculadas a los intereses maritimos', '2022-06-03-GOWE-00274.pdf', 13, 8, 4, 1),
(275, '2022-06-03', 'CERTIFICADO - Jornadas virtuales educativas vinculadas a los intereses maritimos', '2022-06-03-MVFD-00275.pdf', 13, 8, 4, 1),
(276, '2022-06-03', 'CERTIFICADO - Jornadas virtuales educativas vinculadas a los intereses maritimos', '2022-06-03-PGJN-00276.pdf', 13, 8, 4, 1),
(277, '2022-06-03', 'CERTIFICADO - Jornadas virtuales educativas vinculadas a los intereses maritimos', '2022-06-03-ELEW-00277.pdf', 13, 8, 4, 1),
(278, '2022-06-03', 'CERTIFICADO - Jornadas virtuales educativas vinculadas a los intereses maritimos', '2022-06-03-QMAM-00278.pdf', 13, 8, 4, 1),
(279, '2022-06-03', 'CERTIFICADO - Jornadas virtuales educativas vinculadas a los intereses maritimos', '2022-06-03-GOJB-00279.pdf', 13, 8, 4, 1),
(280, '2022-06-03', 'CERTIFICADO - Jornadas virtuales educativas vinculadas a los intereses maritimos', '2022-06-03-SGBE-00280.pdf', 13, 8, 4, 1),
(281, '2022-06-03', 'CERTIFICADO - Jornadas virtuales educativas vinculadas a los intereses maritimos', '2022-06-03-MMTA-00281.pdf', 13, 8, 4, 1),
(282, '2022-06-03', 'CERTIFICADO - Jornadas virtuales educativas vinculadas a los intereses maritimos', '2022-06-03-QRJZ-00282.pdf', 13, 8, 4, 1),
(283, '2022-06-03', 'CERTIFICADO - Jornadas virtuales educativas vinculadas a los intereses maritimos', '2022-06-03-DFGA-00283.pdf', 13, 8, 4, 1),
(284, '2022-06-03', 'CERTIFICADO - Jornadas virtuales educativas vinculadas a los intereses maritimos', '2022-06-03-AALE-00284.pdf', 13, 8, 4, 1),
(285, '2022-06-03', 'CERTIFICADO - Jornadas virtuales educativas vinculadas a los intereses maritimos', '2022-06-03-MEV-00285.pdf', 13, 8, 4, 1),
(286, '2022-06-03', 'CERTIFICADO - Jornadas virtuales educativas vinculadas a los intereses maritimos', '2022-06-03-PLXP-00286.pdf', 13, 8, 4, 1),
(287, '2022-06-03', 'CERTIFICADO - Jornadas virtuales educativas vinculadas a los intereses maritimos', '2022-06-03-LMSDP-00287.pdf', 13, 8, 4, 1),
(288, '2022-06-03', 'CERTIFICADO - Jornadas virtuales educativas vinculadas a los intereses maritimos', '2022-06-03-SKHA-00288.pdf', 13, 8, 4, 1),
(289, '2022-06-03', 'CERTIFICADO - Jornadas virtuales educativas vinculadas a los intereses maritimos', '2022-06-03-CAF-00289.pdf', 13, 8, 4, 1),
(290, '2022-06-03', 'CERTIFICADO - Jornadas virtuales educativas vinculadas a los intereses maritimos', '2022-06-03-EBC-00290.pdf', 13, 8, 4, 1),
(291, '2022-05-13', 'CERTIFICADO - Mantenimiento de Laboratorios de computacin', '2022-05-13-CAJO-00291.pdf', 13, 8, 4, 1),
(292, '2022-06-03', 'CERTIFICADO - Jornadas virtuales educativas vinculadas a los intereses maritimos', '2022-06-03-MCDJ-00292.pdf', 13, 8, 4, 1),
(293, '2022-06-03', 'CERTIFICADO - Jornadas virtuales educativas vinculadas a los intereses maritimos', '2022-06-03-MTOP-00293.pdf', 13, 8, 4, 1),
(294, '2022-06-03', 'CERTIFICADO - Jornadas virtuales educativas vinculadas a los intereses maritimos', '2022-06-03-CCID-00294.pdf', 13, 8, 4, 1),
(295, '2022-06-03', 'CERTIFICADO - Jornadas virtuales educativas vinculadas a los intereses maritimos', '2022-06-03-MENZ-00295.pdf', 13, 8, 4, 1),
(296, '2022-06-03', 'CERTIFICADO - Jornadas virtuales educativas vinculadas a los intereses maritimos', '2022-06-03-TAVX-00296.pdf', 13, 8, 4, 1),
(297, '2022-06-03', 'CERTIFICADO - Jornadas virtuales educativas vinculadas a los intereses maritimos', '2022-06-03-AAJP-00297.pdf', 13, 8, 4, 1),
(298, '2022-06-03', 'CERTIFICADO - Jornadas virtuales educativas vinculadas a los intereses maritimos', '2022-06-03-DBPL-00298.pdf', 13, 8, 4, 1),
(299, '2022-06-03', 'CERTIFICADO - Jornadas virtuales educativas vinculadas a los intereses maritimos', '2022-06-03-TQSL-00299.pdf', 13, 8, 4, 1),
(300, '2022-06-03', 'CERTIFICADO - Jornadas virtuales educativas vinculadas a los intereses maritimos', '2022-06-03-RGMS-00300.pdf', 13, 8, 4, 1),
(301, '2022-06-03', 'CERTIFICADO - Jornadas virtuales educativas vinculadas a los intereses maritimos', '2022-06-03-SARJ-00301.pdf', 13, 8, 4, 1),
(302, '2022-06-03', 'CERTIFICADO - Jornadas virtuales educativas vinculadas a los intereses maritimos', '2022-06-03-VSEA-00302.pdf', 13, 8, 4, 1),
(303, '2022-06-03', 'CERTIFICADO - Jornadas virtuales educativas vinculadas a los intereses maritimos', '2022-06-03-VMMJ-00303.pdf', 13, 8, 4, 1),
(304, '2022-06-03', 'CERTIFICADO - Jornadas virtuales educativas vinculadas a los intereses maritimos', '2022-06-03-LBIJ-00304.pdf', 13, 8, 4, 1),
(305, '2022-06-03', 'CERTIFICADO - Jornadas virtuales educativas vinculadas a los intereses maritimos', '2022-06-03-MBSM-00305.pdf', 13, 8, 4, 1),
(306, '2022-06-03', 'CERTIFICADO - Jornadas virtuales educativas vinculadas a los intereses maritimos', '2022-06-03-CMSA-00306.pdf', 13, 8, 4, 1),
(307, '2022-06-03', 'CERTIFICADO - Jornadas virtuales educativas vinculadas a los intereses maritimos', '2022-06-03-CKYY-00307.pdf', 13, 8, 4, 1),
(308, '2022-06-03', 'CERTIFICADO - Jornadas virtuales educativas vinculadas a los intereses maritimos', '2022-06-03-CMCR-00308.pdf', 13, 8, 4, 1),
(309, '2022-06-03', 'CERTIFICADO - Jornadas virtuales educativas vinculadas a los intereses maritimos', '2022-06-03-RLMA-00309.pdf', 13, 8, 4, 1),
(310, '2022-06-03', 'CERTIFICADO - Jornadas virtuales educativas vinculadas a los intereses maritimos', '2022-06-03-CSNI-00310.pdf', 13, 8, 4, 1),
(311, '2022-06-03', 'CERTIFICADO - Jornadas virtuales educativas vinculadas a los intereses maritimos', '2022-06-03-PCJC-00311.pdf', 13, 8, 4, 1),
(312, '2022-06-03', 'CERTIFICADO - Jornadas virtuales educativas vinculadas a los intereses maritimos', '2022-06-03-RCRE-00312.pdf', 13, 8, 4, 1),
(313, '2022-06-03', 'CERTIFICADO - Jornadas virtuales educativas vinculadas a los intereses maritimos', '2022-06-03-BEMN-00313.pdf', 13, 8, 4, 1),
(314, '2022-06-03', 'CERTIFICADO - Jornadas virtuales educativas vinculadas a los intereses maritimos', '2022-06-03-BCGA-00314.pdf', 13, 8, 4, 1),
(315, '2022-06-03', 'CERTIFICADO - Jornadas virtuales educativas vinculadas a los intereses maritimos', '2022-06-03-NSAS-00315.pdf', 13, 8, 4, 1),
(316, '2022-06-03', 'CERTIFICADO - Jornadas virtuales educativas vinculadas a los intereses maritimos', '2022-06-03-RRAP-00316.pdf', 13, 8, 4, 1),
(317, '2022-06-03', 'CERTIFICADO - Jornadas virtuales educativas vinculadas a los intereses maritimos', '2022-06-03-VECG-00317.pdf', 13, 8, 4, 1),
(318, '2022-06-03', 'CERTIFICADO - Jornadas virtuales educativas vinculadas a los intereses maritimos', '2022-06-03-SASG-00318.pdf', 13, 8, 4, 1),
(319, '2022-06-03', 'CERTIFICADO - Jornadas virtuales educativas vinculadas a los intereses maritimos', '2022-06-03-KOCM-00319.pdf', 13, 8, 4, 1),
(320, '2022-06-03', 'CERTIFICADO - Jornadas virtuales educativas vinculadas a los intereses maritimos', '2022-06-03-MQR-00320.pdf', 13, 8, 4, 1),
(321, '2022-06-03', 'CERTIFICADO - Jornadas virtuales educativas vinculadas a los intereses maritimos', '2022-06-03-LQLF-00321.pdf', 13, 8, 4, 1),
(322, '2022-06-03', 'CERTIFICADO - Jornadas virtuales educativas vinculadas a los intereses maritimos', '2022-06-03-CQRM-00322.pdf', 13, 8, 4, 1),
(323, '2022-06-03', 'CERTIFICADO - Jornadas virtuales educativas vinculadas a los intereses maritimos', '2022-06-03-CN-00323.pdf', 13, 8, 4, 1),
(324, '2022-06-03', 'CERTIFICADO - Jornadas virtuales educativas vinculadas a los intereses maritimos', '2022-06-03-CVJC-00324.pdf', 13, 8, 4, 1),
(325, '2022-06-03', 'CERTIFICADO - Jornadas virtuales educativas vinculadas a los intereses maritimos', '2022-06-03-GMNV-00325.pdf', 13, 8, 4, 1),
(326, '2022-06-03', 'CERTIFICADO - Jornadas virtuales educativas vinculadas a los intereses maritimos', '2022-06-03-CGCDR-00326.pdf', 13, 8, 4, 1),
(327, '2022-06-03', 'CERTIFICADO - Jornadas virtuales educativas vinculadas a los intereses maritimos', '2022-06-03-VMIV-00327.pdf', 13, 8, 4, 1),
(328, '2022-06-03', 'CERTIFICADO - Jornadas virtuales educativas vinculadas a los intereses maritimos', '2022-06-03-GCMM-00328.pdf', 13, 8, 4, 1),
(329, '2022-06-03', 'CERTIFICADO - Jornadas virtuales educativas vinculadas a los intereses maritimos', '2022-06-03-DGGM-00329.pdf', 13, 8, 4, 1),
(330, '2022-06-03', 'CERTIFICADO - Jornadas virtuales educativas vinculadas a los intereses maritimos', '2022-06-03-APYM-00330.pdf', 13, 8, 4, 1),
(331, '2022-06-03', 'CERTIFICADO - Jornadas virtuales educativas vinculadas a los intereses maritimos', '2022-06-03-AARA-00331.pdf', 13, 8, 4, 1),
(332, '2022-06-03', 'CERTIFICADO - Jornadas virtuales educativas vinculadas a los intereses maritimos', '2022-06-03-CHKG-00332.pdf', 13, 8, 4, 1),
(333, '2022-06-03', 'CERTIFICADO - Jornadas virtuales educativas vinculadas a los intereses maritimos', '2022-06-03-MHTG-00333.pdf', 13, 8, 4, 1),
(334, '2022-06-03', 'CERTIFICADO - Jornadas virtuales educativas vinculadas a los intereses maritimos', '2022-06-03-GVMJ-00334.pdf', 13, 8, 4, 1),
(335, '2022-06-03', 'CERTIFICADO - Jornadas virtuales educativas vinculadas a los intereses maritimos', '2022-06-03-VMCM-00335.pdf', 13, 8, 4, 1),
(336, '2022-06-03', 'CERTIFICADO - Jornadas virtuales educativas vinculadas a los intereses maritimos', '2022-06-03-MOCS-00336.pdf', 13, 8, 4, 1),
(337, '2022-06-03', 'CERTIFICADO - Jornadas virtuales educativas vinculadas a los intereses maritimos', '2022-06-03-BRLG-00337.pdf', 13, 8, 4, 1),
(338, '2022-06-03', 'CERTIFICADO - Jornadas virtuales educativas vinculadas a los intereses maritimos', '2022-06-03-PVSE-00338.pdf', 13, 8, 4, 1),
(339, '2022-06-03', 'CERTIFICADO - Jornadas virtuales educativas vinculadas a los intereses maritimos', '2022-06-03-SGCDC-00339.pdf', 13, 8, 4, 1),
(340, '2022-06-03', 'CERTIFICADO - Jornadas virtuales educativas vinculadas a los intereses maritimos', '2022-06-03-CCDC-00340.pdf', 13, 8, 4, 1),
(341, '2022-06-03', 'CERTIFICADO - Jornadas virtuales educativas vinculadas a los intereses maritimos', '2022-06-03-VSGA-00341.pdf', 13, 8, 4, 1),
(342, '2022-06-03', 'CERTIFICADO - Jornadas virtuales educativas vinculadas a los intereses maritimos', '2022-06-03-PVPS-00342.pdf', 13, 8, 4, 1),
(343, '2022-06-03', 'CERTIFICADO - Jornadas virtuales educativas vinculadas a los intereses maritimos', '2022-06-03-MCYM-00343.pdf', 13, 8, 4, 1),
(344, '2022-06-03', 'CERTIFICADO - Jornadas virtuales educativas vinculadas a los intereses maritimos', '2022-06-03-OBLDA-00344.pdf', 13, 8, 4, 1),
(345, '2022-06-03', 'CERTIFICADO - Jornadas virtuales educativas vinculadas a los intereses maritimos', '2022-06-03-MARD-00345.pdf', 13, 8, 4, 1),
(346, '2022-06-03', 'CERTIFICADO - Jornadas virtuales educativas vinculadas a los intereses maritimos', '2022-06-03-GPMD-00346.pdf', 13, 8, 4, 1),
(347, '2022-06-03', 'CERTIFICADO - Jornadas virtuales educativas vinculadas a los intereses maritimos', '2022-06-03-BZCA-00347.pdf', 13, 8, 4, 1),
(348, '2022-06-03', 'CERTIFICADO - Jornadas virtuales educativas vinculadas a los intereses maritimos', '2022-06-03-RAKA-00348.pdf', 13, 8, 4, 1),
(349, '2022-06-03', 'CERTIFICADO - Jornadas virtuales educativas vinculadas a los intereses maritimos', '2022-06-03-TSLDR-00349.pdf', 13, 8, 4, 1),
(350, '2022-06-03', 'CERTIFICADO - Jornadas virtuales educativas vinculadas a los intereses maritimos', '2022-06-03-OGEK-00350.pdf', 13, 8, 4, 1),
(351, '2022-06-03', 'CERTIFICADO - Jornadas virtuales educativas vinculadas a los intereses maritimos', '2022-06-03-QMME-00351.pdf', 13, 8, 4, 1),
(352, '2022-06-03', 'CERTIFICADO - Jornadas virtuales educativas vinculadas a los intereses maritimos', '2022-06-03-AGTS-00352.pdf', 13, 8, 4, 1),
(353, '2022-06-03', 'CERTIFICADO - Jornadas virtuales educativas vinculadas a los intereses maritimos', '2022-06-03-PFJA-00353.pdf', 13, 8, 4, 1),
(354, '2022-06-03', 'CERTIFICADO - Jornadas virtuales educativas vinculadas a los intereses maritimos', '2022-06-03-EAMP-00354.pdf', 13, 8, 4, 1),
(355, '2022-06-03', 'CERTIFICADO - Jornadas virtuales educativas vinculadas a los intereses maritimos', '2022-06-03-LQSB-00355.pdf', 13, 8, 4, 1),
(356, '2022-06-03', 'CERTIFICADO - Jornadas virtuales educativas vinculadas a los intereses maritimos', '2022-06-03-QMCD-00356.pdf', 13, 8, 4, 1),
(357, '2022-06-03', 'CERTIFICADO - Jornadas virtuales educativas vinculadas a los intereses maritimos', '2022-06-03-MMME-00357.pdf', 13, 8, 4, 1),
(358, '2022-06-03', 'CERTIFICADO - Jornadas virtuales educativas vinculadas a los intereses maritimos', '2022-06-03-CMJJ-00358.pdf', 13, 8, 4, 1),
(359, '2022-06-03', 'CERTIFICADO - Jornadas virtuales educativas vinculadas a los intereses maritimos', '2022-06-03-DLMM-00359.pdf', 13, 8, 4, 1),
(360, '2022-06-03', 'CERTIFICADO - Jornadas virtuales educativas vinculadas a los intereses maritimos', '2022-06-03-VREA-00360.pdf', 13, 8, 4, 1),
(361, '2022-06-03', 'CERTIFICADO - Jornadas virtuales educativas vinculadas a los intereses maritimos', '2022-06-03-JCJC-00361.pdf', 13, 8, 4, 1),
(362, '2022-06-03', 'CERTIFICADO - Jornadas virtuales educativas vinculadas a los intereses maritimos', '2022-06-03-RLMA-00362.pdf', 13, 8, 4, 1),
(363, '2022-06-03', 'CERTIFICADO - Jornadas virtuales educativas vinculadas a los intereses maritimos', '2022-06-03-ACGP-00363.pdf', 13, 8, 4, 1),
(364, '2022-06-03', 'CERTIFICADO - Jornadas virtuales educativas vinculadas a los intereses maritimos', '2022-06-03-PVGA-00364.pdf', 13, 8, 4, 1),
(365, '2022-06-03', 'CERTIFICADO - Jornadas virtuales educativas vinculadas a los intereses maritimos', '2022-06-03-OZCL-00365.pdf', 13, 8, 4, 1);
INSERT INTO `documento` (`iddocumento`, `fechaelaboracion`, `asunto`, `archivopdf`, `idtipodocu`, `idordenador`, `iddirectorio`, `iddocumento_estado`) VALUES
(366, '2022-06-03', 'CERTIFICADO - Jornadas virtuales educativas vinculadas a los intereses maritimos', '2022-06-03-CBAM-00366.pdf', 13, 8, 4, 1),
(367, '2022-06-03', 'CERTIFICADO - Jornadas virtuales educativas vinculadas a los intereses maritimos', '2022-06-03-TRAE-00367.pdf', 13, 8, 4, 1),
(368, '2022-06-03', 'CERTIFICADO - Jornadas virtuales educativas vinculadas a los intereses maritimos', '2022-06-03-VOKE-00368.pdf', 13, 8, 4, 1),
(369, '2022-06-03', 'CERTIFICADO - Jornadas virtuales educativas vinculadas a los intereses maritimos', '2022-06-03-RMPDP-00369.pdf', 13, 8, 4, 1),
(370, '2022-06-03', 'CERTIFICADO - Jornadas virtuales educativas vinculadas a los intereses maritimos', '2022-06-03-PTME-00370.pdf', 13, 8, 4, 1),
(371, '2022-06-03', 'CERTIFICADO - Jornadas virtuales educativas vinculadas a los intereses maritimos', '2022-06-03-CBSC-00371.pdf', 13, 8, 4, 1),
(372, '2022-06-03', 'CERTIFICADO - Jornadas virtuales educativas vinculadas a los intereses maritimos', '2022-06-03-RRI-00372.pdf', 13, 8, 4, 1),
(373, '2022-06-03', 'CERTIFICADO - Jornadas virtuales educativas vinculadas a los intereses maritimos', '2022-06-03-ECNE-00373.pdf', 13, 8, 4, 1),
(374, '2022-06-03', 'CERTIFICADO - Jornadas virtuales educativas vinculadas a los intereses maritimos', '2022-06-03-PLCG-00374.pdf', 13, 8, 4, 1),
(375, '2022-06-03', 'CERTIFICADO - Jornadas virtuales educativas vinculadas a los intereses maritimos', '2022-06-03-CCBA-00375.pdf', 13, 8, 4, 1),
(376, '2022-06-03', 'CERTIFICADO - Jornadas virtuales educativas vinculadas a los intereses maritimos', '2022-06-03-CADJ-00376.pdf', 13, 8, 4, 1),
(377, '2022-06-03', 'CERTIFICADO - Jornadas virtuales educativas vinculadas a los intereses maritimos', '2022-06-03-VSJG-00377.pdf', 13, 8, 4, 1),
(378, '2022-06-03', 'CERTIFICADO - Jornadas virtuales educativas vinculadas a los intereses maritimos', '2022-06-03-MVJJ-00378.pdf', 13, 8, 4, 1),
(379, '0000-00-00', 'Ttulo de tercer nivel de RIVERA BAZAN  GEOVANY', '-RBG-00379.pdf', 17, 8, 4, 1),
(380, '0000-00-00', 'Ttulo de tercer nivel de RIVERA BAZAN  GEOVANY', '-RBG-00380.pdf', 17, 8, 4, 1),
(381, '0000-00-00', 'Ttulo de tercer nivel de RIVERA BAZAN  GEOVANY', '-RBG-00381.pdf', 17, 7, 3, 1),
(383, '0000-00-00', 'Registro de ttulo Senescyt de QUIONEZ CORTEZ  MARIA NELA', '-QCMN-00383.pdf', 17, 8, 4, 1),
(384, NULL, 'Registro de ttulo Senescyt de RIVERA BAZAN  GEOVANY', '-RBG-00384.pdf', 17, 8, 4, 1),
(385, '2022-06-25', 'Ttulo de tercer nivel de RIVERA BAZAN  GEOVANY', '2022-06-25-RBG-00385.pdf', 17, 8, 4, 1),
(387, '2022-06-26', 'Copia de cdula de identidad de FRANCIS QUINDE  STALIN ADALBERTO', '2022-06-26-FQSA-00387.pdf', 17, 8, 4, 1),
(388, '2022-06-26', 'Silabo de la asignatura de FRANCIS QUINDE  STALIN ADALBERTO', '2022-06-26-FQSA-00388.pdf', 17, 8, 4, 1),
(389, '2022-06-28', 'Guia de aprendizaje de FRANCIS QUINDE  STALIN ADALBERTO', '2022-06-28-FQSA-00389.pdf', 17, 7, 3, 1),
(390, '2022-06-28', 'Guia de aprendizaje de FRANCIS QUINDE  STALIN ADALBERTO', '2022-06-28-FQSA-00390.pdf', 17, 8, 4, 1);

-- --------------------------------------------------------

--
-- Stand-in structure for view `documento1`
-- (See below for the actual view)
--
CREATE TABLE `documento1` (
`iddocumento` int(11)
,`autor` varchar(102)
,`asunto` varchar(200)
,`fechaelaboracion` date
,`archivopdf` varchar(100)
,`idtipodocu` int(11)
,`eltipodocu` varchar(45)
,`ruta` varchar(200)
,`elordenador` varchar(45)
);

-- --------------------------------------------------------

--
-- Table structure for table `documento_estado`
--

CREATE TABLE `documento_estado` (
  `iddocumento_estado` int(11) NOT NULL,
  `nombre` varchar(45) DEFAULT NULL
) ENGINE=MyISAM DEFAULT CHARSET=latin1;

--
-- Dumping data for table `documento_estado`
--

INSERT INTO `documento_estado` (`iddocumento_estado`, `nombre`) VALUES
(1, 'NO CARGADO'),
(2, 'CARGADO');

-- --------------------------------------------------------

--
-- Table structure for table `emisor`
--

CREATE TABLE `emisor` (
  `idemisor` int(11) NOT NULL,
  `idpersona` int(11) NOT NULL,
  `iddocumento` int(11) NOT NULL
) ENGINE=InnoDB DEFAULT CHARSET=utf8mb4;

--
-- Dumping data for table `emisor`
--

INSERT INTO `emisor` (`idemisor`, `idpersona`, `iddocumento`) VALUES
(2, 7, 1),
(3, 7, 3),
(4, 12, 1),
(7, 34, 8),
(8, 51, 9),
(9, 52, 10),
(10, 53, 11),
(11, 54, 12),
(12, 55, 13),
(13, 56, 14),
(14, 57, 15),
(15, 58, 16),
(16, 59, 17),
(17, 59, 18),
(18, 61, 19),
(19, 62, 20),
(20, 63, 21),
(21, 64, 22),
(22, 65, 23),
(23, 66, 24),
(24, 67, 25),
(25, 68, 26),
(26, 69, 27),
(27, 70, 28),
(28, 71, 29),
(29, 72, 30),
(30, 73, 31),
(31, 74, 32),
(32, 75, 33),
(33, 76, 34),
(34, 77, 35),
(35, 78, 36),
(36, 79, 37),
(37, 80, 38),
(38, 81, 39),
(39, 8, 40),
(40, 84, 41),
(41, 85, 42),
(42, 86, 43),
(43, 87, 44),
(44, 88, 45),
(45, 90, 46),
(46, 91, 47),
(47, 92, 48),
(48, 93, 49),
(49, 94, 50),
(50, 95, 51),
(51, 96, 52),
(52, 97, 53),
(53, 98, 55),
(54, 99, 56),
(55, 101, 57),
(56, 100, 58),
(57, 102, 59),
(58, 103, 60),
(59, 105, 61),
(60, 106, 62),
(61, 108, 63),
(62, 107, 64),
(63, 109, 65),
(64, 111, 66),
(65, 110, 67),
(66, 112, 68),
(67, 115, 69),
(68, 117, 70),
(69, 118, 71),
(70, 119, 72),
(71, 121, 73),
(72, 122, 74),
(73, 123, 75),
(74, 123, 76),
(75, 125, 77),
(76, 126, 78),
(77, 128, 79),
(78, 8, 80),
(79, 129, 81),
(80, 131, 82),
(81, 132, 83),
(82, 133, 84),
(83, 133, 85),
(84, 134, 92),
(85, 134, 93),
(86, 136, 94),
(87, 137, 95),
(88, 138, 96),
(89, 139, 97),
(90, 140, 98),
(91, 141, 99),
(92, 142, 100),
(93, 143, 101),
(94, 18, 102),
(95, 144, 103),
(96, 145, 104),
(97, 146, 105),
(98, 147, 106),
(99, 148, 107),
(100, 149, 108),
(101, 150, 109),
(102, 151, 110),
(103, 151, 111),
(104, 151, 112),
(105, 152, 113),
(106, 153, 114),
(107, 154, 115),
(108, 155, 116),
(109, 156, 117),
(110, 52, 118),
(111, 158, 119),
(112, 159, 120),
(113, 160, 121),
(114, 161, 122),
(115, 162, 123),
(116, 163, 124),
(117, 164, 125),
(118, 165, 126),
(119, 157, 127),
(120, 8, 128),
(121, 209, 134),
(122, 8, 135),
(123, 8, 136),
(124, 8, 137),
(125, 8, 138),
(126, 8, 139),
(127, 8, 140),
(128, 8, 141),
(129, 8, 142),
(130, 8, 143),
(131, 8, 144),
(132, 83, 145),
(136, 211, 149),
(145, 125, 158),
(153, 236, 171),
(154, 244, 172),
(155, 239, 173),
(156, 224, 174),
(157, 8, 175),
(158, 246, 176),
(159, 246, 177),
(160, 8, 178),
(161, 247, 179),
(162, 142, 180),
(163, 158, 181),
(164, 170, 182),
(165, 35, 183),
(166, 263, 184),
(167, 263, 185),
(168, 288, 186),
(169, 331, 187),
(170, 239, 188),
(171, 8, 189),
(172, 249, 190),
(173, 83, 191),
(174, 250, 192),
(175, 253, 193),
(176, 223, 194),
(177, 303, 195),
(178, 222, 196),
(179, 8, 197),
(180, 285, 198),
(181, 316, 199),
(182, 299, 200),
(183, 287, 201),
(184, 355, 202),
(185, 8, 203),
(186, 343, 204),
(187, 352, 205),
(188, 8, 206),
(189, 8, 207),
(190, 8, 208),
(191, 8, 209),
(192, 189, 210),
(193, 191, 211),
(194, 8, 212),
(195, 192, 213),
(196, 334, 214),
(197, 199, 215),
(198, 175, 216),
(199, 186, 217),
(200, 182, 218),
(201, 198, 219),
(202, 369, 220),
(203, 364, 221),
(204, 8, 222),
(205, 371, 223),
(206, 370, 224),
(209, 370, 227),
(210, 375, 228),
(211, 376, 229),
(212, 379, 230),
(213, 83, 231),
(214, 370, 232),
(215, 8, 233),
(216, 381, 234),
(217, 382, 235),
(218, 378, 236),
(219, 380, 237),
(220, 377, 238),
(221, 21, 239),
(222, 413, 240),
(223, 488, 241),
(224, 34, 242),
(225, 414, 243),
(226, 415, 244),
(227, 416, 245),
(228, 417, 246),
(229, 418, 247),
(230, 419, 248),
(231, 420, 249),
(232, 421, 250),
(233, 422, 251),
(234, 423, 252),
(235, 424, 253),
(236, 425, 254),
(237, 426, 255),
(238, 427, 256),
(239, 428, 257),
(240, 429, 258),
(241, 448, 259),
(242, 450, 260),
(243, 447, 261),
(244, 446, 262),
(245, 445, 263),
(246, 444, 264),
(247, 443, 265),
(248, 442, 266),
(249, 440, 267),
(250, 441, 268),
(251, 439, 269),
(252, 438, 270),
(253, 437, 271),
(254, 432, 272),
(255, 430, 273),
(256, 431, 274),
(257, 433, 275),
(258, 434, 276),
(259, 435, 277),
(260, 436, 278),
(261, 451, 279),
(262, 452, 280),
(263, 453, 281),
(264, 454, 282),
(265, 455, 283),
(266, 456, 284),
(267, 487, 285),
(268, 486, 286),
(269, 485, 287),
(270, 484, 288),
(271, 483, 289),
(272, 482, 290),
(273, 550, 291),
(274, 457, 292),
(275, 458, 293),
(276, 459, 294),
(277, 460, 295),
(278, 461, 296),
(279, 462, 297),
(280, 463, 298),
(281, 481, 299),
(282, 480, 300),
(283, 479, 301),
(284, 478, 302),
(285, 477, 303),
(286, 476, 304),
(287, 475, 305),
(288, 474, 306),
(289, 473, 307),
(290, 472, 308),
(291, 471, 309),
(292, 470, 310),
(293, 469, 311),
(294, 464, 312),
(295, 387, 313),
(296, 465, 314),
(297, 466, 315),
(298, 467, 316),
(299, 468, 317),
(300, 517, 318),
(301, 512, 319),
(302, 518, 320),
(303, 519, 321),
(304, 520, 322),
(305, 521, 323),
(306, 522, 324),
(307, 523, 325),
(308, 524, 326),
(309, 525, 327),
(310, 526, 328),
(311, 527, 329),
(312, 528, 330),
(313, 529, 331),
(314, 530, 332),
(315, 531, 333),
(316, 544, 334),
(317, 543, 335),
(318, 545, 336),
(319, 546, 337),
(320, 392, 338),
(321, 410, 339),
(322, 532, 340),
(323, 533, 341),
(324, 534, 342),
(325, 535, 343),
(326, 537, 344),
(327, 538, 345),
(328, 536, 346),
(329, 539, 347),
(330, 540, 348),
(331, 541, 349),
(332, 542, 350),
(333, 391, 351),
(334, 489, 352),
(335, 503, 353),
(336, 500, 354),
(337, 499, 355),
(338, 498, 356),
(339, 497, 357),
(340, 501, 358),
(341, 502, 359),
(342, 491, 360),
(343, 492, 361),
(344, 504, 362),
(345, 505, 363),
(346, 412, 364),
(347, 506, 365),
(348, 507, 366),
(349, 508, 367),
(350, 509, 368),
(351, 510, 369),
(352, 511, 370),
(353, 513, 371),
(354, 514, 372),
(355, 515, 373),
(356, 516, 374),
(357, 493, 375),
(358, 494, 376),
(359, 495, 377),
(360, 496, 378),
(361, 21, 379),
(362, 21, 380),
(363, 21, 381),
(364, 24, 383),
(365, 21, 384),
(366, 21, 385),
(367, 8, 387),
(368, 8, 388),
(369, 8, 389),
(370, 8, 390);

-- --------------------------------------------------------

--
-- Stand-in structure for view `emisor1`
-- (See below for the actual view)
--
CREATE TABLE `emisor1` (
`iddocumento` int(11)
,`idpersona` int(11)
,`elemisor` varchar(102)
,`asunto` varchar(200)
);

-- --------------------------------------------------------

--
-- Table structure for table `estado_portafolio`
--

CREATE TABLE `estado_portafolio` (
  `idestado_portafolio` int(11) NOT NULL,
  `nombre` varchar(45) DEFAULT NULL
) ENGINE=InnoDB DEFAULT CHARSET=utf8mb4;

--
-- Dumping data for table `estado_portafolio`
--

INSERT INTO `estado_portafolio` (`idestado_portafolio`, `nombre`) VALUES
(1, 'NO REVISADO'),
(2, 'REVISADO'),
(3, 'NO APROBADO');

-- --------------------------------------------------------

--
-- Table structure for table `estudiante`
--

CREATE TABLE `estudiante` (
  `idestudiante` int(11) NOT NULL,
  `idpersona` int(11) NOT NULL,
  `idinstitucion` int(11) NOT NULL,
  `iddepartamento` int(11) DEFAULT NULL,
  `fechadesde` date DEFAULT NULL,
  `fechahasta` date DEFAULT NULL
) ENGINE=InnoDB DEFAULT CHARSET=utf8mb4;

--
-- Dumping data for table `estudiante`
--

INSERT INTO `estudiante` (`idestudiante`, `idpersona`, `idinstitucion`, `iddepartamento`, `fechadesde`, `fechahasta`) VALUES
(1, 80, 0, 1, '2022-02-01', '0000-00-00'),
(2, 79, 0, 1, '2022-02-25', '0000-00-00'),
(3, 132, 0, 1, '2022-02-01', '2022-02-25'),
(4, 155, 0, 3, '2022-03-01', '0000-00-00'),
(5, 157, 0, 4, '0000-00-00', '2020-09-05'),
(6, 270, 0, 4, '2022-05-17', '2022-05-19'),
(7, 269, 0, 1, '2022-05-17', '2022-05-19'),
(8, 256, 0, 1, '0000-00-00', '0000-00-00'),
(9, 279, 0, 1, '0000-00-00', '0000-00-00'),
(10, 294, 0, 1, '0000-00-00', '0000-00-00'),
(11, 258, 0, 1, '0000-00-00', '0000-00-00'),
(12, 338, 0, 1, '0000-00-00', '0000-00-00'),
(13, 308, 0, 1, '0000-00-00', '0000-00-00'),
(14, 310, 0, 1, '0000-00-00', '0000-00-00'),
(15, 272, 0, 1, '0000-00-00', '0000-00-00'),
(16, 300, 0, 1, '0000-00-00', '0000-00-00'),
(17, 299, 0, 1, '0000-00-00', '0000-00-00'),
(18, 257, 0, 1, '0000-00-00', '0000-00-00'),
(19, 298, 0, 1, '0000-00-00', '0000-00-00'),
(20, 273, 0, 1, '0000-00-00', '0000-00-00'),
(21, 359, 0, 1, '0000-00-00', '0000-00-00'),
(22, 21, 0, 5, '0000-00-00', '0000-00-00'),
(23, 24, 0, 5, '0000-00-00', '0000-00-00'),
(24, 224, 0, 1, '0000-00-00', '0000-00-00'),
(25, 222, 0, 1, '0000-00-00', '0000-00-00'),
(26, 249, 0, 1, '0000-00-00', '0000-00-00'),
(27, 250, 0, 1, '0000-00-00', '0000-00-00'),
(28, 251, 0, 1, '0000-00-00', '0000-00-00'),
(29, 253, 0, 1, '0000-00-00', '0000-00-00'),
(30, 303, 0, 1, '0000-00-00', '0000-00-00'),
(31, 291, 0, 1, '0000-00-00', '0000-00-00'),
(32, 230, 0, 1, '0000-00-00', '0000-00-00'),
(33, 226, 0, 1, '0000-00-00', '0000-00-00'),
(34, 357, 0, 1, '0000-00-00', '0000-00-00'),
(35, 341, 0, 1, '0000-00-00', '0000-00-00'),
(36, 228, 0, 1, '0000-00-00', '0000-00-00'),
(37, 304, 0, 1, '0000-00-00', '0000-00-00'),
(38, 356, 0, 1, '0000-00-00', '0000-00-00'),
(39, 221, 0, 1, '0000-00-00', '0000-00-00'),
(40, 235, 0, 1, '0000-00-00', '0000-00-00'),
(41, 285, 0, 1, '0000-00-00', '0000-00-00'),
(42, 237, 0, 1, '0000-00-00', '0000-00-00'),
(43, 238, 0, 1, '0000-00-00', '0000-00-00'),
(44, 283, 0, 1, '0000-00-00', '0000-00-00'),
(45, 302, 0, 1, '0000-00-00', '0000-00-00'),
(46, 282, 0, 1, '0000-00-00', '0000-00-00'),
(47, 280, 0, 1, '0000-00-00', '0000-00-00'),
(48, 286, 0, 1, '0000-00-00', '0000-00-00'),
(49, 240, 0, 1, '0000-00-00', '0000-00-00'),
(50, 234, 0, 1, '0000-00-00', '0000-00-00'),
(51, 220, 0, 1, '0000-00-00', '0000-00-00'),
(52, 281, 0, 1, '0000-00-00', '0000-00-00'),
(53, 340, 0, 1, '0000-00-00', '0000-00-00'),
(54, 339, 0, 1, '0000-00-00', '0000-00-00'),
(55, 241, 0, 1, '0000-00-00', '0000-00-00'),
(56, 292, 0, 1, '0000-00-00', '0000-00-00'),
(57, 290, 0, 1, '0000-00-00', '0000-00-00'),
(58, 287, 0, 1, '0000-00-00', '0000-00-00'),
(59, 233, 0, 1, '0000-00-00', '0000-00-00'),
(60, 284, 0, 1, '0000-00-00', '0000-00-00'),
(61, 223, 0, 1, '0000-00-00', '0000-00-00'),
(62, 225, 0, 1, '0000-00-00', '0000-00-00'),
(63, 229, 0, 1, '0000-00-00', '0000-00-00'),
(64, 239, 0, 1, '0000-00-00', '0000-00-00'),
(65, 263, 0, 1, '0000-00-00', '0000-00-00'),
(66, 327, 0, 1, '0000-00-00', '0000-00-00'),
(67, 274, 0, 1, '0000-00-00', '0000-00-00'),
(68, 262, 0, 1, '0000-00-00', '0000-00-00'),
(69, 316, 0, 1, '0000-00-00', '0000-00-00'),
(70, 403, 0, 1, '0000-00-00', '0000-00-00'),
(71, 353, 0, 1, '0000-00-00', '0000-00-00'),
(72, 335, 0, 1, '0000-00-00', '0000-00-00'),
(73, 401, 0, 1, '0000-00-00', '0000-00-00'),
(74, 264, 0, 1, '0000-00-00', '0000-00-00'),
(75, 312, 0, 1, '0000-00-00', '0000-00-00'),
(76, 400, 0, 1, '0000-00-00', '0000-00-00'),
(77, 320, 0, 1, '0000-00-00', '0000-00-00'),
(78, 337, 0, 1, '0000-00-00', '0000-00-00'),
(79, 323, 0, 1, '0000-00-00', '0000-00-00'),
(80, 254, 0, 1, '0000-00-00', '0000-00-00'),
(81, 277, 0, 1, '0000-00-00', '0000-00-00'),
(82, 271, 0, 1, '0000-00-00', '0000-00-00'),
(83, 314, 0, 1, '0000-00-00', '0000-00-00'),
(84, 268, 0, 1, '0000-00-00', '0000-00-00'),
(85, 266, 0, 1, '0000-00-00', '0000-00-00'),
(86, 276, 0, 1, '0000-00-00', '0000-00-00'),
(87, 259, 0, 1, '0000-00-00', '0000-00-00');

-- --------------------------------------------------------

--
-- Stand-in structure for view `estudiante1`
-- (See below for the actual view)
--
CREATE TABLE `estudiante1` (
`idestudiante` int(11)
,`idpersona` int(11)
,`elestudiante` varchar(102)
,`iddepartamento` int(11)
,`lacarrera` varchar(45)
,`fechadesde` date
,`fechahasta` date
);

-- --------------------------------------------------------

--
-- Stand-in structure for view `estudiante2`
-- (See below for the actual view)
--
CREATE TABLE `estudiante2` (
`idestudiante` int(11)
,`idpersona` int(11)
,`elestudiante` varchar(102)
,`iddepartamento` int(11)
,`lacarrera` varchar(45)
,`fechadesde` date
,`fechahasta` date
,`cantidad` bigint(21)
);

-- --------------------------------------------------------

--
-- Table structure for table `estudio`
--

CREATE TABLE `estudio` (
  `idestudio` int(11) NOT NULL,
  `idpersona` int(11) DEFAULT NULL,
  `idinstitucion` int(11) DEFAULT NULL,
  `nivel` int(11) DEFAULT NULL,
  `titulo` varchar(50) DEFAULT NULL
) ENGINE=MyISAM DEFAULT CHARSET=latin1;

--
-- Dumping data for table `estudio`
--

INSERT INTO `estudio` (`idestudio`, `idpersona`, `idinstitucion`, `nivel`, `titulo`) VALUES
(1, 80, 5, 2, 'BACHILLER EN INFORMATICA'),
(2, 270, 6, 2, 'Electrnica'),
(3, 269, 7, 2, 'Mercadotecnia'),
(4, 224, 26, 2, 'Informtica'),
(5, 269, 26, 2, 'MERCADOTECNIA'),
(6, 256, 8, 2, 'INFORMATICA'),
(7, 279, 9, 2, 'INFORMATICA'),
(8, 294, 11, 2, 'INFORMATICA'),
(9, 258, 11, 2, 'CIENCIAS'),
(10, 338, 26, 2, 'INFORMATICA'),
(11, 308, 10, 2, 'CIENCIAS'),
(12, 310, 10, 2, 'CIENCIAS'),
(13, 272, 10, 0, ''),
(14, 300, 5, 2, 'INFORMATICA'),
(15, 299, 5, 2, 'INFORMATICA'),
(16, 257, 5, 2, 'INFORMATICA'),
(17, 298, 11, 2, 'CIENCIAS'),
(18, 273, 27, 2, 'INFORMATICA'),
(19, 359, 26, 2, 'SOCIALES'),
(20, 262, 9, 2, 'ELECTRONICA'),
(21, 274, 26, 2, 'INFORMATICA'),
(22, 222, 6, 2, ''),
(23, 249, 9, 2, 'INFORMATICA'),
(24, 250, 27, 2, 'INFORMATICA'),
(25, 251, 27, 2, 'INFORMATICA'),
(26, 253, 9, 2, 'INFORMATICA'),
(27, 303, 9, 2, 'INFORMATICA'),
(28, 291, 10, 2, 'INFORMATICA'),
(29, 230, 16, 2, 'INFORMATICA'),
(30, 226, 28, 2, 'INFORMATICA'),
(31, 357, 28, 2, 'INFORMATICA'),
(32, 341, 27, 2, 'INFORMATICA'),
(33, 228, 27, 2, 'INFORMATICA'),
(34, 236, 10, 2, 'INFORMATICA'),
(35, 304, 29, NULL, NULL),
(36, 356, 5, 2, 'INFORMATICA'),
(37, 221, 29, 2, 'INFORMATICA'),
(38, 235, 26, 2, 'INFORMATICA'),
(39, 285, 10, 2, 'INFORMATICA'),
(40, 237, 9, 2, 'INFORMATICA'),
(41, 238, 9, 2, 'INFORMATICA'),
(42, 283, 26, 2, 'INFORMATICA'),
(43, 302, 26, 2, 'INFORMATICA'),
(44, 282, 5, 2, 'INFORMATICA'),
(45, 280, 11, 2, 'INFORMATICA'),
(46, 286, 9, 2, 'INFORMATICA'),
(47, 240, 9, 2, 'INFORMATICA'),
(48, 234, 30, 2, 'INFORMATICA'),
(49, 220, 31, 2, 'INFORMATICA'),
(50, 281, 32, 2, 'INFORMATICA'),
(51, 340, 33, 2, 'INFORMATICA'),
(52, 339, 9, 2, 'INFORMATICA'),
(53, 241, 24, 2, 'INFORMATICA'),
(54, 292, 37, 2, 'INFORMATICA'),
(55, 290, 40, 2, 'INFORMATICA'),
(56, 287, 27, 2, 'INFORMATICA'),
(57, 233, 36, 2, 'INFORMATICA'),
(58, 284, 35, 2, 'INFORMATICA'),
(59, 223, 11, 2, 'INFORMATICA'),
(60, 225, 34, 2, 'INFORMATICA'),
(61, 229, 37, 2, 'INFORMATICA'),
(62, 239, 39, 2, 'INFORMATICA'),
(63, 263, 20, 2, 'INFORMATICA'),
(64, 327, 32, 2, 'INFORMATICA'),
(65, 316, 24, 2, 'CIENCIAS'),
(66, 403, 10, 2, 'CONTABILIDAD'),
(67, 353, 11, 2, 'CIENCIAS'),
(68, 335, 34, 2, 'INDUSTRIALIZACIN'),
(69, 401, 26, 2, 'INFORMATICA'),
(70, 264, 29, 2, 'CIENCIAS'),
(71, 312, 34, 2, 'APLICACIONES EN PROYECTO'),
(72, 400, 27, 2, 'CIENCIAS'),
(73, 320, 11, 2, 'CIENCIAS'),
(74, 337, 33, 2, 'INFORMATICA'),
(75, 323, 26, 2, 'INFORMATICA'),
(76, 254, 37, 2, 'INFORMATICA'),
(77, 277, 37, 2, 'INFORMATICA'),
(78, 271, 46, 2, 'INFORMATICA'),
(79, 314, 45, 2, 'INFORMATICA'),
(80, 293, 44, 2, 'INFORMATICA'),
(81, 319, 43, 2, 'INFORMATICA'),
(82, 268, 42, 2, 'INFORMATICA'),
(83, 266, 41, 2, 'MECNICA'),
(84, 276, 16, 2, 'INFORMATICA'),
(85, 259, 47, 2, 'INFORMATICA');

-- --------------------------------------------------------

--
-- Stand-in structure for view `estudio1`
-- (See below for the actual view)
--
CREATE TABLE `estudio1` (
`idestudio` int(11)
,`idpersona` int(11)
,`elestudiante` varchar(102)
,`idinstitucion` int(11)
,`lainstitucion` varchar(45)
,`nivel` int(11)
,`titulo` varchar(50)
);

-- --------------------------------------------------------

--
-- Table structure for table `evaluacion`
--

CREATE TABLE `evaluacion` (
  `idevaluacion` int(11) NOT NULL,
  `nombre` varchar(50) NOT NULL,
  `detalle` varchar(100) DEFAULT NULL,
  `idevento` int(11) DEFAULT NULL
) ENGINE=InnoDB DEFAULT CHARSET=utf8mb4;

--
-- Dumping data for table `evaluacion`
--

INSERT INTO `evaluacion` (`idevaluacion`, `nombre`, `detalle`, `idevento`) VALUES
(1, 'Prueba de conocimiento MTI', 'Prueba de conocimiento tomada para la Maestra en Tecnologa de la Informacin', NULL),
(2, 'historia del computador', 'video de hostorio de computador', 9),
(3, 'Evaluacion numero reales', 'Evaluacion de video de los numero reales dado por STALIN FRANCIS', 10),
(4, 'Introduccion a latex ', 'Evaluacion del evento a curso de latex', 23),
(5, 'conceptos bsicos de Github', 'Conceptos bsico de Github', 30),
(6, 'git y github conceptos bsicos', 'git y github conceptos bsicos', 34);

-- --------------------------------------------------------

--
-- Table structure for table `evaluado`
--

CREATE TABLE `evaluado` (
  `idevaluado` int(11) NOT NULL,
  `idpersona` int(11) NOT NULL,
  `idevaluacion` int(11) NOT NULL,
  `idpregunta` int(11) DEFAULT NULL,
  `idrespuesta` int(11) DEFAULT NULL,
  `acierto` tinyint(4) DEFAULT NULL
) ENGINE=InnoDB DEFAULT CHARSET=utf8mb4;

--
-- Dumping data for table `evaluado`
--

INSERT INTO `evaluado` (`idevaluado`, `idpersona`, `idevaluacion`, `idpregunta`, `idrespuesta`, `acierto`) VALUES
(3, 8, 0, 6, 11, 0),
(4, 8, 0, 5, 8, 1),
(5, 385, 0, 5, 8, 1),
(6, 385, 0, 6, 10, 0),
(7, 385, 0, 7, 14, 1),
(8, 385, 0, 2, 3, 0),
(9, 385, 0, 1, 1, 0),
(10, 385, 0, 2, 3, 0),
(11, 388, 0, 5, 8, 1),
(12, 388, 0, 6, 10, 0),
(13, 388, 0, 7, 13, 0),
(14, 390, 0, 5, 8, 1),
(15, 390, 0, 6, 10, 0),
(16, 390, 0, 7, 14, 1),
(17, 390, 0, 7, 13, 0),
(18, 390, 0, 7, 14, 1),
(19, 390, 0, 7, 14, 1),
(20, 390, 0, 7, 13, 0),
(21, 390, 0, 2, 3, 0),
(22, 390, 0, 1, 2, 0),
(23, 390, 0, 1, 1, 0),
(24, 390, 0, 2, 3, 0),
(25, 390, 0, 1, 1, 0),
(26, 390, 0, 2, 3, 0),
(27, 390, 0, 1, 1, 0),
(28, 390, 0, 2, 3, 0),
(29, 390, 0, 5, 8, 1),
(30, 390, 0, 6, 11, 0),
(31, 390, 0, 7, 14, 1),
(32, 390, 0, 1, 1, 0),
(33, 390, 0, 2, 3, 0),
(34, 391, 0, 5, 8, 1),
(35, 391, 0, 6, 10, 0),
(36, 391, 0, 6, 10, 0),
(37, 391, 0, 7, 14, 1),
(38, 391, 0, 7, 14, 1),
(39, 391, 0, 7, 14, 1);

-- --------------------------------------------------------

--
-- Stand-in structure for view `evaluado1`
-- (See below for the actual view)
--
CREATE TABLE `evaluado1` (
`idevaluado` int(1)
,`persona` int(1)
);

-- --------------------------------------------------------

--
-- Table structure for table `evento`
--

CREATE TABLE `evento` (
  `idevento` int(11) NOT NULL,
  `titulo` varchar(200) DEFAULT NULL,
  `fechacreacion` date DEFAULT NULL,
  `fechainicia` datetime DEFAULT NULL,
  `fechafinaliza` datetime DEFAULT NULL,
  `detalle` text DEFAULT NULL,
  `idevento_estado` int(11) NOT NULL,
  `idinstitucion` int(11) NOT NULL,
  `idpagina` int(11) DEFAULT NULL,
  `idusuario` int(11) DEFAULT NULL,
  `fecha` datetime DEFAULT NULL,
  `costo` decimal(10,2) DEFAULT NULL,
  `duracion` varchar(20) DEFAULT NULL,
  `idcurso` int(11) DEFAULT NULL
) ENGINE=InnoDB DEFAULT CHARSET=utf8mb4;

--
-- Dumping data for table `evento`
--

INSERT INTO `evento` (`idevento`, `titulo`, `fechacreacion`, `fechainicia`, `fechafinaliza`, `detalle`, `idevento_estado`, `idinstitucion`, `idpagina`, `idusuario`, `fecha`, `costo`, `duracion`, `idcurso`) VALUES
(1, 'ADMINISTRACIN DEL SISTEMA', NULL, '2021-10-22 00:00:00', '2021-10-22 00:00:00', 'LOS ASPIRANTE DEBEN RENDIR LA PRUEBA DE CONOCIMIENTO', 4, 1, 0, NULL, NULL, '0.00', '', 0),
(2, 'ENTREVISTA A ASPIRANTE DE MAESTRIA', '2021-10-22', '0000-00-00 00:00:00', '2021-10-22 10:30:00', 'entrevistas a aspirantes dirige johana', 1, 0, NULL, NULL, NULL, NULL, NULL, NULL),
(3, 'ENTREVISTA A BUSTAMANTE LOPEZ SONIA MARIA', '2021-10-25', '2021-10-25 15:00:00', '2021-10-25 15:30:00', 'VIA MEET', 1, 0, NULL, NULL, NULL, NULL, NULL, NULL),
(6, 'CONGRESO INTERNACIONAL VIRTUAL  PEDAGOGA E INTERCULTURALIDAD  FACULTAD DE LA PEDAGOGA', '2022-01-01', '2022-01-01 00:00:00', '2022-01-03 00:00:00', 'CONGRESO INTERNACION DE LA FACULTAD DE LA PEDAGOGIA', 1, 1, NULL, NULL, NULL, NULL, NULL, NULL),
(7, 'PROCESO DE TITULACION 2022 ', NULL, '2022-03-07 00:00:00', '2022-04-07 00:00:00', '<b>ASIGNATURA:</b> Metodologa de la Investigacin <br>\r\n<b>DOCENTE:</b> Ing. Stalin Francis Q.  M.Sc. ', 4, 1, 10, NULL, NULL, '0.00', '1 mes', 6),
(8, 'FUNDAMENTOS GITHUB GIT', NULL, '2022-03-21 00:00:00', '2022-03-25 00:00:00', 'El curso practico 100% tiene que ver con el uso de la plataforma <b>GitHub</b> y el programa al lado del client <b>git </b>', 4, 1, 1, NULL, NULL, '0.00', '', 0),
(9, 'Curso de Fundamento de programacin', NULL, '2022-04-04 00:00:00', '2022-04-15 00:00:00', 'fundamentos', 4, 1, 0, 11, '2022-04-03 06:40:46', '0.00', '', 1),
(10, 'curso: Representacion de los numeroro', NULL, '2022-04-04 00:00:00', '2022-04-15 00:00:00', 'Curso de representacion de numeo r', 4, 1, 0, 11, '2022-04-03 12:24:41', '0.00', '', 0),
(19, 'CURSO DE DOCKER', NULL, '2022-04-04 00:00:00', '2022-04-14 00:00:00', 'DOCKER', 4, 1, 0, 11, '2022-04-03 18:30:47', '0.00', '', 0),
(22, 'CURSO DE LATEX', NULL, '2022-04-04 00:00:00', '2022-04-14 00:00:00', 'LATEX PARA TESIS', 4, 1, 2, 11, '2022-04-03 18:55:45', '0.00', '', 0),
(23, 'CURSO DE LATEX', NULL, '2022-04-04 00:00:00', '2022-04-14 00:00:00', 'LATEX PARA TESIS', 4, 1, 3, 11, '2022-04-03 18:56:13', '0.00', '', 0),
(24, 'Jornada Virtual de fortalecimiento de la EGB y BGU en intereses maritimos', NULL, '2022-04-04 00:00:00', '2022-04-14 00:00:00', 'Este evento en convenio con la Universidad Tcnica Luis Vargas Torres tiene como finalidad fortalecer las los EGB y BGU de Esmeraldas en conocimiento vinculadas a los intereses martimos.', 4, 1, 4, 11, '2022-04-04 11:36:50', '0.00', '', 8),
(25, 'CURSO-2021-2S-PA-FUNDPROG', NULL, '2022-02-01 00:00:00', '2022-08-24 00:00:00', 'FUNDAMENTOS DE PROGRAMACION 2021-2S', 4, 1, 5, 11, '2022-04-06 06:45:05', '0.00', '', 11),
(26, 'CURSO-2021-2S-PB-FUNDPROG', NULL, '2022-02-01 00:00:00', '2022-07-29 00:00:00', 'FUNDAMENTOS DE PROGRAMACION PB PERIODO 2021-2S', 4, 1, 6, 11, '2022-04-06 06:50:44', '0.00', '40 horas', 1),
(27, 'Maestra en Tecnologa de la Informacin ', NULL, '2022-04-01 00:00:00', '2023-03-30 00:00:00', '<p style=\'font-size:30px\'>La   <b>Maestra en tecnologa de la informacin</b>, esta aprobada en modalidad presencial, su duracin es de  1 ao y  se dictar en horario ejecutivo  viernes (16h00 a 20h00), sabado (08:h00 a 15h00), domingo (08:00 a 13h00). </p> <br>\r\n', 4, 1, 7, 90, '2022-04-06 23:51:10', '4800.00', '1 ao', 5),
(28, 'Curso de Excel - bsico, intermedio y avanzado', NULL, '2022-04-18 00:00:00', '2022-04-23 00:00:00', 'CAPACITACION AL PERSONAL 911 DE EXCEL BASICO, INTERMEDIO Y AVANZADO', 4, 1, 8, 11, '2022-04-18 15:27:07', '0.00', '40 horas', 4),
(29, 'WEBINAR-2021-2S-FUNDAMENTOS-PROGRAMACION', NULL, '2022-04-26 00:00:00', '2022-04-29 00:00:00', 'WEBINAR QUE SE REALIZA COMO TUTORIAS PARA LA ASIGNATURA DE FUNDAMENTOS DE PROGRAMACION 2021-2S', 4, 1, 9, 11, '2022-04-25 20:52:18', '0.00', '1HORA', 0),
(30, 'Webinar sobre conceptos bsicos de LaTeX y GITHUB', NULL, '2022-05-03 00:00:00', '2022-05-03 00:00:00', 'Webinar dirigido a egresados de la carrera de TIC y aspirantes a la maesta en TI', 4, 1, 11, 11, '2022-05-03 10:46:47', '20.00', '2 horas', 7),
(31, 'Jornadas virtuales educativas vinculadas a los intereses maritimos', NULL, '2022-05-13 00:00:00', '2022-06-03 00:00:00', 'Jornadas virtuales de fortalecimiento de la EGB y BGU de Esmeraldas en propuestas educativas vinculadas a los intereses maritimos', 4, 4, 12, 11, '2022-05-13 00:00:55', '0.00', '10 HORAS', 8),
(32, 'Mantenimiento de Laboratorios de computacin', NULL, '2022-05-09 00:00:00', '2022-05-13 00:00:00', 'Mantenimiento de Laboratorios de computacin', 4, 1, 13, 11, '2022-05-13 15:00:31', '0.00', '20', 0),
(33, 'POSTULACION A MAESTRIA TI-2022-1', NULL, '2022-05-17 00:00:00', '2022-06-30 00:00:00', 'Este evento fue creado para la gestin del proceso de postulacin a la Maestra en Tecnologa de la Informacin que ofrece la UTLVTE. <br>\r\nTodo el mes de junio se realizaran actividades de capacitacin a fin de interactuar con los aspirantes a esta maestra.', 4, 1, 14, 11, '2022-05-17 21:16:56', '0.00', '1 MES', 9),
(34, 'NIVELACIN GITHUB Y PROGRAMACION EN C++', NULL, '2022-05-31 00:00:00', '2022-06-03 00:00:00', 'Reforzar los conocimiento y habilidades obtenidas en la asignatura de Fundamentos de Programacin con el uso de Github y la edaboracin de programas en C++', 3, 1, 15, 11, '2022-06-01 11:38:17', '20.00', '1 SEMANA', 10),
(35, 'TALLER DE LINUX BSICO', NULL, '2022-07-04 00:00:00', '2022-07-15 00:00:00', 'Esta taller es de tipo introducctorio, los estudiantes adquiriran conocimientos y habilidades bsicas para la administracin uno de los Sistemas Operativos mas utilizados en el mundo como es Linux. ', 2, 1, 16, 11, '2022-06-28 15:38:44', '0.00', '2 semanas', NULL);

-- --------------------------------------------------------

--
-- Stand-in structure for view `evento1`
-- (See below for the actual view)
--
CREATE TABLE `evento1` (
`idevento` int(11)
,`titulo` varchar(200)
,`detalle` text
,`fechacreacion` date
,`fechainicia` datetime
,`fechafinaliza` datetime
,`estado` varchar(45)
,`idevento_estado` int(11)
,`lainstitucion` varchar(45)
);

-- --------------------------------------------------------

--
-- Stand-in structure for view `eventoP`
-- (See below for the actual view)
--
CREATE TABLE `eventoP` (
`idevento` int(11)
,`titulo` varchar(200)
,`detalle` text
,`fechacreacion` date
,`fechafinaliza` datetime
,`idpersona` int(11)
,`elparticipante` varchar(102)
,`idparticipante` int(11)
,`iddocumento2` int(11)
,`estado` varchar(45)
,`lainstitucion` varchar(45)
,`iddocumento` int(11)
,`idtipodocu` int(11)
,`posi_nomb_x` decimal(10,2)
,`posi_nomb_y` decimal(10,2)
,`posi_codigo_x` decimal(10,2)
,`posi_codigo_y` decimal(10,2)
,`posi_fecha_x` decimal(10,2)
,`posi_fecha_y` decimal(10,2)
,`ancho_x` decimal(10,2)
,`alto_y` decimal(10,2)
,`correohead` varchar(1000)
,`correofoot` varchar(1100)
,`correosubject` varchar(500)
,`archivopdf` varchar(100)
,`idordenador` int(11)
,`elordenador` varchar(45)
,`iddirectorio` int(11)
,`ruta` varchar(200)
);

-- --------------------------------------------------------

--
-- Table structure for table `evento_estado`
--

CREATE TABLE `evento_estado` (
  `idevento_estado` int(11) NOT NULL,
  `nombre` varchar(45) DEFAULT NULL
) ENGINE=InnoDB DEFAULT CHARSET=utf8mb4;

--
-- Dumping data for table `evento_estado`
--

INSERT INTO `evento_estado` (`idevento_estado`, `nombre`) VALUES
(1, 'Creado'),
(2, 'INSCRIPCION'),
(3, 'EN EJECUCION'),
(4, 'TERMINADO');

-- --------------------------------------------------------

--
-- Table structure for table `fechaevento`
--

CREATE TABLE `fechaevento` (
  `idfechaevento` int(11) NOT NULL,
  `idevento` int(11) DEFAULT NULL,
  `fecha` date DEFAULT NULL,
  `tema` text DEFAULT NULL,
  `icono` varchar(50) DEFAULT NULL,
  `temacorto` varchar(20) DEFAULT NULL,
  `tipo` int(11) DEFAULT NULL,
  `ponderacion` decimal(10,3) DEFAULT NULL
) ENGINE=MyISAM DEFAULT CHARSET=latin1;

--
-- Dumping data for table `fechaevento`
--

INSERT INTO `fechaevento` (`idfechaevento`, `idevento`, `fecha`, `tema`, `icono`, `temacorto`, `tipo`, `ponderacion`) VALUES
(1, 8, '2022-03-22', '', 'fa fa-minus-square-o', NULL, NULL, '1.000'),
(2, 25, '2022-04-08', 'ddd', 'fa fa-minus-square-o', NULL, NULL, '1.000'),
(3, 27, '2022-04-01', 'RECEPCION DE INSCRIPCIONES', 'fa fa-minus-square-o', NULL, NULL, '1.000'),
(4, 27, '2022-07-18', 'INICIO DE MATRCULA ORDINARIA', 'fa fa-minus-square-o', NULL, NULL, '1.000'),
(5, 27, '2022-06-01', 'INICIO DE ENTREVISTAS', 'fa fa-minus-square-o', NULL, NULL, '1.000'),
(6, 27, '2022-08-03', 'INICIO DE CLASES', 'fa fa-minus-square-o', NULL, NULL, '1.000'),
(7, 27, '2022-06-20', 'PRUEBA DE CONOCIMIENTOS', 'fa fa-minus-square-o', NULL, NULL, '1.000'),
(8, 27, '2022-07-04', 'NOTIFICACIN DE ACEPTACIN', 'fa fa-minus-square-o', NULL, NULL, '1.000'),
(9, 26, '2022-02-13', 'ENTREGA DE ACTIVIDAD B1', NULL, 'B1', NULL, '0.015'),
(10, 26, '2022-02-27', 'ACTIVIDAD C1: ', NULL, 'C1', NULL, '0.015'),
(11, 25, '2022-02-13', 'ACTIVIDAD B1:ENTREGA', NULL, 'B1', NULL, '0.015'),
(12, 26, '2022-03-25', 'Actividad E1', NULL, 'E1', NULL, '0.040'),
(13, 26, '2022-03-26', 'Actividad A1', NULL, 'A1', NULL, '0.030'),
(14, 25, '2022-03-13', 'Actividad-C1', NULL, 'C1', NULL, '0.015'),
(15, 0, '2022-03-26', 'Actividad-A1', NULL, NULL, NULL, '1.000'),
(16, 25, '2022-03-26', 'Actividad-A1', NULL, 'A1', NULL, '0.030'),
(17, 25, '2022-04-06', 'Actividad-E1', NULL, 'E1', NULL, '0.040'),
(18, 7, '2022-03-14', 'Actividad-A1', NULL, 'A1', NULL, '1.000'),
(19, 7, '2022-03-23', 'Actividad-B1', NULL, 'B1', NULL, '1.000'),
(20, 7, '2022-04-14', 'Actividad-C1', NULL, NULL, NULL, '1.000'),
(21, 28, '2022-04-18', 'CLASES NORMALES', NULL, NULL, NULL, '1.000'),
(22, 7, '2022-03-10', 'CLASES', NULL, NULL, NULL, '1.000'),
(23, 7, '2022-03-17', 'CLASES', NULL, NULL, NULL, '1.000'),
(24, 7, '2022-03-11', 'CLASES ', NULL, NULL, NULL, '1.000'),
(25, 7, '2022-03-18', 'CLASES', NULL, NULL, NULL, '1.000'),
(26, 7, '2022-03-24', 'CLASES', NULL, NULL, NULL, '1.000'),
(27, 7, '2022-03-25', 'CLASES', NULL, NULL, NULL, '1.000'),
(28, 7, '2022-04-07', 'CLASES', NULL, NULL, NULL, '1.000'),
(29, 7, '2022-04-08', 'CLASES', NULL, NULL, NULL, '1.000'),
(30, 26, '2022-04-25', 'Clases', NULL, NULL, NULL, '1.000'),
(31, 29, '2022-04-25', 'Clases', NULL, NULL, NULL, '1.000'),
(32, 25, '2022-04-26', 'Clases', NULL, NULL, NULL, '1.000'),
(33, 26, '2022-04-26', 'Clases', NULL, NULL, NULL, '1.000'),
(34, 26, '2022-04-27', 'Tutoras presenciales', NULL, NULL, NULL, '1.000'),
(35, 25, '2022-04-27', 'Tutorias presenciales', NULL, NULL, NULL, '1.000'),
(36, 25, '2022-04-28', 'Clases', NULL, NULL, NULL, '1.000'),
(37, 26, '2022-04-29', 'Clases', NULL, NULL, NULL, '1.000'),
(38, 25, '2022-04-29', 'Clases', NULL, NULL, NULL, '1.000'),
(39, 26, '2022-05-02', 'Webinar', NULL, NULL, NULL, '1.000'),
(40, 25, '2022-05-02', 'Webinar', NULL, NULL, NULL, '1.000'),
(41, 7, '2022-05-03', 'Webinar', NULL, NULL, NULL, '1.000'),
(42, 25, '2022-05-03', 'Clases', NULL, NULL, NULL, '1.000'),
(43, 30, '2022-05-03', 'Webinar', NULL, NULL, NULL, '1.000'),
(44, 25, '2022-05-05', 'Clases', NULL, NULL, NULL, '1.000'),
(45, 26, '2022-05-05', 'Clases', NULL, NULL, NULL, '1.000'),
(46, 26, '2022-05-07', 'Webinar', NULL, NULL, NULL, '1.000'),
(47, 25, '2022-05-07', 'Webinar', NULL, NULL, NULL, '1.000'),
(48, 25, '2022-05-10', 'Feria', NULL, NULL, NULL, '1.000'),
(49, 26, '2022-05-10', 'Feria', NULL, NULL, NULL, '1.000'),
(50, 25, '2022-05-13', 'Webinar', NULL, NULL, NULL, '1.000'),
(51, 26, '2022-05-13', 'Webinar', NULL, NULL, NULL, '1.000'),
(52, 31, '2022-05-13', 'Fortaleximeinto', NULL, NULL, NULL, '1.000'),
(53, 32, '2022-05-13', 'Mantenimiento de equipos', NULL, NULL, NULL, '1.000'),
(54, 25, '2022-05-15', 'Webinar', NULL, NULL, NULL, '1.000'),
(55, 26, '2022-05-15', 'Webinar', NULL, NULL, NULL, '1.000'),
(56, 25, '2022-05-17', 'Clase', NULL, NULL, NULL, '1.000'),
(57, 33, '2022-05-18', 'Envio de correo', NULL, NULL, NULL, '1.000'),
(58, 25, '2022-05-19', 'Webinar', NULL, NULL, NULL, '1.000'),
(59, 26, '2022-05-19', 'Webinar', NULL, NULL, NULL, '1.000'),
(60, 25, '0000-00-00', 'Webinar', NULL, NULL, NULL, '1.000'),
(61, 26, '2022-05-22', 'Webinar', NULL, NULL, NULL, '1.000'),
(62, 25, '2022-05-22', 'Webinar', NULL, NULL, NULL, '1.000'),
(63, 33, '2022-05-25', 'ACETPACION', NULL, NULL, NULL, '1.000'),
(64, 26, '2022-05-01', 'Actividad-B2', NULL, 'B2', NULL, '0.015'),
(65, 26, '2022-05-20', 'Actividad-C2', NULL, 'C2', NULL, '0.015'),
(66, 25, '2022-05-01', 'Actividad-B2', NULL, 'B2', NULL, '0.015'),
(67, 25, '2022-05-20', 'Actividad-C2', NULL, 'C2', NULL, '0.015'),
(68, 25, '2022-05-28', 'Actividad-A2', NULL, 'A2', NULL, '0.030'),
(69, 25, '2022-05-29', 'ACTIVIDA-E2', NULL, 'E2', NULL, '0.040'),
(70, 26, '2022-05-29', 'Actividad-A2', NULL, 'A2', NULL, '0.030'),
(71, 26, '2022-05-30', 'Actividad-E2', NULL, 'E2', NULL, '0.040'),
(72, 34, '2022-06-02', 'Taller', NULL, 'Taller', NULL, '0.000'),
(73, 34, '2022-06-01', 'Taller', NULL, 'Taller', NULL, '0.000'),
(74, 25, '2022-06-07', 'Actividad F1: Supletorio', NULL, 'F1', NULL, '0.100'),
(75, 26, '2022-06-09', 'S: Examen Supletorio', NULL, 'Sup', NULL, '0.100'),
(76, 33, '2022-06-13', 'Verificacin de carpetas', NULL, '', NULL, '1.000'),
(77, 33, '2022-06-17', 'Confirmacin de aspirantes', NULL, 'Confirmacin', NULL, '1.000'),
(78, 35, '2022-07-04', 'Presentacin del profesora e Introduccin a Linux comenzando con la historia de LInux', NULL, 'Introduccin', NULL, '1.000'),
(79, 35, '2022-07-05', 'Instalacin de Linux y principales paquetes', NULL, 'Instalacin de Linux', NULL, '1.000'),
(80, 35, '2022-07-07', 'Shell script y comandos principales', NULL, 'Shell script y coman', NULL, '1.000'),
(81, 35, '2022-07-08', 'Sistemas de archivos y manejo de permisos', NULL, 'Sistema de archivo y', NULL, '1.000'),
(82, 35, '2022-07-06', 'Instalacin de linux y principales paquetes', NULL, 'Instalacin de linux', NULL, '1.000'),
(83, 35, '2022-07-11', 'Editores de texto en linux', NULL, 'Editores de texto en', NULL, '1.000'),
(84, 35, '2022-07-13', 'Bash Programming', NULL, 'Bash Programming', NULL, '1.000'),
(85, 35, '2022-07-15', 'Uso de Cron para ejecucin planificada', NULL, 'Uso de Cron para eje', NULL, '1.000');

-- --------------------------------------------------------

--
-- Stand-in structure for view `fechaevento1`
-- (See below for the actual view)
--
CREATE TABLE `fechaevento1` (
`idfechaevento` int(11)
,`fecha` date
,`tema` text
,`elevento` varchar(200)
);

-- --------------------------------------------------------

--
-- Table structure for table `foto`
--

CREATE TABLE `foto` (
  `idfoto` int(11) NOT NULL,
  `descripcion` varchar(45) DEFAULT NULL,
  `detalle` varchar(200) DEFAULT NULL,
  `archivo` varchar(100) DEFAULT NULL
) ENGINE=InnoDB DEFAULT CHARSET=utf8mb4;

--
-- Dumping data for table `foto`
--

INSERT INTO `foto` (`idfoto`, `descripcion`, `detalle`, `archivo`) VALUES
(1, 'Foto de perfil de Christopher', 'Esta foto se utiliza para el registro', 'fotos/0850563412.png');

-- --------------------------------------------------------

--
-- Table structure for table `funcionario`
--

CREATE TABLE `funcionario` (
  `idfuncionario` int(11) NOT NULL,
  `idpersona` int(11) NOT NULL
) ENGINE=InnoDB DEFAULT CHARSET=utf8mb4;

-- --------------------------------------------------------

--
-- Table structure for table `genero`
--

CREATE TABLE `genero` (
  `idgenero` int(11) NOT NULL,
  `nombre` varchar(45) DEFAULT NULL
) ENGINE=InnoDB DEFAULT CHARSET=utf8mb4;

--
-- Dumping data for table `genero`
--

INSERT INTO `genero` (`idgenero`, `nombre`) VALUES
(1, 'FEMENINO'),
(2, 'MASCULINO');

-- --------------------------------------------------------

--
-- Table structure for table `informe`
--

CREATE TABLE `informe` (
  `idinforme` int(11) NOT NULL,
  `nombre` varchar(45) DEFAULT NULL,
  `descripcion` varchar(200) DEFAULT NULL
) ENGINE=InnoDB DEFAULT CHARSET=utf8mb4;

--
-- Dumping data for table `informe`
--

INSERT INTO `informe` (`idinforme`, `nombre`, `descripcion`) VALUES
(1, 'Maestreantes', 'Lista de maestrantes');

-- --------------------------------------------------------

--
-- Table structure for table `institucion`
--

CREATE TABLE `institucion` (
  `idinstitucion` int(11) NOT NULL,
  `nombre` varchar(45) DEFAULT NULL
) ENGINE=InnoDB DEFAULT CHARSET=utf8mb4;

--
-- Dumping data for table `institucion`
--

INSERT INTO `institucion` (`idinstitucion`, `nombre`) VALUES
(1, 'Universidad Tecnica Luis Vargas Torres'),
(2, 'UTLVTE-LA CONCORDIA'),
(3, 'highkick'),
(4, 'Armada del Ecuador'),
(5, 'UNIDAD EDUCATIVA FISCOMISIONAL SAGRADO CORAZO'),
(6, 'Colegio Luis Prado Viteri'),
(8, 'Colegio Ramon Bedoya Nabia'),
(9, 'Colegio Mara Auxiliadora'),
(10, 'Colegio Eloy Alfaro'),
(11, 'Colegio Don Bosco'),
(12, 'Colegio Nocturno Esmeraldas'),
(13, 'Colegio 15 de Marzo'),
(14, 'Colegio Esmeraldas Libre'),
(15, 'Colegi Carlos Concha'),
(16, 'Unidad Educativa Luis Varga Torres'),
(17, 'Unida Educativa Adolfo Bennet'),
(18, 'Unidad Educativa Carlos Matero Pozo'),
(19, 'Unidad Educativa Carlos Matero Pozo'),
(20, 'Colegio Modesto Estupian Suarez Pimentel'),
(21, 'Colegio Nelson Ortiz Estefanuto'),
(22, 'Colegio Pier Tailar de Yarde'),
(23, 'Colegio Pier Tailar de Yarde'),
(24, 'Colegio Manuel Nieto Cadena'),
(25, 'Colegio Juan Montalvo Fiallos'),
(26, 'Colegio 5 de Agosto'),
(27, 'Colegio Margarita Cortez'),
(28, 'COLEGIO ADVENTISTA MIGUEL DE UNAMUNDO'),
(29, 'UNIDAD EDUCATIVA PARTICULAR LUZ Y LIBERTAD'),
(30, 'UNIDAD EDUCATIVA QUININDE'),
(31, 'UNIDAD EDUCATIVA 21 DE SEPTIEMBRE'),
(32, 'UNIDAD EDUCATIVA PARTICULAR PROVINCIA DE ESME'),
(33, ':UNIDAD EDUCATIVA FISCAL EDILFO BENNETT ANGUL'),
(34, 'COLEGIO SAN DANIEL CONVONI'),
(35, 'COLEGIO BACHILLERATO SIMON BOLIVAR DE MACHALA'),
(36, 'UNIDAD EDUCATIVA ALEJANDRO OTOYA BRIONES'),
(37, 'COLEGIO PIER CHAILAR DE CHARLI (ATACAMES)'),
(38, 'COLEGIO ROBERTO LUIZ CERVANTE'),
(39, 'UNIDAD EDUCATIVA RIOVERDE'),
(40, 'UNIDAD EDUCATIVA LEON FEBRES CORDERO'),
(41, 'UNIDAD EDUCATIVA CHAMANGA'),
(42, 'UNIDAD EDUCATIVA JUAN CARLOS MATEO POZO(VICHE'),
(43, 'COLEGIO MONSEOR LEONIDAS PROAO'),
(44, 'UNIDAD EDUCATIVA LIBERTAD DE TIMBRE'),
(45, 'COLEGIO PARTICULAR MADRE LAURA'),
(46, 'COLEGIO 10 DE AGOSTO (SAN LORENZO)'),
(47, 'COLEGIO NELSON ESTUPIAN BASS');

-- --------------------------------------------------------

--
-- Table structure for table `instructor`
--

CREATE TABLE `instructor` (
  `idinstructor` int(11) NOT NULL,
  `idpersona` int(11) DEFAULT NULL
) ENGINE=MyISAM DEFAULT CHARSET=latin1;

--
-- Dumping data for table `instructor`
--

INSERT INTO `instructor` (`idinstructor`, `idpersona`) VALUES
(1, 8);

-- --------------------------------------------------------

--
-- Stand-in structure for view `instructor1`
-- (See below for the actual view)
--
CREATE TABLE `instructor1` (
`idinstructor` int(11)
,`idpersona` int(11)
,`elinstructor` varchar(102)
);

-- --------------------------------------------------------

--
-- Table structure for table `inventario`
--

CREATE TABLE `inventario` (
  `idinventario` int(11) NOT NULL,
  `idinstitucion` int(11) NOT NULL,
  `fechaelaboracion` date DEFAULT NULL
) ENGINE=InnoDB DEFAULT CHARSET=utf8mb4;

-- --------------------------------------------------------

--
-- Table structure for table `maestrante`
--

CREATE TABLE `maestrante` (
  `idmaestrante` int(11) NOT NULL,
  `idmaestrante_estado` int(11) NOT NULL,
  `idpersona` int(11) NOT NULL,
  `idmaestria` int(11) NOT NULL
) ENGINE=InnoDB DEFAULT CHARSET=utf8mb4;

--
-- Dumping data for table `maestrante`
--

INSERT INTO `maestrante` (`idmaestrante`, `idmaestrante_estado`, `idpersona`, `idmaestria`) VALUES
(1, 1, 9, 1),
(2, 1, 10, 1),
(3, 1, 11, 1),
(4, 1, 15, 1),
(5, 1, 12, 1),
(6, 1, 13, 1),
(7, 1, 21, 1),
(8, 1, 20, 1),
(9, 1, 19, 1),
(10, 1, 18, 1),
(11, 1, 17, 1),
(12, 1, 14, 1),
(13, 1, 16, 1),
(15, 1, 24, 1),
(16, 1, 25, 1),
(17, 1, 26, 1),
(19, 1, 28, 1),
(20, 1, 27, 1);

-- --------------------------------------------------------

--
-- Stand-in structure for view `maestrante1`
-- (See below for the actual view)
--
CREATE TABLE `maestrante1` (
`idmaestrante` int(1)
,`idpersona` int(1)
,`cedula` int(1)
,`maestrante` int(1)
,`idmaestrante_estado` int(1)
,`estado` int(1)
,`idmaestria` int(1)
,`maestria` int(1)
,`correo` int(1)
,`telefono` int(1)
);

-- --------------------------------------------------------

--
-- Table structure for table `maestrante_estado`
--

CREATE TABLE `maestrante_estado` (
  `idmaestrante_estado` int(11) NOT NULL,
  `nombre` varchar(45) DEFAULT NULL
) ENGINE=InnoDB DEFAULT CHARSET=utf8mb4;

--
-- Dumping data for table `maestrante_estado`
--

INSERT INTO `maestrante_estado` (`idmaestrante_estado`, `nombre`) VALUES
(1, 'CON CARPETA'),
(2, 'Convocado a entrevista');

-- --------------------------------------------------------

--
-- Table structure for table `maestria`
--

CREATE TABLE `maestria` (
  `idmaestria` int(11) NOT NULL,
  `nombre` varchar(100) DEFAULT NULL
) ENGINE=InnoDB DEFAULT CHARSET=utf8mb4;

--
-- Dumping data for table `maestria`
--

INSERT INTO `maestria` (`idmaestria`, `nombre`) VALUES
(1, 'Maestria en Tecnologa de la Informacin');

-- --------------------------------------------------------

--
-- Table structure for table `mensaje`
--

CREATE TABLE `mensaje` (
  `idmensaje` int(11) NOT NULL,
  `fechaelaboracion` date DEFAULT NULL,
  `asunto` varchar(200) DEFAULT NULL,
  `archivoadjunto` varchar(100) DEFAULT NULL,
  `fechaentrerecep` varchar(45) DEFAULT NULL,
  `mensaje` text DEFAULT NULL,
  `idmensaje_estado` int(11) NOT NULL
) ENGINE=InnoDB DEFAULT CHARSET=utf8mb4;

-- --------------------------------------------------------

--
-- Table structure for table `mensaje_estado`
--

CREATE TABLE `mensaje_estado` (
  `idmensaje_estado` int(11) NOT NULL,
  `nombre` varchar(50) DEFAULT NULL
) ENGINE=InnoDB DEFAULT CHARSET=utf8mb4;

-- --------------------------------------------------------

--
-- Table structure for table `modulo`
--

CREATE TABLE `modulo` (
  `idmodulo` int(11) NOT NULL,
  `nombre` varchar(45) DEFAULT NULL,
  `inicial` varchar(20) DEFAULT NULL,
  `icono` varchar(45) DEFAULT NULL,
  `modulo` varchar(45) DEFAULT NULL
) ENGINE=InnoDB DEFAULT CHARSET=utf8mb4;

--
-- Dumping data for table `modulo`
--

INSERT INTO `modulo` (`idmodulo`, `nombre`, `inicial`, `icono`, `modulo`) VALUES
(1, 'Institucin', 'INS', 'institucion', 'institucion'),
(2, 'Modulo', 'MOD', 'modulo', 'modulo'),
(3, 'Usuario', 'USU', 'usuario', 'usuario'),
(4, 'Acceso a menu', 'ACC', 'acceso', 'acceso'),
(5, 'Personas', 'PER', 'persona', 'persona'),
(6, 'Cliente', 'CLI', 'cliente', 'cliente'),
(7, 'Eventos', 'EVE', 'evento', 'evento'),
(8, 'Artculo', 'ART', 'articulo', 'articulo'),
(9, 'Cinturn Taek', 'CIN', 'cinturon', 'cinturon'),
(10, 'Ascenso', 'ASC', 'ascenso', 'ascenso'),
(11, 'Correo', 'COR', 'correo', 'correo'),
(12, 'Telfono', 'TEL', 'telefono', 'telefono'),
(13, 'Maestrantes', '', 'maestrante', 'maestrante'),
(14, 'Portafolil del estudiante', '', 'portafolioestudiante', 'portafolioestudiante'),
(15, 'Uniforme', '', 'uniforme', 'uniforme'),
(16, 'Documentos', '', 'documento', 'documento'),
(17, 'Tipos de documentos', 'TDO', 'tipodocu', 'tipodocu'),
(18, 'Estudiante', 'EST', 'estudiante', 'estudiante');

-- --------------------------------------------------------

--
-- Table structure for table `nivelacceso`
--

CREATE TABLE `nivelacceso` (
  `idnivelacceso` int(11) NOT NULL,
  `create` tinyint(4) DEFAULT NULL,
  `read` tinyint(4) DEFAULT NULL,
  `update` tinyint(4) DEFAULT NULL,
  `delete` tinyint(4) DEFAULT NULL,
  `inicio` varchar(45) DEFAULT NULL,
  `nombre` varchar(45) DEFAULT NULL
) ENGINE=InnoDB DEFAULT CHARSET=utf8mb4;

--
-- Dumping data for table `nivelacceso`
--

INSERT INTO `nivelacceso` (`idnivelacceso`, `create`, `read`, `update`, `delete`, `inicio`, `nombre`) VALUES
(1, 0, 0, 0, 0, '', ''),
(2, 1, 1, 0, 0, '', 'Solo lectura');

-- --------------------------------------------------------

--
-- Table structure for table `nombramiento`
--

CREATE TABLE `nombramiento` (
  `idfuncionario` int(11) NOT NULL,
  `iddepartamento` int(11) NOT NULL,
  `fechaingreso` date DEFAULT NULL,
  `fechasalida` date DEFAULT NULL
) ENGINE=InnoDB DEFAULT CHARSET=utf8mb4;

-- --------------------------------------------------------

--
-- Table structure for table `operadora`
--

CREATE TABLE `operadora` (
  `idoperadora` int(11) NOT NULL,
  `nombre` varchar(45) DEFAULT NULL
) ENGINE=InnoDB DEFAULT CHARSET=utf8mb4;

--
-- Dumping data for table `operadora`
--

INSERT INTO `operadora` (`idoperadora`, `nombre`) VALUES
(1, 'claro'),
(2, 'CNT');

-- --------------------------------------------------------

--
-- Table structure for table `ordenador`
--

CREATE TABLE `ordenador` (
  `idordenador` int(11) NOT NULL,
  `nombre` varchar(45) DEFAULT NULL
) ENGINE=InnoDB DEFAULT CHARSET=utf8mb4;

--
-- Dumping data for table `ordenador`
--

INSERT INTO `ordenador` (`idordenador`, `nombre`) VALUES
(1, 'XArchivos.org'),
(4, 'OFICINASECRETARIA'),
(6, 'Ingreso a Maestrias'),
(7, 'educaysoft.org'),
(8, 'repositorioutlvte.org');

-- --------------------------------------------------------

--
-- Table structure for table `pagina`
--

CREATE TABLE `pagina` (
  `idpagina` int(11) NOT NULL,
  `nombre` varchar(50) DEFAULT NULL,
  `ruta` varchar(100) DEFAULT NULL
) ENGINE=MyISAM DEFAULT CHARSET=latin1;

--
-- Dumping data for table `pagina`
--

INSERT INTO `pagina` (`idpagina`, `nombre`, `ruta`) VALUES
(1, 'Generacin de certificados', 'http://educaysoft.org/sica/evento/listar_participantes/8'),
(2, 'evento-00022.php', './application/views/eventos/evento-00022.php'),
(3, 'evento-00023.php', './application/views/eventos/evento-00023.php'),
(4, 'evento-00024.php', 'evento/detalle/24'),
(5, 'evento-25', 'evento/detalle/25'),
(6, 'evento-26', 'evento/detalle/26'),
(7, 'evento-27', 'evento/detalle/27'),
(8, 'evento-28', 'evento/detalle/28'),
(9, 'evento-29', 'evento/detalle/29'),
(10, 'evento-7', 'evento/detalle/7'),
(11, 'evento-30', 'evento/detalle/30'),
(12, 'evento-31', 'evento/detalle/31'),
(13, 'evento-32', 'evento/detalle/32'),
(14, 'evento-33', 'evento/detalle/33'),
(15, 'evento-34', 'evento/detalle/34'),
(16, 'evento-35', 'evento/detalle/35');

-- --------------------------------------------------------

--
-- Table structure for table `participacion`
--

CREATE TABLE `participacion` (
  `idparticipacion` int(11) NOT NULL,
  `idpersona` int(11) DEFAULT NULL,
  `idevento` int(11) DEFAULT NULL,
  `fecha` date DEFAULT NULL,
  `idtipoparticipacion` int(11) DEFAULT NULL,
  `porcentaje` decimal(5,2) DEFAULT NULL,
  `comentario` text DEFAULT NULL,
  `ayuda` decimal(10,2) NOT NULL DEFAULT 0.00
) ENGINE=MyISAM DEFAULT CHARSET=latin1;

--
-- Dumping data for table `participacion`
--

INSERT INTO `participacion` (`idparticipacion`, `idpersona`, `idevento`, `fecha`, `idtipoparticipacion`, `porcentaje`, `comentario`, `ayuda`) VALUES
(18, 252, 26, '2022-02-13', 1, '80.00', '3ra opreuba', '0.00'),
(2, 224, 9, '2022-02-27', 1, '100.00', 'ninguno por ahora', '0.00'),
(137, 235, 26, '2022-03-26', 1, '70.00', '', '0.00'),
(4, 239, 26, '2022-02-13', 1, '80.00', '', '0.00'),
(5, 222, 26, '2022-02-13', 1, '100.00', '', '0.00'),
(6, 250, 26, '2022-02-13', 1, '70.00', '', '0.00'),
(7, 249, 26, '2022-02-13', 1, '80.00', '', '0.00'),
(8, 265, 25, '2022-02-13', 1, '100.00', '', '0.00'),
(9, 269, 25, '2022-02-13', 1, '80.00', '', '0.00'),
(10, 273, 25, '2022-02-13', 1, '100.00', '', '0.00'),
(11, 270, 25, '2022-02-13', 1, '100.00', '', '0.00'),
(16, 229, 26, '2022-02-13', 1, '80.00', 'OTRA PRUEBA', '0.00'),
(17, 224, 26, '2022-02-13', 1, '80.00', '2DA PRUEABA', '0.00'),
(19, 253, 26, '2022-02-13', 1, '70.00', 'otra', '0.00'),
(20, 239, 26, '2022-02-27', 1, '100.00', 'NINGUN', '0.00'),
(21, 233, 26, '2022-02-13', 1, '100.00', '', '0.00'),
(22, 237, 26, '2022-02-13', 1, '80.00', '', '0.00'),
(23, 285, 26, '2022-02-13', 1, '100.00', '', '0.00'),
(24, 235, 26, '2022-02-13', 1, '80.00', '', '0.00'),
(25, 280, 26, '2022-02-13', 1, '100.00', '', '0.00'),
(26, 240, 26, '2022-02-13', 1, '100.00', '', '0.00'),
(27, 225, 26, '2022-02-13', 1, '100.00', '', '0.00'),
(28, 238, 26, '2022-02-13', 1, '80.00', '', '0.00'),
(29, 228, 26, '2022-02-13', 1, '0.00', '', '0.00'),
(30, 230, 26, '2022-02-13', 1, '80.00', '', '0.00'),
(31, 286, 26, '2022-02-13', 1, '80.00', '', '0.00'),
(32, 234, 26, '2022-02-13', 1, '100.00', '', '0.00'),
(33, 241, 26, '2022-02-13', 1, '50.00', '', '0.00'),
(34, 283, 26, '2022-02-13', 1, '0.00', '', '0.00'),
(35, 282, 26, '2022-02-13', 1, '100.00', '', '0.00'),
(36, 281, 26, '2022-02-13', 1, '0.00', '', '0.00'),
(37, 227, 26, '2022-02-13', 1, '0.00', '', '0.00'),
(38, 284, 26, '2022-02-13', 1, '100.00', '', '0.00'),
(39, 287, 26, '2022-02-13', 1, '0.00', '', '0.00'),
(40, 259, 25, '2022-02-13', 1, '100.00', '', '0.00'),
(41, 275, 25, '2022-02-13', 1, '0.00', '', '0.00'),
(42, 261, 25, '2022-02-13', 1, '10.00', '', '0.00'),
(43, 268, 25, '2022-02-13', 1, '80.00', '', '0.00'),
(44, 260, 25, '2022-02-13', 1, '80.00', '', '0.00'),
(45, 258, 25, '2022-02-13', 1, '100.00', '', '0.00'),
(46, 256, 25, '2022-02-13', 1, '100.00', '', '0.00'),
(47, 254, 25, '2022-02-13', 1, '100.00', '', '0.00'),
(887, 316, 25, '2022-03-13', 1, '60.00', '', '0.00'),
(49, 271, 25, '2022-02-13', 1, '80.00', '', '0.00'),
(50, 272, 25, '2022-02-13', 1, '100.00', '', '0.00'),
(51, 264, 25, '2022-02-13', 1, '10.00', '', '0.00'),
(52, 278, 25, '2022-02-13', 1, '100.00', '', '0.00'),
(53, 274, 25, '2022-02-13', 1, '10.00', '', '0.00'),
(54, 262, 25, '2022-02-13', 1, '100.00', '', '0.00'),
(55, 266, 25, '2022-02-13', 1, '100.00', '', '0.00'),
(56, 267, 25, '2022-02-13', 1, '10.00', '', '0.00'),
(57, 276, 25, '2022-02-13', 1, '100.00', '', '0.00'),
(58, 257, 25, '2022-02-13', 1, '100.00', '', '0.00'),
(59, 308, 25, '2022-02-13', 1, '100.00', '', '0.00'),
(60, 297, 25, '2022-02-13', 1, '0.00', '', '0.00'),
(61, 300, 25, '2022-02-13', 1, '0.00', '', '0.00'),
(62, 294, 25, '2022-02-13', 1, '100.00', '', '0.00'),
(63, 293, 25, '2022-02-13', 1, '10.00', '', '0.00'),
(64, 298, 25, '2022-02-13', 1, '100.00', '', '0.00'),
(65, 263, 25, '2022-02-13', 1, '0.00', '', '0.00'),
(66, 310, 25, '2022-02-13', 1, '80.00', '', '0.00'),
(67, 321, 25, '2022-02-13', 1, '10.00', '', '0.00'),
(68, 299, 25, '2022-02-13', 1, '80.00', '', '0.00'),
(69, 327, 25, '2022-02-13', 1, '10.00', '', '0.00'),
(70, 312, 25, '2022-02-13', 1, '80.00', '', '0.00'),
(71, 322, 25, '2022-02-13', 1, '0.00', '', '0.00'),
(72, 320, 25, '2022-02-13', 1, '80.00', '', '0.00'),
(73, 314, 25, '2022-02-13', 1, '100.00', '', '0.00'),
(74, 311, 25, '2022-02-13', 1, '0.00', '', '0.00'),
(75, 317, 25, '2022-02-13', 1, '100.00', '', '0.00'),
(76, 319, 25, '2022-02-13', 1, '10.00', '', '0.00'),
(77, 279, 25, '2022-02-13', 1, '100.00', '', '0.00'),
(78, 309, 25, '2022-02-13', 1, '80.00', '', '0.00'),
(79, 323, 25, '2022-02-13', 1, '80.00', '', '0.00'),
(80, 303, 26, '2022-02-13', 1, '100.00', '', '0.00'),
(81, 292, 26, '2022-02-13', 1, '80.00', '', '0.00'),
(82, 302, 26, '2022-02-13', 1, '0.00', '', '0.00'),
(83, 318, 25, '2022-02-13', 1, '100.00', '', '0.00'),
(84, 290, 26, '2022-02-13', 1, '100.00', '', '0.00'),
(85, 291, 26, '2022-02-13', 1, '100.00', '', '0.00'),
(86, 229, 26, '2022-02-27', 1, '100.00', '', '0.00'),
(87, 291, 26, '2022-02-27', 1, '85.00', '', '0.00'),
(88, 253, 26, '2022-02-27', 1, '85.00', '', '0.00'),
(89, 281, 26, '2022-02-27', 1, '65.00', '', '0.00'),
(90, 227, 26, '2022-02-27', 1, '45.00', '', '0.00'),
(91, 284, 26, '2022-02-27', 1, '75.00', '', '0.00'),
(92, 233, 26, '2022-02-27', 1, '75.00', '', '0.00'),
(93, 287, 26, '2022-02-27', 1, '50.00', '', '0.00'),
(94, 303, 26, '2022-02-27', 1, '90.00', '', '0.00'),
(95, 229, 26, '2022-03-25', 1, '80.00', '', '0.00'),
(96, 291, 26, '2022-03-25', 1, '40.00', '', '0.00'),
(97, 253, 26, '2022-03-25', 1, '80.00', '', '0.00'),
(98, 281, 26, '2022-03-25', 1, '20.00', '', '0.00'),
(99, 227, 26, '2022-03-25', 1, '40.00', '', '0.00'),
(100, 252, 26, '2022-03-25', 1, '30.00', '', '0.00'),
(101, 284, 26, '2022-03-25', 1, '80.00', '', '0.00'),
(102, 233, 26, '2022-03-25', 1, '20.00', '', '0.00'),
(103, 303, 26, '2022-03-25', 1, '40.00', '', '0.00'),
(104, 228, 26, '2022-03-25', 1, '80.00', '', '0.00'),
(105, 235, 26, '2022-03-25', 1, '20.00', '', '0.00'),
(106, 238, 26, '2022-03-25', 1, '50.00', '', '0.00'),
(107, 280, 26, '2022-03-25', 1, '80.00', '', '0.00'),
(108, 240, 26, '2022-03-25', 1, '80.00', '', '0.00'),
(109, 225, 26, '2022-03-25', 1, '70.00', '', '0.00'),
(110, 237, 26, '2022-03-25', 1, '60.00', '', '0.00'),
(111, 285, 26, '2022-03-25', 1, '20.00', '', '0.00'),
(112, 249, 26, '2022-03-25', 1, '40.00', '', '0.00'),
(113, 230, 26, '2022-03-25', 1, '50.00', '', '0.00'),
(114, 290, 26, '2022-03-25', 1, '40.00', '', '0.00'),
(115, 286, 26, '2022-03-25', 1, '70.00', '', '0.00'),
(116, 234, 26, '2022-03-25', 1, '40.00', '', '0.00'),
(117, 241, 26, '2022-03-25', 1, '20.00', '', '0.00'),
(118, 282, 26, '2022-03-25', 1, '60.00', '', '0.00'),
(119, 292, 26, '2022-03-25', 1, '20.00', '', '0.00'),
(120, 239, 26, '2022-03-25', 1, '10.00', '', '0.00'),
(121, 250, 26, '2022-03-25', 1, '100.00', '', '0.00'),
(122, 222, 26, '2022-03-25', 1, '0.00', '', '0.00'),
(123, 283, 26, '2022-03-25', 1, '0.00', '', '0.00'),
(124, 224, 26, '2022-03-25', 1, '20.00', '', '0.00'),
(125, 287, 26, '2022-03-25', 1, '0.00', '', '0.00'),
(126, 229, 26, '2022-03-26', 1, '80.00', '', '0.00'),
(127, 291, 26, '2022-03-26', 1, '100.00', '', '0.00'),
(128, 253, 26, '2022-03-26', 1, '100.00', '', '0.00'),
(129, 281, 26, '2022-03-26', 1, '0.00', '', '0.00'),
(130, 227, 26, '2022-03-26', 1, '0.00', '', '0.00'),
(131, 284, 26, '2022-03-26', 1, '100.00', '', '0.00'),
(132, 287, 26, '2022-03-26', 1, '0.00', '', '0.00'),
(133, 233, 26, '2022-03-26', 1, '70.00', '', '0.00'),
(134, 303, 26, '2022-03-26', 1, '100.00', '', '0.00'),
(135, 228, 26, '2022-03-26', 1, '100.00', '', '0.00'),
(136, 224, 26, '2022-03-26', 1, '100.00', '', '0.00'),
(138, 238, 26, '2022-03-26', 1, '100.00', '', '0.00'),
(139, 280, 26, '2022-03-26', 1, '100.00', '', '0.00'),
(140, 240, 26, '2022-03-26', 1, '100.00', '', '0.00'),
(141, 225, 26, '2022-03-26', 1, '100.00', '', '0.00'),
(142, 285, 26, '2022-03-26', 1, '0.00', '', '0.00'),
(143, 249, 26, '2022-03-26', 1, '90.00', '', '0.00'),
(144, 230, 26, '2022-03-26', 1, '0.00', '', '0.00'),
(145, 290, 26, '2022-03-26', 1, '0.00', '', '0.00'),
(146, 286, 26, '2022-03-26', 1, '80.00', '', '0.00'),
(147, 234, 26, '2022-03-26', 1, '80.00', '', '0.00'),
(148, 241, 26, '2022-03-26', 1, '60.00', '', '0.00'),
(149, 283, 26, '2022-03-26', 1, '0.00', '', '0.00'),
(150, 282, 26, '2022-03-26', 1, '70.00', '', '0.00'),
(151, 292, 26, '2022-03-26', 1, '70.00', '', '0.00'),
(152, 239, 26, '2022-03-26', 1, '10.00', '', '0.00'),
(153, 250, 26, '2022-03-26', 1, '100.00', '', '0.00'),
(154, 237, 26, '2022-03-26', 1, '100.00', '', '0.00'),
(155, 308, 25, '2022-04-06', 1, '80.00', '', '0.00'),
(156, 310, 25, '2022-04-06', 1, '40.00', '', '0.00'),
(157, 273, 25, '2022-04-06', 1, '50.00', '', '0.00'),
(158, 298, 25, '2022-04-06', 1, '80.00', '', '0.00'),
(159, 270, 25, '2022-04-06', 1, '40.00', '', '0.00'),
(160, 259, 25, '2022-04-06', 1, '60.00', '', '0.00'),
(161, 275, 25, '2022-04-06', 1, '10.00', '', '0.00'),
(162, 293, 25, '2022-04-06', 1, '10.00', '', '0.00'),
(163, 261, 25, '2022-04-06', 1, '50.00', '', '0.00'),
(164, 265, 25, '2022-04-06', 1, '40.00', '', '0.00'),
(165, 268, 25, '2022-04-06', 1, '30.00', '', '0.00'),
(166, 321, 25, '2022-04-06', 1, '30.00', '', '0.00'),
(167, 299, 25, '2022-04-06', 1, '80.00', '', '0.00'),
(168, 327, 25, '2022-04-06', 1, '10.00', '', '0.00'),
(169, 260, 25, '2022-04-06', 1, '50.00', '', '0.00'),
(170, 258, 25, '2022-04-06', 1, '30.00', '', '0.00'),
(171, 297, 25, '2022-04-06', 1, '40.00', '', '0.00'),
(172, 256, 25, '2022-04-06', 1, '80.00', '', '0.00'),
(173, 254, 25, '2022-04-06', 1, '60.00', '', '0.00'),
(174, 312, 25, '2022-04-06', 1, '40.00', '', '0.00'),
(175, 294, 25, '2022-04-06', 1, '30.00', '', '0.00'),
(176, 318, 25, '2022-04-06', 1, '40.00', '', '0.00'),
(177, 300, 25, '2022-04-06', 1, '30.00', '', '0.00'),
(178, 320, 25, '2022-04-06', 1, '30.00', '', '0.00'),
(179, 314, 25, '2022-04-06', 1, '90.00', '', '0.00'),
(181, 311, 25, '2022-04-06', 1, '60.00', '', '0.00'),
(182, 271, 25, '2022-04-06', 1, '80.00', '', '0.00'),
(183, 272, 25, '2022-04-06', 1, '60.00', '', '0.00'),
(184, 317, 25, '2022-04-06', 1, '100.00', '', '0.00'),
(185, 319, 25, '2022-04-06', 1, '50.00', '', '0.00'),
(186, 279, 25, '2022-04-06', 1, '80.00', '', '0.00'),
(187, 269, 25, '2022-04-06', 1, '50.00', '', '0.00'),
(188, 309, 25, '2022-04-06', 1, '10.00', '', '0.00'),
(189, 264, 25, '2022-04-06', 1, '30.00', '', '0.00'),
(190, 278, 25, '2022-04-06', 1, '40.00', '', '0.00'),
(191, 274, 25, '2022-04-06', 1, '40.00', '', '0.00'),
(192, 263, 25, '2022-04-06', 1, '40.00', '', '0.00'),
(193, 262, 25, '2022-04-06', 1, '80.00', '', '0.00'),
(194, 266, 25, '2022-04-06', 1, '60.00', '', '0.00'),
(195, 267, 25, '2022-04-06', 1, '50.00', '', '0.00'),
(196, 276, 25, '2022-04-06', 1, '30.00', '', '0.00'),
(197, 257, 25, '2022-04-06', 1, '60.00', '', '0.00'),
(198, 322, 25, '2022-04-06', 1, '0.00', '', '0.00'),
(199, 308, 25, '2022-03-26', 1, '80.00', '', '0.00'),
(200, 310, 25, '2022-03-26', 1, '80.00', '', '0.00'),
(201, 273, 25, '2022-03-26', 1, '80.00', '', '0.00'),
(202, 298, 25, '2022-03-26', 1, '80.00', '', '0.00'),
(203, 270, 25, '2022-03-26', 1, '70.00', '', '0.00'),
(204, 259, 25, '2022-03-26', 1, '0.00', '', '0.00'),
(205, 275, 25, '2022-03-26', 1, '0.00', '', '0.00'),
(206, 293, 25, '2022-03-26', 1, '0.00', '', '0.00'),
(207, 261, 25, '2022-03-26', 1, '70.00', '', '0.00'),
(208, 265, 25, '2022-03-26', 1, '80.00', '', '0.00'),
(209, 268, 25, '2022-03-26', 1, '80.00', '', '0.00'),
(210, 321, 25, '2022-03-26', 1, '0.00', '', '0.00'),
(211, 299, 25, '2022-03-26', 1, '80.00', '', '0.00'),
(212, 327, 25, '2022-03-26', 1, '100.00', '', '0.00'),
(213, 260, 25, '2022-03-26', 1, '0.00', '', '0.00'),
(214, 258, 25, '2022-03-26', 1, '100.00', '', '0.00'),
(215, 297, 25, '2022-03-26', 1, '80.00', '', '0.00'),
(216, 256, 25, '2022-03-26', 1, '100.00', '', '0.00'),
(217, 254, 25, '2022-03-26', 1, '70.00', '', '0.00'),
(218, 312, 25, '2022-03-26', 1, '0.00', '', '0.00'),
(219, 294, 25, '2022-03-26', 1, '0.00', '', '0.00'),
(220, 322, 25, '2022-03-26', 1, '0.00', '', '0.00'),
(221, 318, 25, '2022-03-26', 1, '0.00', '', '0.00'),
(222, 300, 25, '2022-03-26', 1, '80.00', '', '0.00'),
(223, 320, 25, '2022-03-26', 1, '0.00', '', '0.00'),
(224, 314, 25, '2022-03-26', 1, '100.00', '', '0.00'),
(226, 311, 25, '2022-03-26', 1, '100.00', '', '0.00'),
(227, 271, 25, '2022-03-26', 1, '80.00', '', '0.00'),
(228, 272, 25, '2022-03-26', 1, '100.00', '', '0.00'),
(229, 317, 25, '2022-03-26', 1, '100.00', '', '0.00'),
(230, 319, 25, '2022-03-26', 1, '0.00', '', '0.00'),
(231, 279, 25, '2022-03-26', 1, '0.00', '', '0.00'),
(232, 269, 25, '2022-03-26', 1, '0.00', '', '0.00'),
(233, 309, 25, '2022-03-26', 1, '0.00', '', '0.00'),
(234, 264, 25, '2022-03-26', 1, '100.00', '', '0.00'),
(235, 278, 25, '2022-03-26', 1, '100.00', '', '0.00'),
(236, 274, 25, '2022-03-26', 1, '100.00', '', '0.00'),
(237, 263, 25, '2022-03-26', 1, '100.00', '', '0.00'),
(238, 262, 25, '2022-03-26', 1, '100.00', '', '0.00'),
(239, 266, 25, '2022-03-26', 1, '80.00', '', '0.00'),
(240, 267, 25, '2022-03-26', 1, '0.00', '', '0.00'),
(241, 257, 25, '2022-03-26', 1, '100.00', '', '0.00'),
(242, 276, 25, '2022-03-26', 1, '100.00', '', '0.00'),
(243, 308, 25, '2022-03-13', 1, '100.00', '', '0.00'),
(244, 310, 25, '2022-03-13', 1, '100.00', '', '0.00'),
(245, 273, 25, '2022-03-13', 1, '100.00', '', '0.00'),
(246, 298, 25, '2022-03-13', 1, '90.00', '', '0.00'),
(247, 270, 25, '2022-03-13', 1, '100.00', '', '0.00'),
(248, 265, 25, '2022-03-13', 1, '90.00', '', '0.00'),
(249, 268, 25, '2022-03-13', 1, '50.00', '', '0.00'),
(250, 299, 25, '2022-03-13', 1, '85.00', '', '0.00'),
(251, 327, 25, '2022-03-13', 1, '100.00', '', '0.00'),
(252, 260, 25, '2022-03-13', 1, '50.00', '', '0.00'),
(253, 258, 25, '2022-03-13', 1, '100.00', '', '0.00'),
(254, 297, 25, '2022-03-13', 1, '85.00', '', '0.00'),
(255, 256, 25, '2022-03-13', 1, '75.00', '', '0.00'),
(256, 254, 25, '2022-03-13', 1, '100.00', '', '0.00'),
(257, 312, 25, '2022-03-13', 1, '75.00', '', '0.00'),
(258, 294, 25, '2022-03-13', 1, '70.00', '', '0.00'),
(259, 322, 25, '2022-03-13', 1, '0.00', '', '0.00'),
(260, 318, 25, '2022-03-13', 1, '90.00', '', '0.00'),
(261, 300, 25, '2022-03-13', 1, '50.00', '', '0.00'),
(262, 320, 25, '2022-03-13', 1, '50.00', '', '0.00'),
(263, 314, 25, '2022-03-13', 1, '100.00', '', '0.00'),
(265, 311, 25, '2022-03-13', 1, '50.00', '', '0.00'),
(266, 271, 25, '2022-03-13', 1, '90.00', '', '0.00'),
(267, 272, 25, '2022-03-13', 1, '100.00', '', '0.00'),
(268, 317, 25, '2022-03-13', 1, '100.00', '', '0.00'),
(269, 319, 25, '2022-03-13', 1, '0.00', '', '0.00'),
(270, 279, 25, '2022-03-13', 1, '80.00', '', '0.00'),
(271, 269, 25, '2022-03-13', 1, '25.00', 'NO AYUDA', '0.00'),
(272, 264, 25, '2022-03-13', 1, '25.00', '', '0.00'),
(273, 278, 25, '2022-03-13', 1, '100.00', '', '0.00'),
(274, 274, 25, '2022-03-13', 1, '0.00', '', '0.00'),
(275, 263, 25, '2022-03-13', 1, '100.00', '', '0.00'),
(276, 262, 25, '2022-03-13', 1, '100.00', '', '0.00'),
(277, 266, 25, '2022-03-13', 1, '100.00', '', '0.00'),
(278, 267, 25, '2022-03-13', 1, '0.00', '', '0.00'),
(279, 276, 25, '2022-03-13', 1, '50.00', '', '0.00'),
(280, 257, 25, '2022-03-13', 1, '100.00', '', '0.00'),
(281, 261, 25, '2022-03-13', 1, '40.00', '', '0.00'),
(282, 293, 25, '2022-03-13', 1, '0.00', '', '0.00'),
(283, 275, 25, '2022-03-13', 1, '0.00', '', '0.00'),
(284, 259, 25, '2022-03-13', 1, '50.00', '', '0.00'),
(285, 240, 26, '2022-02-27', 1, '90.00', '', '0.00'),
(286, 337, 25, '2022-02-13', 1, '10.00', '', '0.00'),
(287, 337, 25, '2022-03-13', 1, '80.00', '', '0.00'),
(288, 337, 25, '2022-03-26', 1, '70.00', '', '0.00'),
(289, 337, 25, '2022-04-06', 1, '20.00', '', '0.00'),
(290, 249, 26, '2022-02-27', 1, '100.00', '', '0.00'),
(291, 285, 26, '2022-02-27', 1, '100.00', '', '0.00'),
(292, 235, 26, '2022-02-27', 1, '80.00', '', '0.00'),
(293, 224, 26, '2022-02-27', 1, '90.00', '', '0.00'),
(294, 241, 26, '2022-02-27', 1, '90.00', '', '0.00'),
(295, 252, 26, '2022-02-27', 1, '90.00', '', '0.00'),
(296, 221, 26, '2022-02-13', 1, '0.00', '', '0.00'),
(297, 221, 26, '2022-02-27', 1, '90.00', '', '0.00'),
(298, 221, 26, '2022-03-25', 1, '40.00', '', '0.00'),
(299, 221, 26, '2022-03-26', 1, '100.00', '', '0.00'),
(300, 230, 26, '2022-02-27', 1, '80.00', '', '0.00'),
(301, 225, 26, '2022-02-27', 1, '10.00', '', '0.00'),
(302, 280, 26, '2022-02-27', 1, '100.00', '', '0.00'),
(303, 282, 26, '2022-02-27', 1, '90.00', '', '0.00'),
(304, 286, 26, '2022-02-27', 1, '80.00', '', '0.00'),
(305, 302, 26, '2022-02-27', 1, '0.00', '', '0.00'),
(306, 234, 26, '2022-02-27', 1, '100.00', '', '0.00'),
(307, 283, 26, '2022-02-27', 1, '0.00', '', '0.00'),
(308, 220, 26, '2022-02-27', 1, '30.00', '', '0.00'),
(309, 238, 26, '2022-02-27', 1, '100.00', '', '0.00'),
(310, 237, 26, '2022-02-27', 1, '100.00', '', '0.00'),
(311, 292, 26, '2022-02-27', 1, '40.00', '', '0.00'),
(312, 290, 26, '2022-02-27', 1, '0.00', '', '0.00'),
(313, 304, 26, '2022-02-27', 1, '40.00', '', '0.00'),
(314, 222, 26, '2022-02-27', 1, '0.00', '', '0.00'),
(315, 250, 26, '2022-02-27', 1, '10.00', '', '0.00'),
(316, 228, 26, '2022-02-27', 1, '8.00', '', '0.00'),
(317, 323, 25, '2022-03-13', 1, '0.00', '', '0.00'),
(318, 277, 25, '2022-03-13', 1, '40.00', '', '0.00'),
(319, 338, 25, '2022-03-13', 1, '90.00', '', '0.00'),
(320, 335, 25, '2022-03-13', 1, '80.00', '', '0.00'),
(321, 309, 25, '2022-03-13', 1, '0.00', '', '0.00'),
(322, 321, 25, '2022-03-13', 1, '0.00', '', '0.00'),
(323, 340, 26, '2022-02-27', 1, '100.00', '', '0.00'),
(324, 340, 26, '2022-02-13', 1, '100.00', '', '0.00'),
(325, 340, 26, '2022-03-25', 1, '70.00', '', '0.00'),
(326, 340, 26, '2022-03-26', 1, '100.00', '', '0.00'),
(327, 207, 7, '2022-03-14', 1, '100.00', '', '0.00'),
(328, 195, 7, '2022-03-14', 1, '90.00', '', '0.00'),
(329, 195, 7, '2022-03-23', 1, '80.00', '', '0.00'),
(330, 195, 7, '2022-04-14', 1, '50.00', '', '0.00'),
(331, 188, 7, '2022-04-14', 1, '80.00', '', '0.00'),
(332, 188, 7, '2022-03-14', 1, '100.00', '', '0.00'),
(333, 197, 7, '2022-03-14', 1, '100.00', '', '0.00'),
(334, 176, 7, '2022-03-14', 1, '100.00', '', '0.00'),
(335, 192, 7, '2022-03-14', 1, '50.00', '', '0.00'),
(336, 180, 7, '2022-03-14', 1, '90.00', '', '0.00'),
(337, 173, 7, '2022-03-14', 1, '80.00', '', '0.00'),
(338, 193, 7, '2022-03-14', 1, '70.00', '', '0.00'),
(339, 203, 7, '2022-03-14', 1, '80.00', '', '0.00'),
(340, 184, 7, '2022-03-14', 1, '90.00', '', '0.00'),
(341, 202, 7, '2022-03-14', 1, '90.00', '', '0.00'),
(342, 169, 7, '2022-03-14', 1, '100.00', '', '0.00'),
(343, 177, 7, '2022-03-14', 1, '100.00', '', '0.00'),
(344, 190, 7, '2022-03-14', 1, '80.00', '', '0.00'),
(345, 194, 7, '2022-03-14', 1, '100.00', '', '0.00'),
(346, 191, 7, '2022-03-14', 1, '50.00', '', '0.00'),
(347, 196, 7, '2022-03-14', 1, '100.00', '', '0.00'),
(348, 334, 7, '2022-03-14', 1, '80.00', '', '0.00'),
(349, 200, 7, '2022-03-14', 1, '100.00', '', '0.00'),
(350, 183, 7, '2022-03-14', 1, '90.00', '', '0.00'),
(351, 181, 7, '2022-03-14', 1, '90.00', '', '0.00'),
(352, 171, 7, '2022-03-14', 1, '100.00', '', '0.00'),
(353, 189, 7, '2022-03-14', 1, '50.00', '', '0.00'),
(354, 179, 7, '2022-03-14', 1, '100.00', '', '0.00'),
(355, 182, 7, '2022-03-14', 1, '60.00', '', '0.00'),
(356, 170, 7, '2022-03-14', 1, '100.00', '', '0.00'),
(357, 185, 7, '2022-03-14', 1, '60.00', '', '0.00'),
(358, 208, 7, '2022-03-14', 1, '80.00', '', '0.00'),
(359, 204, 7, '2022-03-14', 1, '90.00', '', '0.00'),
(360, 332, 7, '2022-03-14', 1, '100.00', '', '0.00'),
(361, 206, 7, '2022-03-14', 1, '100.00', '', '0.00'),
(362, 207, 7, '2022-03-23', 1, '100.00', '', '0.00'),
(363, 202, 7, '2022-03-23', 1, '40.00', '', '0.00'),
(364, 169, 7, '2022-03-23', 1, '80.00', '', '0.00'),
(365, 177, 7, '2022-03-23', 1, '80.00', '', '0.00'),
(366, 190, 7, '2022-03-23', 1, '80.00', '', '0.00'),
(367, 194, 7, '2022-03-23', 1, '70.00', '', '0.00'),
(368, 191, 7, '2022-03-23', 1, '80.00', '', '0.00'),
(369, 196, 7, '2022-03-23', 1, '100.00', '', '0.00'),
(370, 200, 7, '2022-03-23', 1, '70.00', '', '0.00'),
(371, 189, 7, '2022-03-23', 1, '80.00', '', '0.00'),
(372, 179, 7, '2022-03-23', 1, '80.00', '', '0.00'),
(373, 182, 7, '2022-03-23', 1, '80.00', '', '0.00'),
(374, 170, 7, '2022-03-23', 1, '100.00', '', '0.00'),
(375, 208, 7, '2022-03-23', 1, '80.00', '', '0.00'),
(376, 188, 7, '2022-03-23', 1, '80.00', '', '0.00'),
(377, 197, 7, '2022-03-23', 1, '80.00', '', '0.00'),
(378, 176, 7, '2022-03-23', 1, '100.00', '', '0.00'),
(379, 192, 7, '2022-03-23', 1, '80.00', '', '0.00'),
(380, 173, 7, '2022-03-23', 1, '80.00', '', '0.00'),
(381, 193, 7, '2022-03-23', 1, '80.00', '', '0.00'),
(382, 332, 7, '2022-03-23', 1, '100.00', '', '0.00'),
(383, 206, 7, '2022-03-23', 1, '80.00', '', '0.00'),
(384, 207, 7, '2022-04-14', 1, '60.00', '', '0.00'),
(385, 202, 7, '2022-04-14', 1, '80.00', '', '0.00'),
(386, 169, 7, '2022-04-14', 1, '100.00', '', '0.00'),
(387, 177, 7, '2022-04-14', 1, '80.00', '', '0.00'),
(388, 190, 7, '2022-04-14', 1, '50.00', '', '0.00'),
(389, 194, 7, '2022-04-14', 1, '50.00', '', '0.00'),
(390, 191, 7, '2022-04-14', 1, '80.00', '', '0.00'),
(391, 196, 7, '2022-04-14', 1, '70.00', '', '0.00'),
(392, 200, 7, '2022-04-14', 1, '70.00', '', '0.00'),
(393, 189, 7, '2022-04-14', 1, '80.00', '', '0.00'),
(394, 179, 7, '2022-04-14', 1, '50.00', '', '0.00'),
(395, 182, 7, '2022-04-14', 1, '80.00', '', '0.00'),
(396, 170, 7, '2022-04-14', 1, '80.00', '', '0.00'),
(397, 208, 7, '2022-04-14', 1, '100.00', '', '0.00'),
(398, 197, 7, '2022-04-14', 1, '80.00', '', '0.00'),
(399, 176, 7, '2022-04-14', 1, '50.00', '', '0.00'),
(400, 192, 7, '2022-04-14', 1, '40.00', '', '0.00'),
(401, 173, 7, '2022-04-14', 1, '80.00', '', '0.00'),
(402, 193, 7, '2022-04-14', 1, '80.00', '', '0.00'),
(403, 332, 7, '2022-04-14', 1, '50.00', '', '0.00'),
(404, 206, 7, '2022-04-14', 1, '90.00', '', '0.00'),
(405, 333, 7, '2022-03-14', 1, '80.00', '', '0.00'),
(406, 198, 7, '2022-03-14', 1, '80.00', '', '0.00'),
(407, 184, 7, '2022-04-14', 1, '80.00', '', '0.00'),
(408, 187, 7, '2022-03-14', 1, '100.00', '', '0.00'),
(409, 174, 7, '2022-03-14', 1, '100.00', '', '0.00'),
(410, 201, 7, '2022-03-14', 1, '100.00', '', '0.00'),
(411, 186, 7, '2022-03-14', 1, '50.00', '', '0.00'),
(412, 175, 7, '2022-03-14', 1, '50.00', '', '0.00'),
(413, 199, 7, '2022-03-14', 1, '40.00', '', '0.00'),
(414, 183, 7, '2022-03-23', 1, '100.00', '', '0.00'),
(415, 184, 7, '2022-03-23', 1, '80.00', '', '0.00'),
(416, 187, 7, '2022-03-23', 1, '80.00', '', '0.00'),
(417, 334, 7, '2022-03-23', 1, '70.00', '', '0.00'),
(418, 198, 7, '2022-03-23', 1, '80.00', '', '0.00'),
(419, 333, 7, '2022-03-23', 1, '100.00', '', '0.00'),
(420, 199, 7, '2022-03-23', 1, '80.00', '', '0.00'),
(421, 180, 7, '2022-03-23', 1, '40.00', '', '0.00'),
(422, 203, 7, '2022-03-23', 1, '80.00', '', '0.00'),
(423, 181, 7, '2022-03-23', 1, '50.00', '', '0.00'),
(424, 175, 7, '2022-03-23', 1, '80.00', '', '0.00'),
(425, 186, 7, '2022-03-23', 1, '80.00', '', '0.00'),
(426, 201, 7, '2022-03-23', 1, '70.00', '', '0.00'),
(427, 171, 7, '2022-03-23', 1, '80.00', '', '0.00'),
(428, 185, 7, '2022-03-23', 1, '80.00', '', '0.00'),
(429, 204, 7, '2022-03-23', 1, '40.00', '', '0.00'),
(430, 174, 7, '2022-03-23', 1, '50.00', '', '0.00'),
(431, 174, 7, '2022-04-14', 1, '100.00', '', '0.00'),
(432, 203, 7, '2022-04-14', 1, '80.00', '', '0.00'),
(433, 180, 7, '2022-04-14', 1, '80.00', '', '0.00'),
(434, 199, 7, '2022-04-14', 1, '80.00', '', '0.00'),
(435, 333, 7, '2022-04-14', 1, '40.00', '', '0.00'),
(436, 198, 7, '2022-04-14', 1, '50.00', '', '0.00'),
(437, 183, 7, '2022-04-14', 1, '100.00', '', '0.00'),
(438, 334, 7, '2022-04-14', 1, '80.00', '', '0.00'),
(439, 187, 7, '2022-04-14', 1, '80.00', '', '0.00'),
(440, 204, 7, '2022-04-14', 1, '80.00', '', '0.00'),
(441, 185, 7, '2022-04-14', 1, '80.00', '', '0.00'),
(442, 171, 7, '2022-04-14', 1, '80.00', '', '0.00'),
(443, 201, 7, '2022-04-14', 1, '40.00', '', '0.00'),
(444, 186, 7, '2022-04-14', 1, '80.00', '', '0.00'),
(445, 175, 7, '2022-04-14', 1, '80.00', '', '0.00'),
(446, 181, 7, '2022-04-14', 1, '70.00', '', '0.00'),
(447, 316, 29, '2022-04-25', 2, '100.00', '', '0.00'),
(448, 240, 29, '2022-04-25', 2, '100.00', '', '0.00'),
(449, 314, 25, '2022-04-26', 2, '100.00', '', '0.00'),
(450, 271, 25, '2022-04-26', 2, '100.00', '', '0.00'),
(451, 256, 25, '2022-04-26', 2, '100.00', '', '0.00'),
(452, 337, 25, '2022-04-26', 2, '100.00', '', '0.00'),
(453, 265, 25, '2022-04-26', 2, '100.00', '', '0.00'),
(454, 280, 26, '2022-04-26', 2, '100.00', '', '0.00'),
(455, 240, 26, '2022-04-26', 2, '100.00', '', '0.00'),
(456, 361, 7, '2022-03-14', 1, '60.00', '', '0.00'),
(457, 361, 7, '2022-03-23', 1, '70.00', '', '0.00'),
(458, 361, 7, '2022-04-14', 1, '80.00', '', '0.00'),
(459, 362, 7, '2022-03-14', 1, '80.00', '', '0.00'),
(460, 362, 7, '2022-03-23', 1, '80.00', '', '0.00'),
(461, 362, 7, '2022-04-14', 1, '90.00', '', '0.00'),
(462, 220, 26, '2022-04-27', 2, '50.00', '', '0.00'),
(463, 300, 25, '2022-04-27', 2, '100.00', 'Diagrama de flujo de cuanta moneda indica que se debi colocar la n', '0.00'),
(464, 270, 25, '2022-04-27', 2, '50.00', '', '0.00'),
(465, 268, 25, '2022-04-28', 2, '100.00', '', '0.00'),
(466, 337, 25, '2022-04-28', 2, '100.00', '', '0.00'),
(467, 256, 25, '2022-04-28', 2, '100.00', 'digrama de flujo de calcula edad', '0.00'),
(468, 265, 25, '2022-04-28', 2, '100.00', '', '0.00'),
(469, 273, 25, '2022-04-28', 2, '100.00', '', '0.00'),
(470, 280, 26, '2022-04-29', 2, '100.00', '', '0.00'),
(471, 285, 26, '2022-04-29', 2, '100.00', '', '0.00'),
(472, 252, 26, '2022-04-29', 2, '100.00', '', '0.00'),
(473, 289, 26, '2022-04-29', 2, '100.00', '', '0.00'),
(474, 229, 26, '2022-04-29', 2, '100.00', '', '0.00'),
(475, 238, 26, '2022-04-29', 2, '100.00', '', '0.00'),
(476, 272, 25, '2022-04-29', 2, '100.00', '', '0.00'),
(477, 265, 25, '2022-04-29', 2, '100.00', '', '0.00'),
(478, 271, 25, '2022-04-29', 2, '100.00', '', '0.00'),
(479, 256, 25, '2022-04-29', 2, '100.00', '', '0.00'),
(480, 338, 25, '2022-04-29', 2, '100.00', '', '0.00'),
(481, 337, 25, '2022-04-29', 2, '100.00', '', '0.00'),
(482, 254, 25, '2022-04-29', 2, '100.00', '', '0.00'),
(483, 294, 25, '2022-04-29', 2, '100.00', '', '0.00'),
(484, 262, 25, '2022-04-29', 2, '100.00', '', '0.00'),
(485, 271, 25, '0000-00-00', 2, '100.00', '', '0.00'),
(486, 271, 25, '2022-05-02', 2, '100.00', '', '0.00'),
(487, 252, 26, '2022-05-02', 2, '100.00', '', '0.00'),
(488, 235, 26, '2022-05-02', 2, '100.00', '', '0.00'),
(489, 230, 26, '2022-05-02', 2, '100.00', '', '0.00'),
(490, 265, 25, '2022-05-02', 2, '100.00', '', '0.00'),
(491, 191, 30, '2022-05-03', 2, '20.00', '', '0.00'),
(492, 189, 30, '2022-05-03', 2, '20.00', '', '0.00'),
(493, 365, 30, '2022-05-03', 2, '20.00', '', '0.00'),
(494, 198, 30, '2022-05-03', 2, '20.00', '', '0.00'),
(495, 175, 30, '2022-05-03', 2, '20.00', '', '0.00'),
(496, 186, 30, '2022-05-03', 2, '20.00', '', '0.00'),
(497, 363, 30, '2022-05-03', 2, '20.00', '', '0.00'),
(498, 180, 30, '2022-05-03', 2, '20.00', '', '0.00'),
(499, 364, 30, '2022-05-03', 2, '20.00', '', '0.00'),
(500, 204, 30, '2022-05-03', 2, '20.00', '', '0.00'),
(501, 203, 30, '2022-05-03', 2, '20.00', '', '0.00'),
(502, 184, 30, '2022-05-03', 2, '20.00', '', '0.00'),
(503, 188, 30, '2022-05-03', 2, '20.00', '', '0.00'),
(504, 173, 30, '2022-05-03', 2, '20.00', '', '0.00'),
(505, 182, 30, '2022-05-03', 2, '20.00', '', '0.00'),
(506, 363, 7, '2022-03-14', 1, '50.00', '', '0.00'),
(507, 364, 7, '2022-03-14', 1, '50.00', '', '0.00'),
(508, 365, 7, '2022-03-14', 1, '50.00', '', '0.00'),
(509, 364, 7, '2022-03-23', 1, '80.00', '', '0.00'),
(510, 365, 7, '2022-03-23', 1, '80.00', '', '0.00'),
(511, 363, 7, '2022-03-23', 1, '80.00', '', '0.00'),
(512, 363, 7, '2022-04-14', 1, '80.00', '', '0.00'),
(513, 364, 7, '2022-04-14', 1, '80.00', '', '0.00'),
(514, 365, 7, '2022-04-14', 1, '80.00', '', '0.00'),
(515, 271, 25, '2022-05-05', 2, '100.00', 'Mostro el trabajo de la actividad B2 para revisarlo junto a los compaeros', '0.00'),
(516, 268, 25, '2022-05-05', 2, '100.00', 'me pregunto sobre las versiones', '0.00'),
(517, 265, 25, '2022-05-05', 2, '100.00', '', '0.00'),
(518, 273, 25, '2022-05-05', 2, '100.00', '', '0.00'),
(519, 314, 25, '2022-05-05', 2, '0.00', '', '0.00'),
(520, 192, 30, '2022-05-03', 2, '20.00', '', '0.00'),
(521, 334, 30, '2022-05-03', 2, '20.00', '', '0.00'),
(522, 199, 30, '2022-05-03', 2, '20.00', '', '0.00'),
(523, 187, 30, '2022-05-03', 2, '20.00', '', '0.00'),
(524, 265, 25, '2022-05-07', 2, '100.00', '', '0.00'),
(525, 228, 26, '2022-05-13', 2, '100.00', 'ACTIVIDAD C2', '0.00'),
(526, 265, 25, '2022-05-13', 2, '10.00', '', '0.00'),
(527, 314, 25, '2022-05-13', 2, '10.00', 'ERA NCESARIO LOS COMENTARIO EN LA PARTE ULTIMA O ALPRINCIPIO?', '0.00'),
(528, 262, 25, '2022-05-13', 2, '10.00', 'SI HABIO QUE CREAR NUEVO ARCHIVO Y HACER UNA ACTUALIZACION, O CREAR NUEVAO DIAGRAMA ', '0.00'),
(529, 271, 25, '2022-05-13', 2, '10.00', 'NOMBRES DE PROGRAMAS Y COMENTARIO DE LOS NOMBRES', '0.00'),
(530, 11, 33, '2022-05-18', 2, '10.00', 'por pura gana', '0.00'),
(531, 303, 26, '2022-05-01', 1, '40.00', '', '0.00'),
(532, 221, 26, '2022-05-01', 1, '30.00', '', '0.00'),
(533, 228, 26, '2022-05-01', 1, '100.00', '', '0.00'),
(534, 251, 26, '2022-05-01', 1, '30.00', '', '0.00'),
(535, 224, 26, '2022-05-01', 1, '80.00', '', '0.00'),
(536, 235, 26, '2022-05-01', 1, '60.00', 'ayuda 0.5 punto s por participar en clases', '34.00'),
(537, 238, 26, '2022-05-01', 1, '100.00', '', '0.00'),
(538, 280, 26, '2022-05-01', 1, '100.00', '', '0.00'),
(539, 240, 26, '2022-05-01', 1, '100.00', '', '0.00'),
(540, 225, 26, '2022-05-01', 1, '80.00', '', '0.00'),
(541, 237, 26, '2022-05-01', 1, '20.00', '', '0.00'),
(542, 236, 26, '2022-05-01', 1, '0.00', '', '0.00'),
(543, 285, 26, '2022-05-01', 1, '50.00', '', '0.00'),
(544, 249, 26, '2022-05-01', 1, '80.00', '', '0.00'),
(545, 222, 26, '2022-05-01', 1, '0.00', '', '0.00'),
(546, 339, 26, '2022-05-01', 1, '40.00', '', '0.00'),
(547, 239, 26, '2022-05-01', 1, '0.00', '', '34.00'),
(548, 220, 26, '2022-05-01', 1, '40.00', '', '0.00'),
(549, 356, 26, '2022-05-01', 1, '0.00', '', '0.00'),
(550, 302, 26, '2022-05-01', 1, '0.00', '', '0.00'),
(551, 250, 26, '2022-05-01', 1, '80.00', '', '0.00'),
(552, 289, 26, '2022-05-01', 1, '0.00', '', '0.00'),
(553, 230, 26, '2022-05-01', 1, '40.00', 'Ayuda 0.5 puntos por asistir a tutorias presenciales', '34.00'),
(554, 290, 26, '2022-05-01', 1, '0.00', '', '0.00'),
(555, 286, 26, '2022-05-01', 1, '60.00', '', '0.00'),
(556, 234, 26, '2022-05-01', 1, '50.00', '', '0.00'),
(557, 340, 26, '2022-05-01', 1, '100.00', '', '0.00'),
(558, 357, 26, '2022-05-01', 1, '30.00', '', '0.00'),
(559, 241, 26, '2022-05-01', 1, '50.00', 'La ayuda consitio en 0.5 puntos por asistencia a feria', '34.00'),
(560, 304, 26, '2022-05-01', 1, '50.00', 'AYUDA POR COLABORAR $40', '50.00'),
(561, 283, 26, '2022-05-01', 1, '0.00', '', '0.00'),
(562, 282, 26, '2022-05-01', 1, '60.00', '', '0.00'),
(563, 292, 26, '2022-05-01', 1, '30.00', '', '0.00'),
(564, 229, 26, '2022-05-01', 1, '40.00', '', '0.00'),
(565, 291, 26, '2022-05-01', 1, '50.00', '', '0.00'),
(566, 253, 26, '2022-05-01', 1, '80.00', '', '0.00'),
(567, 341, 26, '2022-05-01', 1, '100.00', '', '0.00'),
(568, 223, 26, '2022-05-01', 1, '40.00', '', '0.00'),
(569, 281, 26, '2022-05-01', 1, '20.00', 'Ayuda 1/2 punto por asistir a tutorias presenciales', '34.00'),
(570, 227, 26, '2022-05-01', 1, '0.00', '', '0.00'),
(571, 252, 26, '2022-05-01', 1, '40.00', '', '60.00'),
(572, 284, 26, '2022-05-01', 1, '60.00', '', '0.00'),
(573, 287, 26, '2022-05-01', 1, '40.00', '', '0.00'),
(574, 226, 26, '2022-05-01', 1, '0.00', '', '0.00'),
(575, 233, 26, '2022-05-01', 1, '30.00', 'Ayuda de 1/2 punto por asistir a las tutorias presenciales', '34.00'),
(576, 303, 26, '2022-05-20', 1, '40.00', '', '0.00'),
(577, 221, 26, '2022-05-20', 1, '30.00', '', '0.00'),
(578, 228, 26, '2022-05-20', 1, '100.00', '', '0.00'),
(579, 251, 26, '2022-05-20', 1, '0.00', '', '0.00'),
(580, 224, 26, '2022-05-20', 1, '40.00', '', '0.00'),
(581, 235, 26, '2022-05-20', 1, '40.00', 'ayuda 0.5 por asistir a tutorias presenciales', '34.00'),
(582, 238, 26, '2022-05-20', 1, '100.00', '', '0.00'),
(583, 280, 26, '2022-05-20', 1, '100.00', '', '0.00'),
(584, 240, 26, '2022-05-20', 1, '100.00', '', '0.00'),
(585, 225, 26, '2022-05-20', 1, '60.00', '', '0.00'),
(586, 237, 26, '2022-05-20', 1, '20.00', '', '0.00'),
(587, 236, 26, '2022-05-20', 1, '0.00', '', '0.00'),
(588, 289, 26, '2022-05-20', 1, '0.00', '', '0.00'),
(589, 250, 26, '2022-05-20', 1, '80.00', '', '0.00'),
(590, 302, 26, '2022-05-20', 1, '0.00', '', '0.00'),
(591, 356, 26, '2022-05-20', 1, '0.00', '', '0.00'),
(592, 220, 26, '2022-05-20', 1, '30.00', '', '0.00'),
(593, 339, 26, '2022-05-20', 1, '40.00', '', '0.00'),
(594, 239, 26, '2022-05-20', 1, '0.00', '', '0.00'),
(595, 222, 26, '2022-05-20', 1, '0.00', '', '0.00'),
(596, 249, 26, '2022-05-20', 1, '40.00', '', '0.00'),
(597, 285, 26, '2022-05-20', 1, '60.00', 'se ayudo con 0.5 por participacin en clase', '34.00'),
(598, 230, 26, '2022-05-20', 1, '100.00', '', '0.00'),
(599, 290, 26, '2022-05-20', 1, '0.00', '', '0.00'),
(600, 286, 26, '2022-05-20', 1, '60.00', '', '0.00'),
(601, 234, 26, '2022-05-20', 1, '0.00', '', '0.00'),
(602, 340, 26, '2022-05-20', 1, '100.00', '', '0.00'),
(603, 357, 26, '2022-05-20', 1, '70.00', '', '0.00'),
(604, 241, 26, '2022-05-20', 1, '50.00', 'ayuda de 0.5(34%) por asistencias a tutorias presenciales', '34.00'),
(605, 282, 26, '2022-05-20', 1, '60.00', '', '0.00'),
(606, 292, 26, '2022-05-20', 1, '0.00', '', '0.00'),
(607, 229, 26, '2022-05-20', 1, '60.00', '', '0.00'),
(608, 291, 26, '2022-05-20', 1, '100.00', '', '0.00'),
(609, 253, 26, '2022-05-20', 1, '80.00', '', '0.00'),
(610, 341, 26, '2022-05-20', 1, '80.00', '', '0.00'),
(611, 223, 26, '2022-05-20', 1, '40.00', '', '0.00'),
(612, 281, 26, '2022-05-20', 1, '20.00', 'Ayuda 1/2 punto por sistir a la feria', '34.00'),
(613, 252, 26, '2022-05-20', 1, '60.00', 'Ayuda 1/2 punto por participacion en webinar', '34.00'),
(614, 284, 26, '2022-05-20', 1, '70.00', '', '0.00'),
(615, 287, 26, '2022-05-20', 1, '40.00', '', '0.00'),
(616, 233, 26, '2022-05-20', 1, '40.00', '', '0.00'),
(617, 226, 26, '2022-05-20', 1, '0.00', '', '0.00'),
(618, 227, 26, '2022-05-20', 1, '0.00', '', '0.00'),
(619, 283, 26, '2022-05-20', 1, '0.00', '', '0.00'),
(620, 304, 26, '2022-05-20', 1, '0.00', 'x $ 20', '50.00'),
(621, 308, 25, '2022-05-01', 1, '80.00', '', '0.00'),
(622, 310, 25, '2022-05-01', 1, '80.00', '', '0.00'),
(623, 273, 25, '2022-05-01', 1, '80.00', '', '0.00'),
(624, 298, 25, '2022-05-01', 1, '0.00', 'PARTE DE 0.5 POR ASISTIR A LAS TUTORIAS PRESENCIALES', '0.34'),
(625, 316, 25, '2022-05-01', 1, '40.00', '', '0.00'),
(626, 270, 25, '2022-05-01', 1, '80.00', '', '0.00'),
(627, 259, 25, '2022-05-01', 1, '50.00', '', '0.00'),
(628, 256, 25, '2022-05-01', 1, '50.00', 'Ayuda de 0.5 puntos por asistir a la feria', '34.00'),
(629, 297, 25, '2022-05-01', 1, '80.00', '0.5 por asistir a las tutorias presenciales', '20.00'),
(630, 258, 25, '2022-05-01', 1, '30.00', '', '0.00'),
(631, 327, 25, '2022-05-01', 1, '100.00', '', '0.00'),
(632, 268, 25, '2022-05-01', 1, '70.00', '', '0.00'),
(633, 265, 25, '2022-05-01', 1, '100.00', '', '0.00'),
(634, 254, 25, '2022-05-01', 1, '60.00', 'ayuda 0.5 puntos por participacion en clase', '34.00'),
(635, 312, 25, '2022-05-01', 1, '60.00', 'PARTE DE 0.5 POR ASISTIR A LAS TUTORIAS PRESENCIALES', '34.00'),
(636, 318, 25, '2022-05-01', 1, '30.00', '', '0.00'),
(637, 300, 25, '2022-05-01', 1, '80.00', 'PARTE DE 0.5 POR ASISTIR A LAS TUTORIAS PRESENCIALES', '20.00'),
(638, 314, 25, '2022-05-01', 1, '100.00', '', '0.00'),
(639, 342, 25, '2022-05-01', 1, '60.00', '0.5 POR PARTICIPAR EN LAS TUTORIAS PRESENCIALES', '34.00'),
(883, 342, 25, '2022-03-13', 1, '50.00', '', '0.00'),
(641, 271, 25, '2022-05-01', 1, '100.00', '', '0.00'),
(642, 272, 25, '2022-05-01', 1, '100.00', '', '0.00'),
(643, 317, 25, '2022-05-01', 1, '50.00', '', '0.00'),
(644, 264, 25, '2022-05-01', 1, '70.00', 'ayuda 0.5 asistencia a la feria', '30.00'),
(645, 278, 25, '2022-05-01', 1, '80.00', '', '0.00'),
(646, 337, 25, '2022-05-01', 1, '40.00', 'PARTE DE 0.5 POR ASISTIR A LAS TUTORIAS PRESENCIALES', '34.00'),
(647, 335, 25, '2022-05-01', 1, '80.00', '', '0.00'),
(648, 263, 25, '2022-05-01', 1, '80.00', '', '0.00'),
(649, 262, 25, '2022-05-01', 1, '100.00', '', '0.00'),
(650, 266, 25, '2022-05-01', 1, '80.00', '', '0.00'),
(651, 338, 25, '2022-05-01', 1, '70.00', '', '0.00'),
(652, 257, 25, '2022-05-01', 1, '80.00', '', '0.00'),
(653, 354, 25, '2022-05-01', 1, '0.00', '', '0.00'),
(654, 267, 25, '2022-05-01', 1, '0.00', '', '0.00'),
(655, 276, 25, '2022-05-01', 1, '0.00', '', '0.00'),
(656, 323, 25, '2022-05-01', 1, '0.00', '', '0.00'),
(657, 277, 25, '2022-05-01', 1, '0.00', '', '0.00'),
(658, 359, 25, '2022-05-01', 1, '0.00', 'Se dio la ayuda por pedido del decano Lenin', '100.00'),
(659, 294, 25, '2022-05-01', 1, '50.00', 'La ayuda consitio en 0.5 punto por asistir a los talleres presenciales', '34.00'),
(660, 322, 25, '2022-05-01', 1, '0.00', '', '0.00'),
(661, 320, 25, '2022-05-01', 1, '0.00', '', '0.00'),
(662, 311, 25, '2022-05-01', 1, '0.00', '', '0.00'),
(663, 353, 25, '2022-05-01', 1, '0.00', '', '0.00'),
(664, 319, 25, '2022-05-01', 1, '0.00', '', '0.00'),
(665, 279, 25, '2022-05-01', 1, '0.00', '', '0.00'),
(666, 269, 25, '2022-05-01', 1, '0.00', '', '0.00'),
(667, 309, 25, '2022-05-01', 1, '0.00', '', '0.00'),
(668, 358, 25, '2022-05-01', 1, '0.00', '', '0.00'),
(669, 260, 25, '2022-05-01', 1, '50.00', '', '0.00'),
(670, 261, 25, '2022-05-01', 1, '0.00', '', '0.00'),
(671, 293, 25, '2022-05-01', 1, '0.00', '', '0.00'),
(672, 275, 25, '2022-05-01', 1, '0.00', '', '0.00'),
(673, 321, 25, '2022-05-01', 1, '0.00', '', '0.00'),
(674, 274, 25, '2022-05-01', 1, '40.00', '', '0.00'),
(675, 299, 25, '2022-05-01', 1, '60.00', '', '0.00'),
(676, 308, 25, '2022-05-20', 1, '90.00', '', '0.00'),
(677, 310, 25, '2022-05-20', 1, '40.00', '', '0.00'),
(678, 273, 25, '2022-05-20', 1, '50.00', 'PARTE DE 0.5 POR ASISTIR A LAS TUTORIAS PRESENCIALES', '34.00'),
(679, 298, 25, '2022-05-20', 1, '70.00', '', '0.00'),
(680, 316, 25, '2022-05-20', 1, '20.00', '', '0.00'),
(681, 270, 25, '2022-05-20', 1, '100.00', '', '0.00'),
(682, 259, 25, '2022-05-20', 1, '20.00', '', '0.00'),
(683, 278, 25, '2022-05-20', 1, '80.00', '', '0.00'),
(684, 274, 25, '2022-05-20', 1, '40.00', '', '0.00'),
(685, 337, 25, '2022-05-20', 1, '80.00', '', '0.00'),
(686, 335, 25, '2022-05-20', 1, '80.00', '', '0.00'),
(687, 263, 25, '2022-05-20', 1, '80.00', '', '0.00'),
(688, 262, 25, '2022-05-20', 1, '100.00', '', '0.00'),
(689, 266, 25, '2022-05-20', 1, '80.00', '', '0.00'),
(690, 338, 25, '2022-05-20', 1, '40.00', '', '0.00'),
(691, 276, 25, '2022-05-20', 1, '50.00', '', '0.00'),
(692, 257, 25, '2022-05-20', 1, '80.00', '', '0.00'),
(693, 261, 25, '2022-05-20', 1, '30.00', '', '0.00'),
(694, 265, 25, '2022-05-20', 1, '80.00', '', '20.00'),
(695, 268, 25, '2022-05-20', 1, '70.00', '', '0.00'),
(696, 299, 25, '2022-05-20', 1, '60.00', '', '0.00'),
(697, 327, 25, '2022-05-20', 1, '50.00', '', '0.00'),
(698, 258, 25, '2022-05-20', 1, '30.00', '', '0.00'),
(699, 297, 25, '2022-05-20', 1, '80.00', '0;5 por asistir a las clases presenciales,  como no alcanzo tambien se aplica a la actividad B2', '20.00'),
(700, 256, 25, '2022-05-20', 1, '50.00', 'Ayuda de 0.5 punto por participacion en clase', '34.00'),
(701, 254, 25, '2022-05-20', 1, '60.00', '', '0.00'),
(702, 294, 25, '2022-05-20', 1, '30.00', 'La ayuda consitio en 1 punto por participar como exponente en la feria ', '67.00'),
(703, 318, 25, '2022-05-20', 1, '30.00', '', '0.00'),
(704, 300, 25, '2022-05-20', 1, '80.00', 'PARTE DE 0.5 POR ASISTIR A LAS TUTORIAS PRESENCIALES', '20.00'),
(705, 314, 25, '2022-05-20', 1, '100.00', '', '0.00'),
(882, 342, 25, '2022-02-13', 1, '100.00', '', '0.00'),
(707, 342, 25, '2022-05-20', 1, '100.00', '', '0.00'),
(708, 271, 25, '2022-05-20', 1, '100.00', '', '0.00'),
(709, 272, 25, '2022-05-20', 1, '100.00', '', '0.00'),
(710, 317, 25, '2022-05-20', 1, '40.00', '', '0.00'),
(711, 279, 25, '2022-05-20', 1, '20.00', '', '0.00'),
(712, 322, 25, '2022-05-20', 1, '0.00', '', '0.00'),
(713, 320, 25, '2022-05-20', 1, '0.00', '', '0.00'),
(714, 311, 25, '2022-05-20', 1, '0.00', '', '0.00'),
(715, 353, 25, '2022-05-20', 1, '0.00', '', '0.00'),
(716, 319, 25, '2022-05-20', 1, '0.00', '', '0.00'),
(717, 269, 25, '2022-05-20', 1, '0.00', '', '0.00'),
(718, 309, 25, '2022-05-20', 1, '0.00', '', '0.00'),
(719, 275, 25, '2022-05-20', 1, '0.00', '', '0.00'),
(720, 293, 25, '2022-05-20', 1, '0.00', '', '0.00'),
(721, 321, 25, '2022-05-20', 1, '0.00', '', '0.00'),
(722, 260, 25, '2022-05-20', 1, '50.00', '', '0.00'),
(723, 358, 25, '2022-05-20', 1, '0.00', '', '0.00'),
(724, 354, 25, '2022-05-20', 1, '0.00', '', '0.00'),
(725, 267, 25, '2022-05-20', 1, '0.00', '', '0.00'),
(726, 323, 25, '2022-05-20', 1, '0.00', '', '0.00'),
(727, 277, 25, '2022-05-20', 1, '0.00', '', '0.00'),
(728, 359, 25, '2022-05-20', 1, '0.00', '', '0.00'),
(729, 327, 25, '2022-05-28', 1, '100.00', '', '0.00'),
(730, 327, 25, '2022-05-29', 1, '100.00', '', '0.00'),
(731, 308, 25, '2022-05-28', 1, '100.00', '', '0.00'),
(732, 310, 25, '2022-05-28', 1, '100.00', '', '0.00'),
(733, 273, 25, '2022-05-28', 1, '100.00', '', '0.00'),
(734, 298, 25, '2022-05-28', 1, '100.00', '', '0.00'),
(735, 270, 25, '2022-05-28', 1, '70.00', 'la ayuda es de 0.5 por asistir a tutoria presencia', '17.00'),
(736, 265, 25, '2022-05-28', 1, '100.00', '', '0.00'),
(737, 268, 25, '2022-05-28', 1, '100.00', '', '0.00'),
(738, 260, 25, '2022-05-28', 1, '100.00', '', '0.00'),
(739, 258, 25, '2022-05-28', 1, '50.00', '', '0.00'),
(740, 297, 25, '2022-05-28', 1, '100.00', '', '0.00'),
(741, 254, 25, '2022-05-28', 1, '100.00', '', '0.00'),
(742, 294, 25, '2022-05-28', 1, '100.00', '', '0.00'),
(743, 318, 25, '2022-05-28', 1, '100.00', '', '0.00'),
(744, 300, 25, '2022-05-28', 1, '100.00', '', '0.00'),
(745, 342, 25, '2022-05-28', 1, '100.00', '', '0.00'),
(881, 342, 25, '2022-05-29', 1, '100.00', '', '0.00'),
(747, 271, 25, '2022-05-28', 1, '100.00', '', '0.00'),
(748, 272, 25, '2022-05-28', 1, '100.00', '', '0.00'),
(749, 317, 25, '2022-05-28', 1, '50.00', '', '0.00'),
(750, 264, 25, '2022-05-28', 1, '100.00', '', '0.00'),
(751, 337, 25, '2022-05-28', 1, '100.00', '', '0.00'),
(752, 263, 25, '2022-05-28', 1, '100.00', '', '0.00'),
(753, 262, 25, '2022-05-28', 1, '100.00', '', '0.00'),
(754, 266, 25, '2022-05-28', 1, '100.00', '', '0.00'),
(755, 276, 25, '2022-05-28', 1, '50.00', '', '0.00'),
(756, 257, 25, '2022-05-28', 1, '100.00', '', '0.00'),
(757, 308, 25, '2022-05-29', 1, '100.00', '', '0.00'),
(758, 273, 25, '2022-05-29', 1, '100.00', '', '0.00'),
(759, 298, 25, '2022-05-29', 1, '100.00', '', '0.00'),
(760, 316, 25, '2022-05-29', 1, '100.00', '', '0.00'),
(761, 270, 25, '2022-05-29', 1, '100.00', '', '0.00'),
(762, 259, 25, '2022-05-29', 1, '100.00', '', '0.00'),
(763, 265, 25, '2022-05-29', 1, '100.00', '', '0.00'),
(764, 268, 25, '2022-05-29', 1, '100.00', '', '0.00'),
(765, 297, 25, '2022-05-29', 1, '100.00', '', '0.00'),
(766, 256, 25, '2022-05-29', 1, '100.00', '', '0.00'),
(767, 294, 25, '2022-05-29', 1, '100.00', '', '0.00'),
(768, 318, 25, '2022-05-29', 1, '100.00', '', '0.00'),
(769, 300, 25, '2022-05-29', 1, '100.00', '', '0.00'),
(770, 314, 25, '2022-05-29', 1, '100.00', '', '0.00'),
(771, 271, 25, '2022-05-29', 1, '100.00', '', '0.00'),
(772, 272, 25, '2022-05-29', 1, '100.00', '', '0.00'),
(773, 317, 25, '2022-05-29', 1, '20.00', '', '0.00'),
(774, 264, 25, '2022-05-29', 1, '100.00', '', '0.00'),
(775, 263, 25, '2022-05-29', 1, '100.00', '', '0.00'),
(776, 262, 25, '2022-05-29', 1, '100.00', '', '0.00'),
(777, 266, 25, '2022-05-29', 1, '100.00', '', '0.00'),
(778, 276, 25, '2022-05-29', 1, '80.00', '', '0.00'),
(779, 257, 25, '2022-05-29', 1, '100.00', '', '0.00'),
(780, 230, 26, '2022-05-29', 1, '100.00', '', '0.00'),
(781, 290, 26, '2022-05-29', 1, '0.00', '', '0.00'),
(782, 286, 26, '2022-05-29', 1, '60.00', '', '0.00'),
(783, 234, 26, '2022-05-29', 1, '100.00', '', '0.00'),
(784, 340, 26, '2022-05-29', 1, '100.00', '', '0.00'),
(785, 357, 26, '2022-05-29', 1, '60.00', '', '0.00'),
(786, 241, 26, '2022-05-29', 1, '100.00', '', '0.00'),
(787, 304, 26, '2022-05-29', 1, '0.00', 'x$20', '50.00'),
(788, 283, 26, '2022-05-29', 1, '0.00', '', '0.00'),
(789, 282, 26, '2022-05-29', 1, '80.00', '', '0.00'),
(790, 292, 26, '2022-05-29', 1, '0.00', '', '0.00'),
(791, 229, 26, '2022-05-29', 1, '100.00', '', '0.00'),
(792, 291, 26, '2022-05-29', 1, '100.00', '', '0.00'),
(793, 253, 26, '2022-05-29', 1, '100.00', '', '0.00'),
(794, 341, 26, '2022-05-29', 1, '100.00', '', '0.00'),
(795, 223, 26, '2022-05-29', 1, '100.00', '', '0.00'),
(796, 281, 26, '2022-05-29', 1, '100.00', '', '0.00'),
(797, 227, 26, '2022-05-29', 1, '20.00', '', '0.00'),
(798, 252, 26, '2022-05-29', 1, '100.00', '', '0.00'),
(799, 284, 26, '2022-05-29', 1, '100.00', '', '0.00'),
(800, 287, 26, '2022-05-29', 1, '50.00', '', '0.00'),
(801, 226, 26, '2022-05-29', 1, '0.00', '', '0.00'),
(802, 233, 26, '2022-05-29', 1, '100.00', '', '0.00'),
(803, 303, 26, '2022-05-29', 1, '100.00', '', '0.00'),
(804, 221, 26, '2022-05-29', 1, '80.00', '', '0.00'),
(805, 228, 26, '2022-05-29', 1, '100.00', '', '0.00'),
(806, 251, 26, '2022-05-29', 1, '0.00', '', '0.00'),
(807, 224, 26, '2022-05-29', 1, '100.00', '', '0.00'),
(808, 235, 26, '2022-05-29', 1, '100.00', '', '0.00'),
(809, 238, 26, '2022-05-29', 1, '100.00', '', '0.00'),
(810, 280, 26, '2022-05-29', 1, '100.00', '', '0.00'),
(811, 240, 26, '2022-05-29', 1, '100.00', '', '0.00'),
(812, 225, 26, '2022-05-29', 1, '100.00', '', '0.00'),
(813, 237, 26, '2022-05-29', 1, '100.00', '', '0.00'),
(814, 236, 26, '2022-05-29', 1, '0.00', '', '0.00'),
(815, 285, 26, '2022-05-29', 1, '100.00', '', '0.00'),
(816, 249, 26, '2022-05-29', 1, '100.00', '', '0.00'),
(817, 222, 26, '2022-05-29', 1, '0.00', '', '0.00'),
(818, 339, 26, '2022-05-29', 1, '100.00', '', '0.00'),
(819, 239, 26, '2022-05-29', 1, '100.00', '', '0.00'),
(820, 220, 26, '2022-05-29', 1, '100.00', '', '0.00'),
(821, 356, 26, '2022-05-29', 1, '0.00', '', '0.00'),
(822, 302, 26, '2022-05-29', 1, '0.00', '', '0.00'),
(823, 250, 26, '2022-05-29', 1, '100.00', '', '0.00'),
(824, 289, 26, '2022-05-29', 1, '0.00', '', '0.00'),
(825, 359, 25, '2022-05-28', 1, '0.00', 'Se dio la ayuda por el decano Lenin', '50.00'),
(826, 277, 25, '2022-05-28', 1, '0.00', '', '0.00'),
(827, 323, 25, '2022-05-28', 1, '0.00', '', '0.00'),
(828, 293, 25, '2022-05-28', 1, '0.00', '', '0.00'),
(829, 261, 25, '2022-05-28', 1, '0.00', '', '0.00'),
(830, 321, 25, '2022-05-28', 1, '0.00', '', '0.00'),
(831, 299, 25, '2022-05-28', 1, '100.00', '', '0.00'),
(832, 322, 25, '2022-05-28', 1, '0.00', '', '0.00'),
(833, 320, 25, '2022-05-28', 1, '0.00', '', '0.00'),
(834, 311, 25, '2022-05-28', 1, '0.00', '', '0.00'),
(835, 353, 25, '2022-05-28', 1, '0.00', '', '0.00'),
(836, 319, 25, '2022-05-28', 1, '0.00', '', '0.00'),
(837, 279, 25, '2022-05-28', 1, '100.00', '', '0.00'),
(838, 269, 25, '2022-05-28', 1, '0.00', '', '0.00'),
(839, 309, 25, '2022-05-28', 1, '0.00', '', '0.00'),
(840, 278, 25, '2022-05-28', 1, '100.00', '', '0.00'),
(841, 274, 25, '2022-05-28', 1, '0.00', '', '0.00'),
(842, 267, 25, '2022-05-28', 1, '0.00', '', '0.00'),
(886, 316, 25, '2022-02-13', 1, '100.00', '', '0.00'),
(885, 342, 25, '2022-04-06', 1, '50.00', '', '0.00'),
(884, 342, 25, '2022-03-26', 1, '80.00', '', '0.00'),
(843, 228, 26, '2022-05-30', 1, '100.00', '', '0.00'),
(844, 264, 25, '2022-05-20', 1, '70.00', '', '0.00'),
(845, 230, 26, '2022-05-30', 1, '70.00', 'Se ayuda con 0.5 por participar en webinar\nSe ayudo con 0.5 por aistir ala feria', '26.00'),
(846, 286, 26, '2022-05-30', 1, '80.00', '', '0.00'),
(847, 340, 26, '2022-05-30', 1, '100.00', '', '0.00'),
(848, 241, 26, '2022-05-30', 1, '100.00', '', '0.00'),
(849, 282, 26, '2022-05-30', 1, '100.00', '', '0.00'),
(850, 229, 26, '2022-05-30', 1, '100.00', '', '0.00'),
(851, 291, 26, '2022-05-30', 1, '100.00', '', '0.00'),
(852, 253, 26, '2022-05-30', 1, '100.00', '', '0.00'),
(853, 341, 26, '2022-05-30', 1, '100.00', '', '0.00'),
(854, 223, 26, '2022-05-30', 1, '100.00', '', '0.00'),
(855, 281, 26, '2022-05-30', 1, '60.00', 'Ayuda de 1 punto por $30 de seminario ', '25.00'),
(856, 252, 26, '2022-05-30', 1, '80.00', 'Ayuda medio punto por participar en clases', '13.00'),
(857, 284, 26, '2022-05-30', 1, '100.00', '', '0.00'),
(858, 287, 26, '2022-05-30', 1, '100.00', '', '0.00'),
(859, 233, 26, '2022-05-30', 1, '50.00', 'De 20 a 50', '0.00'),
(860, 224, 26, '2022-05-30', 1, '100.00', '', '0.00'),
(861, 235, 26, '2022-05-30', 1, '50.00', '', '0.00'),
(862, 238, 26, '2022-05-30', 1, '100.00', '', '0.00'),
(863, 280, 26, '2022-05-30', 1, '100.00', '', '0.00'),
(864, 240, 26, '2022-05-30', 1, '100.00', '', '0.00'),
(865, 225, 26, '2022-05-30', 1, '100.00', '', '0.00'),
(866, 237, 26, '2022-05-30', 1, '100.00', '', '0.00'),
(867, 285, 26, '2022-05-30', 1, '100.00', '', '0.00'),
(868, 249, 26, '2022-05-30', 1, '100.00', '', '0.00'),
(869, 339, 26, '2022-05-30', 1, '100.00', '', '0.00'),
(870, 220, 26, '2022-05-30', 1, '80.00', '', '0.00'),
(871, 250, 26, '2022-05-30', 1, '100.00', '', '0.00'),
(872, 314, 25, '2022-05-28', 1, '100.00', '', '0.00'),
(873, 312, 25, '2022-05-20', 1, '50.00', '', '0.00'),
(874, 312, 25, '2022-05-28', 1, '100.00', '', '0.00'),
(875, 312, 25, '2022-05-29', 1, '80.00', '', '0.00'),
(876, 223, 26, '2022-02-13', 1, '100.00', '', '0.00'),
(877, 223, 26, '2022-02-27', 1, '100.00', '', '0.00'),
(878, 223, 26, '2022-03-25', 1, '80.00', '', '0.00'),
(879, 223, 26, '2022-03-26', 1, '80.00', '', '0.00'),
(880, 279, 25, '2022-05-29', 1, '100.00', '', '0.00'),
(888, 316, 25, '2022-03-26', 1, '50.00', '', '0.00'),
(889, 316, 25, '2022-04-06', 1, '30.00', '', '0.00'),
(890, 316, 25, '2022-05-28', 1, '100.00', '', '0.00'),
(891, 357, 26, '2022-02-13', 1, '100.00', '', '0.00'),
(892, 357, 26, '2022-02-27', 1, '100.00', '', '0.00'),
(893, 357, 26, '2022-03-25', 1, '40.00', '', '0.00'),
(894, 357, 26, '2022-03-26', 1, '70.00', '', '0.00'),
(895, 337, 25, '2022-05-29', 1, '100.00', '', '0.00'),
(896, 338, 25, '2022-05-28', 1, '60.00', 'la ayuda se dio por 1 punto de la feria', '34.00'),
(897, 338, 25, '2022-05-29', 1, '80.00', 'la ayuda consitio en 0.5 punto por asistir a taller presencial', '13.00'),
(898, 338, 25, '2022-02-13', 1, '10.00', '', '0.00'),
(899, 338, 25, '2022-03-26', 1, '30.00', '', '0.00'),
(900, 256, 25, '2022-05-28', 1, '50.00', '', '0.00'),
(901, 304, 26, '2022-02-13', 1, '100.00', '', '0.00'),
(902, 304, 26, '2022-03-25', 1, '50.00', '', '0.00'),
(903, 258, 25, '2022-05-29', 1, '100.00', '', '0.00'),
(904, 357, 26, '2022-05-30', 1, '50.00', '', '0.00'),
(905, 254, 25, '2022-05-29', 1, '100.00', '', '0.00'),
(906, 335, 25, '2022-02-13', 1, '80.00', '', '0.00'),
(907, 335, 25, '2022-03-26', 1, '90.00', '', '0.00'),
(908, 335, 25, '2022-04-06', 1, '40.00', '', '0.00'),
(909, 335, 25, '2022-05-28', 1, '80.00', '', '0.00'),
(910, 335, 25, '2022-05-29', 1, '80.00', '', '0.00'),
(911, 221, 26, '2022-05-30', 1, '100.00', '', '0.00'),
(912, 299, 25, '2022-05-29', 1, '100.00', '', '0.00'),
(913, 259, 25, '2022-05-28', 1, '100.00', '', '0.00'),
(914, 310, 25, '2022-05-29', 1, '100.00', '', '0.00'),
(915, 220, 34, '0000-00-00', 1, '100.00', 'CREACIN DE REPOSITORIO ApellidoNombreYosoy', '0.00'),
(916, 220, 34, '2022-06-01', 1, '100.00', 'CREACION DE REPO ApellidoNombreYosoy', '0.00'),
(917, 220, 34, '2022-06-02', 1, '100.00', 'Clonacin del repo, creacin del programa menu.cpp y actualizacin todo subido al Github ', '0.00'),
(918, 229, 34, '2022-06-02', 1, '100.00', '', '0.00'),
(919, 229, 34, '2022-06-01', 1, '100.00', '', '0.00'),
(920, 260, 25, '2022-05-29', 1, '100.00', '', '0.00'),
(921, 303, 26, '2022-05-30', 1, '50.00', '', '0.00'),
(922, 278, 25, '2022-05-29', 1, '100.00', '', '0.00'),
(923, 338, 25, '2022-06-07', 1, '50.00', 'La ayuda se da por la participacion en la feria ', '50.00'),
(924, 276, 25, '2022-06-07', 1, '30.00', 'Se la ayudo por Rudi Garcia del Rectorado', '60.00');
INSERT INTO `participacion` (`idparticipacion`, `idpersona`, `idevento`, `fecha`, `idtipoparticipacion`, `porcentaje`, `comentario`, `ayuda`) VALUES
(925, 220, 26, '2022-03-26', 1, '100.00', '', '0.00'),
(926, 220, 26, '2022-02-13', 1, '100.00', '', '0.00'),
(927, 220, 26, '2022-03-25', 1, '50.00', '', '0.00'),
(928, 287, 26, '2022-06-09', 1, '10.00', 'El examen es el mismo que presento la estudiante sevilla', '0.00'),
(929, 281, 26, '2022-06-09', 1, '100.00', 'El examen es el mismo que presento la estudiante chichande', '0.00'),
(930, 395, 25, '2022-02-13', 1, '0.00', 'no asiote', '0.00'),
(931, 396, 25, '2022-02-13', 1, '0.00', '', '0.00'),
(932, 397, 25, '2022-02-13', 1, '0.00', '', '0.00'),
(933, 398, 25, '2022-02-13', 1, '0.00', '', '0.00'),
(934, 399, 25, '2022-02-13', 1, '0.00', '', '0.00'),
(935, 400, 25, '2022-02-13', 0, '0.00', '', '0.00'),
(936, 401, 25, '2022-02-13', 1, '0.00', '', '0.00'),
(937, 402, 25, '2022-02-13', 1, '0.00', '', '0.00'),
(938, 403, 25, '2022-02-13', 1, '0.00', '', '0.00'),
(939, 404, 25, '2022-02-13', 1, '0.00', '', '0.00'),
(940, 408, 25, '2022-02-13', 1, '0.00', '', '0.00'),
(941, 407, 25, '2022-02-13', 1, '0.00', '', '0.00'),
(942, 406, 25, '2022-02-13', 1, '0.00', '', '0.00'),
(943, 405, 25, '2022-02-13', 1, '0.00', '', '0.00'),
(944, 359, 25, '2022-02-13', 1, '0.00', '', '70.00'),
(945, 311, 25, '2022-06-07', 1, '50.00', '', '0.00'),
(946, 312, 25, '2022-06-07', 1, '80.00', '', '0.00'),
(947, 239, 26, '2022-06-09', 1, '20.00', '', '0.00'),
(948, 232, 26, '2022-02-13', 0, '0.00', '', '0.00'),
(949, 409, 26, '2022-02-13', 1, '0.00', '', '0.00'),
(950, 304, 26, '2022-05-30', 0, '0.00', 'x $20', '50.00'),
(951, 261, 25, '2022-06-07', 0, '50.00', '', '0.00'),
(952, 318, 25, '2022-06-07', 0, '80.00', '', '0.00'),
(953, 274, 25, '2022-06-07', 1, '20.00', '', '0.00'),
(954, 304, 26, '2022-06-09', 1, '0.00', 'AYUDA POR COLABORAR $40', '100.00'),
(955, 234, 26, '2022-06-09', 1, '50.00', 'SOLO TENEI ALA MITAD DEL TRABAJO', '0.00'),
(956, 234, 26, '2022-05-30', 1, '0.00', 'SE AYUDA CON 1PTO , 1/2 POR ASISTENCIA A TURORIAS PRESENCIALES Y 1/2 POR ASISTENCIAS A FERIA', '25.00'),
(957, 341, 26, '2022-03-26', 1, '100.00', '', '0.00'),
(958, 341, 26, '2022-02-13', 1, '80.00', '', '0.00'),
(959, 341, 26, '2022-02-27', 1, '100.00', '', '0.00'),
(960, 341, 26, '2022-03-25', 1, '40.00', '', '0.00'),
(961, 357, 26, '2022-06-09', 1, '100.00', '', '0.00'),
(962, 359, 25, '2022-03-26', 1, '0.00', 'Se dio la ayuda por peticion del decano Lenin', '50.00'),
(963, 359, 25, '2022-04-06', 1, '0.00', 'Se dia la ayuda por peticion del decano Lenin', '50.00'),
(964, 359, 25, '2022-06-07', 1, '0.00', 'se dio la ayuda por el decano lenin', '100.00'),
(965, 359, 25, '2022-05-29', 1, '0.00', 'Se dio la ayuda por pedido del decano Lenin', '50.00');

-- --------------------------------------------------------

--
-- Stand-in structure for view `participacion1`
-- (See below for the actual view)
--
CREATE TABLE `participacion1` (
`idparticipacion` int(11)
,`idevento` int(11)
,`fecha` date
,`porcentaje` decimal(5,2)
,`ayuda` decimal(10,2)
,`idpersona` int(11)
,`nombres` varchar(101)
,`comentario` text
);

-- --------------------------------------------------------

--
-- Stand-in structure for view `participacion2`
-- (See below for the actual view)
--
CREATE TABLE `participacion2` (
`idparticipacion` int(11)
,`idevento` int(11)
,`fecha` date
,`porcentaje` decimal(5,2)
,`ayuda` decimal(10,2)
,`idpersona` int(11)
,`nombres` varchar(101)
,`comentario` text
,`idgenero` int(11)
,`genero` varchar(45)
,`idinstitucion` int(11)
,`colegio` varchar(45)
,`idparticipanteestado` int(11)
);

-- --------------------------------------------------------

--
-- Table structure for table `participante`
--

CREATE TABLE `participante` (
  `idevento` int(11) NOT NULL,
  `idpersona` int(11) NOT NULL,
  `idparticipante` int(11) NOT NULL,
  `iddocumento` int(11) DEFAULT NULL,
  `idparticipanteestado` int(11) DEFAULT NULL
) ENGINE=InnoDB DEFAULT CHARSET=utf8mb4;

--
-- Dumping data for table `participante`
--

INSERT INTO `participante` (`idevento`, `idpersona`, `idparticipante`, `iddocumento`, `idparticipanteestado`) VALUES
(1, 25, 1, NULL, NULL),
(1, 26, 2, NULL, NULL),
(1, 27, 3, NULL, NULL),
(3, 25, 4, NULL, NULL),
(6, 167, 6, NULL, NULL),
(7, 169, 8, NULL, NULL),
(7, 170, 9, NULL, NULL),
(7, 171, 10, NULL, NULL),
(7, 173, 12, NULL, NULL),
(7, 174, 13, NULL, NULL),
(7, 175, 14, NULL, NULL),
(7, 176, 15, NULL, NULL),
(7, 177, 16, NULL, NULL),
(7, 179, 18, NULL, NULL),
(7, 180, 19, NULL, NULL),
(7, 181, 20, NULL, NULL),
(7, 182, 21, NULL, NULL),
(7, 183, 22, NULL, NULL),
(7, 184, 23, NULL, NULL),
(7, 185, 24, NULL, NULL),
(7, 186, 25, NULL, NULL),
(7, 187, 26, NULL, NULL),
(7, 188, 27, NULL, NULL),
(7, 189, 28, NULL, NULL),
(7, 190, 29, NULL, NULL),
(7, 191, 30, NULL, NULL),
(7, 192, 31, NULL, NULL),
(7, 193, 32, NULL, NULL),
(7, 194, 33, NULL, NULL),
(7, 195, 34, NULL, NULL),
(7, 196, 35, NULL, NULL),
(7, 197, 36, NULL, NULL),
(7, 198, 37, NULL, NULL),
(7, 199, 38, NULL, NULL),
(7, 200, 39, NULL, NULL),
(7, 201, 40, NULL, NULL),
(7, 202, 41, NULL, NULL),
(7, 203, 42, NULL, NULL),
(7, 204, 43, NULL, NULL),
(7, 206, 45, NULL, NULL),
(7, 207, 46, NULL, NULL),
(7, 208, 47, NULL, NULL),
(8, 209, 48, 144, NULL),
(8, 8, 49, 144, NULL),
(8, 83, 50, NULL, NULL),
(8, 220, 53, NULL, NULL),
(8, 221, 54, NULL, NULL),
(8, 222, 55, NULL, NULL),
(8, 223, 56, NULL, NULL),
(8, 224, 57, 174, NULL),
(8, 225, 58, NULL, NULL),
(8, 226, 59, NULL, NULL),
(8, 227, 60, NULL, NULL),
(8, 228, 61, NULL, NULL),
(8, 229, 62, NULL, NULL),
(8, 230, 63, NULL, NULL),
(8, 232, 65, NULL, NULL),
(8, 233, 66, NULL, NULL),
(8, 234, 67, NULL, NULL),
(8, 235, 68, NULL, NULL),
(8, 236, 69, NULL, NULL),
(8, 237, 70, NULL, NULL),
(8, 238, 71, NULL, NULL),
(8, 239, 72, 173, NULL),
(8, 240, 73, NULL, NULL),
(8, 241, 74, NULL, NULL),
(8, 244, 75, NULL, NULL),
(10, 246, 77, 177, NULL),
(24, 247, 78, 179, NULL),
(24, 142, 79, 180, NULL),
(24, 158, 80, 181, NULL),
(24, 170, 81, 182, NULL),
(24, 35, 82, 183, NULL),
(9, 224, 83, NULL, NULL),
(26, 239, 84, 188, NULL),
(26, 224, 85, NULL, NULL),
(26, 222, 86, 196, NULL),
(24, 248, 87, NULL, NULL),
(26, 229, 88, NULL, NULL),
(26, 249, 89, 190, NULL),
(26, 250, 90, 192, NULL),
(26, 252, 91, NULL, NULL),
(26, 253, 92, 193, NULL),
(27, 18, 93, NULL, NULL),
(27, 159, 95, NULL, NULL),
(25, 254, 96, NULL, NULL),
(25, 256, 98, NULL, NULL),
(25, 257, 99, NULL, NULL),
(25, 258, 100, NULL, NULL),
(25, 259, 101, NULL, NULL),
(25, 260, 102, NULL, NULL),
(25, 261, 103, NULL, NULL),
(25, 262, 104, NULL, NULL),
(8, 263, 105, 184, NULL),
(25, 264, 106, NULL, NULL),
(25, 265, 107, 0, 1),
(25, 266, 108, NULL, NULL),
(25, 267, 109, NULL, NULL),
(25, 268, 110, NULL, NULL),
(25, 269, 111, NULL, NULL),
(25, 270, 112, NULL, NULL),
(25, 271, 113, NULL, NULL),
(25, 272, 114, NULL, NULL),
(25, 273, 115, NULL, NULL),
(25, 274, 116, NULL, NULL),
(25, 275, 117, NULL, NULL),
(25, 276, 118, NULL, NULL),
(8, 277, 119, NULL, NULL),
(24, 264, 120, NULL, NULL),
(24, 263, 121, 185, NULL),
(25, 278, 122, NULL, NULL),
(9, 277, 123, NULL, NULL),
(9, 279, 125, NULL, NULL),
(26, 235, 126, NULL, NULL),
(26, 234, 127, NULL, NULL),
(26, 280, 128, NULL, NULL),
(26, 240, 129, NULL, NULL),
(26, 228, 130, NULL, NULL),
(26, 238, 131, NULL, NULL),
(26, 241, 132, NULL, NULL),
(26, 233, 133, NULL, NULL),
(26, 227, 134, NULL, NULL),
(26, 281, 135, 0, 1),
(26, 225, 136, NULL, NULL),
(26, 282, 137, NULL, NULL),
(26, 283, 138, NULL, NULL),
(26, 284, 139, NULL, NULL),
(26, 237, 140, NULL, NULL),
(26, 285, 141, 198, NULL),
(26, 286, 142, NULL, NULL),
(26, 287, 143, 201, NULL),
(26, 230, 144, NULL, NULL),
(24, 288, 145, 186, NULL),
(8, 289, 146, NULL, NULL),
(9, 226, 148, NULL, NULL),
(8, 291, 149, NULL, NULL),
(26, 292, 150, NULL, NULL),
(25, 293, 151, NULL, NULL),
(25, 294, 152, NULL, NULL),
(25, 263, 155, 0, 1),
(25, 297, 156, NULL, NULL),
(25, 298, 157, NULL, NULL),
(24, 299, 158, 200, NULL),
(25, 300, 159, NULL, NULL),
(26, 302, 161, NULL, NULL),
(9, 236, 162, NULL, NULL),
(26, 303, 163, 195, NULL),
(9, 304, 164, 0, 1),
(25, 308, 168, NULL, NULL),
(25, 309, 169, NULL, NULL),
(25, 299, 170, NULL, NULL),
(25, 279, 171, NULL, NULL),
(25, 310, 172, NULL, NULL),
(25, 311, 173, NULL, NULL),
(25, 314, 176, NULL, NULL),
(24, 316, 178, 199, NULL),
(25, 317, 179, NULL, NULL),
(25, 318, 180, NULL, NULL),
(25, 319, 181, NULL, NULL),
(25, 320, 182, NULL, NULL),
(25, 312, 183, NULL, NULL),
(25, 321, 184, NULL, NULL),
(25, 322, 185, NULL, NULL),
(25, 323, 186, NULL, NULL),
(25, 327, 190, NULL, NULL),
(26, 291, 191, NULL, NULL),
(26, 290, 192, NULL, NULL),
(19, 8, 193, NULL, NULL),
(24, 331, 201, 187, NULL),
(7, 332, 202, NULL, NULL),
(7, 333, 203, NULL, NULL),
(7, 334, 204, NULL, NULL),
(19, 170, 205, NULL, NULL),
(25, 335, 206, NULL, NULL),
(25, 337, 210, NULL, NULL),
(26, 220, 211, NULL, NULL),
(25, 338, 215, NULL, NULL),
(26, 304, 216, 0, 1),
(25, 277, 217, NULL, NULL),
(26, 221, 218, NULL, NULL),
(26, 236, 221, NULL, NULL),
(25, 283, 222, NULL, NULL),
(26, 339, 224, NULL, NULL),
(26, 289, 225, NULL, NULL),
(26, 226, 226, NULL, NULL),
(26, 223, 227, 194, NULL),
(26, 340, 228, 0, 1),
(26, 341, 229, NULL, NULL),
(28, 83, 230, 191, NULL),
(9, 327, 232, NULL, NULL),
(25, 342, 234, NULL, NULL),
(25, 316, 235, 0, 1),
(28, 343, 236, 204, NULL),
(28, 344, 237, NULL, NULL),
(28, 345, 238, NULL, NULL),
(28, 346, 239, NULL, NULL),
(28, 347, 240, NULL, NULL),
(28, 348, 241, NULL, NULL),
(28, 349, 242, NULL, NULL),
(28, 350, 243, NULL, NULL),
(28, 351, 244, NULL, NULL),
(28, 352, 245, 205, NULL),
(24, 275, 246, NULL, NULL),
(8, 252, 247, NULL, NULL),
(25, 353, 248, NULL, NULL),
(25, 354, 249, NULL, NULL),
(24, 355, 250, 202, NULL),
(8, 356, 251, NULL, NULL),
(26, 356, 252, NULL, NULL),
(26, 357, 253, 0, 1),
(29, 254, 254, NULL, NULL),
(29, 294, 255, NULL, NULL),
(29, 258, 256, NULL, NULL),
(8, 278, 257, NULL, NULL),
(29, 268, 258, NULL, NULL),
(29, 259, 259, NULL, NULL),
(29, 252, 260, NULL, NULL),
(29, 226, 261, NULL, NULL),
(29, 291, 262, NULL, NULL),
(29, 273, 263, NULL, NULL),
(29, 220, 264, NULL, NULL),
(29, 221, 265, NULL, NULL),
(29, 256, 266, NULL, NULL),
(29, 314, 267, NULL, NULL),
(8, 284, 268, NULL, NULL),
(29, 278, 269, NULL, NULL),
(29, 270, 270, NULL, NULL),
(29, 299, 271, NULL, NULL),
(29, 287, 272, NULL, NULL),
(29, 316, 273, NULL, NULL),
(29, 263, 274, NULL, NULL),
(29, 228, 275, NULL, NULL),
(29, 240, 276, NULL, NULL),
(29, 337, 277, NULL, NULL),
(29, 224, 278, NULL, NULL),
(29, 284, 279, NULL, NULL),
(29, 230, 280, NULL, NULL),
(29, 257, 281, NULL, NULL),
(25, 358, 282, NULL, NULL),
(25, 359, 283, NULL, NULL),
(26, 251, 284, NULL, NULL),
(7, 361, 286, NULL, NULL),
(7, 362, 287, NULL, NULL),
(30, 180, 288, NULL, NULL),
(30, 189, 289, 210, NULL),
(7, 363, 290, NULL, NULL),
(30, 188, 291, NULL, NULL),
(30, 198, 292, 219, NULL),
(7, 364, 293, NULL, NULL),
(30, 365, 294, NULL, NULL),
(30, 186, 295, 217, NULL),
(30, 173, 296, NULL, NULL),
(30, 204, 297, NULL, NULL),
(30, 175, 298, 216, NULL),
(30, 191, 299, 211, NULL),
(30, 203, 300, NULL, NULL),
(30, 184, 301, NULL, NULL),
(30, 182, 302, 218, NULL),
(30, 363, 303, NULL, NULL),
(30, 364, 304, 221, NULL),
(30, 187, 305, NULL, NULL),
(30, 192, 306, 213, NULL),
(30, 334, 307, 214, NULL),
(30, 199, 308, 215, NULL),
(7, 365, 309, NULL, NULL),
(30, 8, 313, 212, NULL),
(31, 34, 314, 242, NULL),
(30, 369, 315, 220, NULL),
(30, 370, 316, 224, NULL),
(32, 371, 317, 223, NULL),
(24, 372, 318, NULL, NULL),
(33, 11, 319, NULL, NULL),
(33, 18, 320, NULL, NULL),
(33, 8, 321, NULL, NULL),
(33, 373, 322, NULL, NULL),
(33, 24, 323, NULL, NULL),
(33, 26, 324, NULL, NULL),
(33, 19, 325, NULL, NULL),
(33, 374, 326, NULL, NULL),
(31, 370, 327, 232, NULL),
(33, 159, 328, NULL, NULL),
(33, 126, 329, NULL, NULL),
(31, 375, 330, NULL, NULL),
(32, 376, 331, 229, NULL),
(32, 377, 332, 238, NULL),
(32, 378, 333, 236, NULL),
(32, 379, 334, 230, NULL),
(32, 380, 335, 237, NULL),
(32, 381, 336, 234, NULL),
(32, 382, 337, 235, NULL),
(32, 83, 338, 231, 2),
(34, 8, 340, NULL, NULL),
(26, 383, 341, NULL, NULL),
(34, 221, 342, NULL, NULL),
(34, 287, 343, NULL, NULL),
(34, 289, 344, NULL, NULL),
(34, 263, 345, NULL, NULL),
(34, 220, 346, NULL, NULL),
(34, 230, 347, NULL, NULL),
(34, 276, 348, NULL, NULL),
(34, 312, 349, NULL, NULL),
(34, 274, 350, NULL, NULL),
(34, 359, 351, NULL, NULL),
(8, 276, 352, NULL, NULL),
(34, 229, 354, NULL, NULL),
(34, 294, 355, NULL, NULL),
(34, 281, 356, NULL, NULL),
(34, 240, 357, NULL, NULL),
(31, 384, 358, NULL, NULL),
(31, 385, 359, NULL, NULL),
(31, 386, 360, NULL, NULL),
(31, 387, 361, 313, NULL),
(31, 388, 362, NULL, NULL),
(34, 389, 363, NULL, NULL),
(32, 8, 364, 233, NULL),
(31, 390, 365, NULL, NULL),
(31, 391, 366, 351, NULL),
(31, 392, 367, 338, NULL),
(33, 10, 368, NULL, NULL),
(33, 12, 369, NULL, NULL),
(33, 27, 370, NULL, NULL),
(33, 13, 371, NULL, NULL),
(33, 49, 372, NULL, NULL),
(33, 25, 373, NULL, NULL),
(33, 21, 374, NULL, NULL),
(33, 20, 375, NULL, NULL),
(33, 17, 376, NULL, NULL),
(33, 14, 377, NULL, NULL),
(33, 16, 378, NULL, NULL),
(33, 15, 379, NULL, NULL),
(33, 23, 380, NULL, NULL),
(33, 393, 381, NULL, NULL),
(1, 8, 382, NULL, NULL),
(33, 394, 383, NULL, NULL),
(33, 28, 384, NULL, NULL),
(33, 9, 385, NULL, NULL),
(25, 395, 386, NULL, NULL),
(25, 396, 387, NULL, NULL),
(25, 397, 388, NULL, NULL),
(25, 398, 389, NULL, NULL),
(25, 399, 390, NULL, NULL),
(25, 400, 391, NULL, NULL),
(25, 401, 392, NULL, NULL),
(25, 402, 393, NULL, NULL),
(25, 403, 394, NULL, NULL),
(25, 404, 395, NULL, NULL),
(25, 405, 396, NULL, NULL),
(25, 406, 397, NULL, NULL),
(25, 407, 398, NULL, NULL),
(25, 408, 399, NULL, NULL),
(26, 232, 400, NULL, NULL),
(26, 409, 401, 0, 3),
(8, 410, 402, NULL, NULL),
(33, 410, 403, NULL, NULL),
(33, 412, 405, NULL, NULL),
(31, 413, 406, 240, NULL),
(31, 414, 407, 243, NULL),
(31, 415, 408, 244, NULL),
(31, 416, 409, 245, NULL),
(31, 417, 410, 246, NULL),
(31, 418, 411, 247, NULL),
(31, 419, 412, 248, NULL),
(31, 420, 413, 249, NULL),
(31, 421, 414, 250, NULL),
(31, 422, 415, 251, NULL),
(31, 423, 416, 252, NULL),
(31, 424, 417, 253, NULL),
(31, 425, 418, 254, NULL),
(31, 426, 419, 255, NULL),
(31, 427, 420, 256, NULL),
(31, 428, 421, 257, NULL),
(31, 429, 422, 258, NULL),
(31, 430, 423, 273, NULL),
(31, 431, 424, 274, NULL),
(31, 432, 425, 272, NULL),
(31, 433, 426, 275, NULL),
(31, 434, 427, 276, NULL),
(31, 435, 428, 277, NULL),
(31, 436, 429, 278, NULL),
(31, 437, 430, 271, NULL),
(31, 438, 431, 270, NULL),
(31, 439, 432, 269, NULL),
(31, 440, 433, 267, NULL),
(31, 441, 434, 268, NULL),
(31, 442, 435, 266, NULL),
(31, 443, 436, 265, NULL),
(31, 444, 437, 264, NULL),
(31, 445, 438, 263, NULL),
(31, 446, 439, 262, NULL),
(31, 447, 440, 261, NULL),
(31, 448, 441, 259, NULL),
(31, 449, 442, NULL, NULL),
(31, 450, 443, 260, NULL),
(31, 451, 444, 279, NULL),
(31, 452, 445, 280, NULL),
(31, 453, 446, 281, NULL),
(31, 454, 447, 282, NULL),
(31, 455, 448, 283, NULL),
(31, 456, 449, 284, NULL),
(31, 457, 450, 292, NULL),
(31, 458, 451, 293, NULL),
(31, 459, 452, 294, NULL),
(31, 460, 453, 295, NULL),
(31, 461, 454, 296, NULL),
(31, 462, 455, 297, NULL),
(31, 463, 456, 298, NULL),
(31, 464, 457, 312, NULL),
(31, 465, 458, 314, NULL),
(31, 466, 459, 315, NULL),
(31, 467, 460, 316, NULL),
(31, 468, 461, 317, NULL),
(31, 469, 462, 311, NULL),
(31, 470, 463, 310, NULL),
(31, 471, 464, 309, NULL),
(31, 472, 465, 308, NULL),
(31, 473, 466, 307, NULL),
(31, 474, 467, 306, NULL),
(31, 475, 468, 305, NULL),
(31, 476, 469, 304, NULL),
(31, 477, 470, 303, NULL),
(31, 478, 471, 302, NULL),
(31, 479, 472, 301, NULL),
(31, 480, 473, 300, NULL),
(31, 481, 474, 299, NULL),
(31, 482, 475, 290, NULL),
(31, 483, 476, 289, NULL),
(31, 484, 477, 288, NULL),
(31, 485, 478, 287, NULL),
(31, 486, 479, 286, NULL),
(31, 487, 480, 285, NULL),
(31, 488, 481, 241, NULL),
(31, 489, 482, 352, NULL),
(31, 490, 483, NULL, NULL),
(31, 491, 484, 360, NULL),
(31, 492, 485, 361, NULL),
(31, 493, 486, 375, NULL),
(31, 494, 487, 376, NULL),
(31, 495, 488, 377, NULL),
(31, 496, 489, 378, NULL),
(31, 497, 490, 357, NULL),
(31, 498, 491, 356, NULL),
(31, 499, 492, 355, NULL),
(31, 500, 493, 354, NULL),
(31, 501, 494, 358, NULL),
(31, 502, 495, 359, NULL),
(31, 503, 496, 353, NULL),
(31, 504, 497, 362, NULL),
(31, 505, 498, 363, NULL),
(31, 412, 499, 364, NULL),
(31, 506, 500, 365, NULL),
(31, 507, 501, 366, NULL),
(31, 508, 502, 367, NULL),
(31, 509, 503, 368, NULL),
(31, 510, 504, 369, NULL),
(31, 511, 505, 370, NULL),
(31, 512, 506, 319, NULL),
(31, 513, 507, 371, NULL),
(31, 514, 508, 372, NULL),
(31, 515, 509, 373, NULL),
(31, 516, 510, 374, NULL),
(31, 517, 511, 318, NULL),
(31, 518, 512, 320, NULL),
(31, 519, 513, 321, NULL),
(31, 520, 514, 322, NULL),
(31, 521, 515, 323, NULL),
(31, 522, 516, 324, NULL),
(31, 523, 517, 325, NULL),
(31, 524, 518, 326, NULL),
(31, 525, 519, 327, NULL),
(31, 526, 520, 328, NULL),
(31, 527, 521, 329, NULL),
(31, 528, 522, 330, NULL),
(31, 529, 523, 331, NULL),
(31, 530, 524, 332, NULL),
(31, 531, 525, 333, NULL),
(31, 532, 526, 340, NULL),
(31, 533, 527, 341, NULL),
(31, 534, 528, 342, NULL),
(31, 535, 529, 343, NULL),
(31, 536, 530, 346, NULL),
(31, 537, 531, 344, NULL),
(31, 538, 532, 345, NULL),
(31, 539, 533, 347, NULL),
(31, 540, 534, 348, NULL),
(31, 541, 535, 349, NULL),
(31, 542, 536, 350, NULL),
(31, 543, 537, 335, NULL),
(31, 544, 538, 334, NULL),
(31, 545, 539, 336, NULL),
(31, 546, 540, 337, NULL),
(31, 410, 541, 339, NULL),
(31, 547, 542, NULL, NULL),
(31, 548, 543, NULL, NULL),
(31, 549, 544, NULL, NULL),
(32, 550, 545, 291, NULL),
(35, 8, 546, NULL, NULL),
(35, 551, 547, NULL, NULL),
(35, 552, 548, NULL, NULL),
(35, 553, 549, NULL, NULL),
(35, 554, 550, NULL, NULL),
(35, 83, 551, NULL, NULL),
(35, 555, 552, NULL, NULL),
(35, 556, 553, NULL, NULL),
(35, 557, 554, NULL, NULL),
(35, 558, 555, NULL, NULL),
(35, 82, 556, NULL, NULL),
(35, 559, 557, NULL, NULL),
(35, 560, 558, NULL, NULL),
(35, 561, 559, NULL, NULL);

-- --------------------------------------------------------

--
-- Stand-in structure for view `participante1`
-- (See below for the actual view)
--
CREATE TABLE `participante1` (
`idparticipante` int(11)
,`idevento` int(11)
,`elevento` varchar(200)
,`idpersona` int(11)
,`nombres` varchar(101)
);

-- --------------------------------------------------------

--
-- Table structure for table `participanteestado`
--

CREATE TABLE `participanteestado` (
  `idparticipanteestado` int(11) NOT NULL,
  `nombre` varchar(50) DEFAULT NULL
) ENGINE=MyISAM DEFAULT CHARSET=latin1;

--
-- Dumping data for table `participanteestado`
--

INSERT INTO `participanteestado` (`idparticipanteestado`, `nombre`) VALUES
(1, 'PENDIENTE'),
(2, 'TERMINADO OK'),
(3, 'TERMINADO  NO OK');

-- --------------------------------------------------------

--
-- Table structure for table `password`
--

CREATE TABLE `password` (
  `idpassword` int(11) NOT NULL,
  `password` varchar(100) DEFAULT NULL,
  `idusuario` int(11) DEFAULT NULL,
  `idevento` int(11) DEFAULT NULL,
  `onoff` tinyint(4) DEFAULT NULL,
  `fechaon` datetime DEFAULT NULL,
  `fechaoff` datetime DEFAULT NULL
) ENGINE=MyISAM DEFAULT CHARSET=latin1;

--
-- Dumping data for table `password`
--

INSERT INTO `password` (`idpassword`, `password`, `idusuario`, `idevento`, `onoff`, `fechaon`, `fechaoff`) VALUES
(4, '123456', 11, 8, 0, '2012-04-22 11:11:22', '2001-06-22 12:51:12'),
(5, '12345678', 10, 27, 0, NULL, '2007-05-22 11:41:24'),
(191, 'angelymagali1', 187, 7, 1, '2002-05-22 08:23:36', '0000-00-00 00:00:00'),
(8, '19032004@', 139, 25, 0, '2013-04-22 06:15:13', '2025-04-22 09:20:48'),
(9, '12pervi12', 102, 25, 0, '2013-04-22 07:38:32', '2025-04-22 09:24:02'),
(192, 'josueemanuel', 232, 7, 1, '2003-05-22 11:04:36', '0000-00-00 00:00:00'),
(12, 'oswaldo2022', 177, 24, 1, '2014-04-22 12:06:59', '0000-00-00 00:00:00'),
(13, 'manucho10', 44, 7, 1, '2014-04-22 04:32:22', '0000-00-00 00:00:00'),
(14, 'ericksitho360', 52, 7, 1, '2014-04-22 04:32:50', '0000-00-00 00:00:00'),
(15, 'Solitaria', 178, 7, 1, '2014-04-22 04:33:12', '0000-00-00 00:00:00'),
(16, '88466201ro', 20, 7, 1, '2014-04-22 04:33:28', '0000-00-00 00:00:00'),
(17, 'Bladimir69', 34, 7, 1, '2014-04-22 04:33:45', '0000-00-00 00:00:00'),
(18, 'kemadi2002', 32, 7, 1, '2014-04-22 04:34:04', '0000-00-00 00:00:00'),
(19, 'Dario1998', 39, 7, 1, '2014-04-22 04:34:11', '0000-00-00 00:00:00'),
(20, 'Bangtanboys', 179, 7, 1, '0000-00-00 00:00:00', '0000-00-00 00:00:00'),
(21, 'Alahia3018', 18, 7, 1, '2014-04-22 04:34:48', '0000-00-00 00:00:00'),
(22, 'germania15', 26, 7, 1, '2014-04-22 04:35:46', '0000-00-00 00:00:00'),
(23, '0101', 180, 7, 1, '0000-00-00 00:00:00', '0000-00-00 00:00:00'),
(24, 'corinita24', 179, 7, 1, '2014-04-22 04:37:00', '0000-00-00 00:00:00'),
(25, 'NK5iwwz9TL6dWL8', 51, 7, 1, '2014-04-22 04:37:07', '0000-00-00 00:00:00'),
(26, 'Erickrosero1995', 42, 7, 1, '2014-04-22 04:38:50', '0000-00-00 00:00:00'),
(27, '123456789', 181, 7, 1, '0000-00-00 00:00:00', '0000-00-00 00:00:00'),
(28, '@eliana12', 22, 7, 0, '2014-04-22 04:39:20', '2003-05-22 08:03:56'),
(29, 'elielt', 182, 7, 1, '2014-04-22 04:39:41', '0000-00-00 00:00:00'),
(30, 'kensoguerrero181997', 38, 7, 1, '2014-04-22 04:40:07', '0000-00-00 00:00:00'),
(31, 'erick360', 52, 7, 1, '2014-04-22 04:40:20', '0000-00-00 00:00:00'),
(32, '08043151413001', 45, 7, 1, '2014-04-22 04:40:50', '0000-00-00 00:00:00'),
(33, 'yamileth', 183, 7, 1, '2014-04-22 04:40:56', '0000-00-00 00:00:00'),
(34, '1996', 184, 7, 1, '0000-00-00 00:00:00', '0000-00-00 00:00:00'),
(35, '0804363539', 41, 7, 1, '2014-04-22 04:42:23', '0000-00-00 00:00:00'),
(36, 'jacobito', 185, 7, 1, '0000-00-00 00:00:00', '0000-00-00 00:00:00'),
(37, '0803131655', 56, 7, 1, '2014-04-22 04:46:29', '0000-00-00 00:00:00'),
(38, 'leidy12345', 31, 7, 1, '2014-04-22 04:47:22', '0000-00-00 00:00:00'),
(39, 'isaiaspanezo', 36, 7, 1, '2014-04-22 04:53:14', '0000-00-00 00:00:00'),
(40, 'Carolinate97', 186, 7, 1, '0000-00-00 00:00:00', '0000-00-00 00:00:00'),
(41, 'manuco232323', 19, 19, 1, '2014-04-22 04:56:45', '0000-00-00 00:00:00'),
(42, 'ili290816', 24, 7, 0, '2014-04-22 05:00:26', '2003-05-22 09:23:17'),
(43, '087704373pao', 23, 7, 1, '2014-04-22 05:09:34', '0000-00-00 00:00:00'),
(44, 'ganchozo', 40, 7, 1, '2014-04-22 05:37:58', '0000-00-00 00:00:00'),
(45, '0803716810', 187, 7, 1, '0000-00-00 00:00:00', '0000-00-00 00:00:00'),
(46, '0804151181vico', 35, 7, 0, '2014-04-22 10:09:57', '2003-05-22 08:02:03'),
(47, 'Alvaro1991', 25, 7, 1, '2014-04-22 10:22:46', '0000-00-00 00:00:00'),
(48, 'capurromendoza2004', 124, 26, 1, '2016-04-22 02:46:16', '0000-00-00 00:00:00'),
(49, 'Alison.0804', 156, 25, 1, '2016-04-22 02:58:38', '0000-00-00 00:00:00'),
(50, 'nezareth1995', 188, 25, 1, '2016-04-22 03:08:46', '0000-00-00 00:00:00'),
(51, 'lucas242018', 189, 25, 0, '2016-04-22 03:27:42', '2025-04-22 09:26:04'),
(52, '123456', 61, 26, 0, '2016-04-22 04:13:45', '2025-04-22 09:22:01'),
(53, 'camilapelotuda182408', 127, 26, 1, '2016-04-22 04:24:24', '0000-00-00 00:00:00'),
(54, 'moreira01', 190, 25, 1, '2016-04-22 05:28:07', '0000-00-00 00:00:00'),
(55, 'danna0103', 149, 26, 1, '2017-04-22 07:01:25', '0000-00-00 00:00:00'),
(56, '0804156404Zaira', 116, 25, 1, '2017-04-22 03:39:00', '0000-00-00 00:00:00'),
(57, 'elmejor463', 62, 26, 0, '2017-04-22 05:53:43', '2025-04-22 09:22:08'),
(58, 'aprovechamiento', 136, 26, 1, '2018-04-22 09:24:18', '0000-00-00 00:00:00'),
(59, '1qaz2wsx3edc4rfv', 79, 26, 1, '2018-04-22 09:24:35', '0000-00-00 00:00:00'),
(60, '1987jose', 122, 26, 0, '2018-04-22 09:25:03', '2002-06-22 09:39:09'),
(61, '08SePTIeMBRe199@_/', 78, 26, 1, '2018-04-22 09:26:41', '0000-00-00 00:00:00'),
(62, '0850494303K', 77, 26, 1, '2018-04-22 09:28:56', '0000-00-00 00:00:00'),
(63, 'BJPianchiche23', 128, 25, 1, '2018-04-22 09:29:43', '0000-00-00 00:00:00'),
(64, 'luisbryan', 191, 26, 1, '2018-04-22 09:31:51', '0000-00-00 00:00:00'),
(65, 'Jaen1997', 192, 26, 0, '2018-04-22 09:32:11', '2001-06-22 08:19:35'),
(66, 'barcelona2003', 67, 26, 0, '2018-04-22 09:33:05', '2025-04-22 09:21:30'),
(67, 'encebollado', 61, 26, 0, '2018-04-22 09:33:48', '2025-04-22 09:22:01'),
(68, 'septiembre2003', 193, 26, 1, '2018-04-22 09:34:14', '0000-00-00 00:00:00'),
(69, '230920', 80, 8, 1, '2018-04-22 09:34:16', '0000-00-00 00:00:00'),
(70, 'Emikito123', 194, 26, 1, '2018-04-22 09:34:43', '0000-00-00 00:00:00'),
(71, 'ISMAWIPE', 195, 26, 1, '2018-04-22 09:34:55', '0000-00-00 00:00:00'),
(72, 'jean28112019', 65, 26, 0, '2018-04-22 09:37:05', '2025-04-22 09:27:43'),
(73, 'ISMAWIPE', 130, 26, 1, '2018-04-22 09:37:16', '0000-00-00 00:00:00'),
(74, 'EMIR2020', 196, 26, 1, '2018-04-22 09:37:24', '0000-00-00 00:00:00'),
(75, 'Santa23', 197, 26, 1, '2018-04-22 09:39:21', '0000-00-00 00:00:00'),
(76, 'GRANJA1995', 198, 26, 1, '2018-04-22 09:39:36', '2025-04-22 09:22:29'),
(77, 'mejiamicolta10', 121, 26, 1, '2018-04-22 10:02:05', '0000-00-00 00:00:00'),
(78, 'Nelsonmora40', 14, 28, 0, '2018-04-22 03:40:26', '2029-05-22 12:38:32'),
(79, 'andres3099', 100, 25, 1, '2019-04-22 09:33:29', '0000-00-00 00:00:00'),
(80, 'jamilethe', 95, 26, 0, '2019-04-22 09:33:30', '2025-04-22 09:22:16'),
(81, 'Dioses12', 199, 25, 1, '2019-04-22 09:33:35', '0000-00-00 00:00:00'),
(82, 'Oneyda301217', 160, 25, 0, '2019-04-22 09:34:23', '2025-04-22 09:22:26'),
(83, 'joseluis1719', 157, 25, 1, '2019-04-22 09:34:53', '0000-00-00 00:00:00'),
(84, 'arleymartinez1118', 143, 25, 1, '2019-04-22 09:35:03', '0000-00-00 00:00:00'),
(85, 'ARTI3101*', 109, 25, 0, '2019-04-22 09:35:06', '2025-04-22 09:23:17'),
(86, 'Dayana28', 142, 25, 1, '2019-04-22 09:35:28', '0000-00-00 00:00:00'),
(87, 'dario29', 173, 9, 1, '2019-04-22 09:35:29', '0000-00-00 00:00:00'),
(88, 'sergio1999', 106, 25, 1, '2019-04-22 09:35:50', '0000-00-00 00:00:00'),
(89, 'daniela2003', 144, 25, 0, '2019-04-22 09:35:53', '2025-04-22 09:23:18'),
(90, 'nezarethgreatmaster', 188, 25, 1, '2019-04-22 09:36:03', '0000-00-00 00:00:00'),
(91, '13022002', 98, 25, 0, '2019-04-22 09:36:18', '2025-04-22 09:21:21'),
(92, 'jugadores11', 97, 26, 0, '2019-04-22 09:36:27', '2025-04-22 09:21:04'),
(93, 'zaira1997', 116, 25, 1, '2019-04-22 09:36:34', '0000-00-00 00:00:00'),
(94, 'joseporoz44', 110, 25, 1, '2019-04-22 09:37:02', '0000-00-00 00:00:00'),
(95, 'yolita13', 169, 25, 1, '2019-04-22 09:37:37', '0000-00-00 00:00:00'),
(96, 'elizalde2000', 164, 25, 1, '2019-04-22 09:37:46', '0000-00-00 00:00:00'),
(97, 'dianacampos', 99, 25, 1, '2019-04-22 09:37:58', '0000-00-00 00:00:00'),
(98, '3deinformatica', 200, 25, 1, '2019-04-22 09:38:06', '0000-00-00 00:00:00'),
(99, 'Mera2003', 105, 25, 1, '2019-04-22 09:38:24', '0000-00-00 00:00:00'),
(100, 'preciadoluis2004', 201, 25, 1, '2019-04-22 09:38:35', '0000-00-00 00:00:00'),
(101, '20030402ss', 202, 25, 1, '2019-04-22 09:39:11', '0000-00-00 00:00:00'),
(102, 'dario1993', 173, 25, 1, '2019-04-22 09:39:18', '0000-00-00 00:00:00'),
(103, 'johncoime2003', 203, 25, 1, '2019-04-22 09:39:26', '0000-00-00 00:00:00'),
(104, '0961592832', 107, 25, 0, '2019-04-22 09:39:49', '2025-04-22 09:21:11'),
(105, '0850179268', 111, 25, 1, '2019-04-22 09:40:08', '0000-00-00 00:00:00'),
(106, 'Panezo20', 204, 25, 1, '2019-04-22 09:41:01', '0000-00-00 00:00:00'),
(107, 'Costaverde1011', 205, 25, 1, '2019-04-22 09:42:05', '0000-00-00 00:00:00'),
(108, 'a0805094612', 162, 25, 0, '2019-04-22 09:44:42', '2025-04-22 09:24:00'),
(109, 'genesis2217', 93, 25, 0, '2019-04-22 09:44:51', '2025-04-22 09:20:02'),
(110, 'TUAREZVARGAS123', 206, 25, 0, '2019-04-22 09:50:54', '2025-04-22 09:35:24'),
(111, '16042003', 155, 25, 1, '2019-04-22 10:03:45', '0000-00-00 00:00:00'),
(112, 'helenballesteros', 207, 25, 1, '2019-04-22 11:08:49', '0000-00-00 00:00:00'),
(113, 'sandraluca02', 208, 28, 1, '2019-04-22 09:09:29', '0000-00-00 00:00:00'),
(114, 'ximenagonzalez04', 209, 28, 1, '2019-04-22 09:38:24', '0000-00-00 00:00:00'),
(115, 'joannavelasco05', 210, 28, 1, '2019-04-22 10:17:17', '0000-00-00 00:00:00'),
(116, 'mayadevi05', 211, 28, 1, '2019-04-22 10:26:16', '0000-00-00 00:00:00'),
(117, 'joselynmontalvo06', 212, 28, 1, '2019-04-22 10:36:55', '0000-00-00 00:00:00'),
(118, 'johana07', 213, 28, 1, '2020-04-22 12:38:06', '0000-00-00 00:00:00'),
(119, 'yadira09', 214, 28, 1, '2020-04-22 12:44:33', '0000-00-00 00:00:00'),
(120, 'jessenia11', 215, 28, 1, '2020-04-22 01:05:25', '0000-00-00 00:00:00'),
(121, 'ruthlara14', 216, 28, 1, '2020-04-22 01:14:01', '0000-00-00 00:00:00'),
(122, 'victor15', 217, 28, 1, '2020-04-22 01:19:01', '0000-00-00 00:00:00'),
(123, '0805354180', 218, 24, 1, '2020-04-22 06:04:11', '0000-00-00 00:00:00'),
(124, 'BJPianchiche24', 128, 26, 1, '2022-04-22 08:27:09', '0000-00-00 00:00:00'),
(125, 'andreina30p', 75, 26, 1, '2022-04-22 08:29:52', '0000-00-00 00:00:00'),
(126, 'mela2002', 219, 26, 0, '2022-04-22 08:30:41', '2025-04-22 09:21:42'),
(127, '0850873860', 148, 26, 1, '2022-04-22 08:31:02', '0000-00-00 00:00:00'),
(128, 'desachuno1234', 220, 8, 0, '2022-04-22 08:31:13', '2025-04-22 09:21:24'),
(129, 'maximo123', 69, 26, 0, '2022-04-22 08:31:48', '2025-04-22 09:25:09'),
(130, 'Garcia2003', 197, 26, 1, '2022-04-22 08:35:51', '0000-00-00 00:00:00'),
(131, 'Adita/13', 71, 26, 0, '2022-04-22 08:37:15', '2025-04-22 09:28:59'),
(132, 'bianka16', 82, 26, 1, '2022-04-22 08:42:36', '0000-00-00 00:00:00'),
(133, 'Kaivdob1801vvpq', 131, 26, 1, '2022-04-22 08:43:05', '0000-00-00 00:00:00'),
(134, 'lucas25JJLA', 66, 26, 1, '2022-04-22 08:53:24', '0000-00-00 00:00:00'),
(135, 'sami021808', 147, 26, 1, '2022-04-22 08:55:15', '0000-00-00 00:00:00'),
(136, 'isabela02', 135, 26, 1, '2022-04-22 08:59:02', '0000-00-00 00:00:00'),
(137, '2908Misfits', 221, 25, 1, '2022-04-22 09:31:18', '0000-00-00 00:00:00'),
(138, 'Rodrigo29032003@', 101, 25, 1, '2022-04-22 09:31:35', '0000-00-00 00:00:00'),
(139, 'Oneyda3012', 160, 25, 0, '2022-04-22 09:31:40', '2025-04-22 09:22:26'),
(140, 'kevin33', 163, 25, 1, '2022-04-22 09:32:34', '0000-00-00 00:00:00'),
(141, 'pisco1998', 158, 25, 0, '2022-04-22 09:32:35', '2001-06-22 08:22:36'),
(142, 'Camila20', 222, 25, 1, '2022-04-22 09:32:55', '0000-00-00 00:00:00'),
(143, 'Cn092006654', 104, 25, 1, '2022-04-22 09:34:23', '0000-00-00 00:00:00'),
(144, '0989321644', 223, 25, 1, '2022-04-22 09:35:29', '0000-00-00 00:00:00'),
(145, 'Jamilethe2001', 95, 25, 0, '2022-04-22 09:38:45', '2025-04-22 09:22:16'),
(146, '28061997mayra', 118, 25, 0, '2022-04-22 09:41:34', '2025-04-22 09:21:07'),
(147, 'Jamileth2001', 95, 25, 0, '2022-04-22 09:51:27', '2025-04-22 09:22:16'),
(148, '123456', 224, 24, 1, '2022-04-22 11:56:57', '0000-00-00 00:00:00'),
(149, '0967847027', 225, 8, 0, '2025-04-22 10:27:21', '2025-04-22 10:34:04'),
(150, '0967847027rene', 225, 26, 1, '2025-04-22 10:34:04', '0000-00-00 00:00:00'),
(151, '123456', 226, 26, 1, '2025-04-22 10:43:18', '0000-00-00 00:00:00'),
(152, '123456', 192, 26, 0, '2025-04-22 11:04:36', '2001-06-22 08:19:35'),
(153, '19032004q', 139, 25, 0, '2025-04-22 09:19:37', '2025-04-22 09:20:48'),
(154, 'genesis2217', 93, 29, 1, '2025-04-22 09:20:02', '0000-00-00 00:00:00'),
(155, 'mishelle2009', 144, 25, 0, '2025-04-22 09:20:48', '2025-04-22 09:23:18'),
(156, '19032004@', 139, 29, 0, '2025-04-22 09:20:48', '2002-06-22 08:30:07'),
(157, 'jugadores11', 97, 29, 1, '2025-04-22 09:21:04', '0000-00-00 00:00:00'),
(158, '28061997mayra', 118, 8, 0, '2025-04-22 09:21:07', '2025-04-22 09:23:07'),
(159, '0961592832', 107, 29, 1, '2025-04-22 09:21:11', '0000-00-00 00:00:00'),
(160, '13022002', 98, 29, 1, '2025-04-22 09:21:21', '0000-00-00 00:00:00'),
(161, 'desachuno123', 220, 29, 1, '2025-04-22 09:21:24', '0000-00-00 00:00:00'),
(162, 'barcelona2003', 67, 29, 1, '2025-04-22 09:21:30', '0000-00-00 00:00:00'),
(163, 'mela2002', 219, 29, 1, '2025-04-22 09:21:42', '0000-00-00 00:00:00'),
(164, '3deinformatica', 112, 29, 1, '2025-04-22 09:21:44', '0000-00-00 00:00:00'),
(165, 'encebollado', 61, 29, 0, '2025-04-22 09:22:01', '2001-06-22 08:20:04'),
(166, 'ELMejor463.', 62, 29, 0, '2025-04-22 09:22:08', '2001-06-22 08:19:15'),
(167, 'Jamilethe', 95, 29, 1, '2025-04-22 09:22:16', '0000-00-00 00:00:00'),
(168, 'Oneyda3012', 160, 29, 1, '2025-04-22 09:22:26', '0000-00-00 00:00:00'),
(170, '28061997mayra', 118, 29, 1, '2025-04-22 09:23:07', '0000-00-00 00:00:00'),
(171, 'Arti3101*', 109, 29, 1, '2025-04-22 09:23:17', '0000-00-00 00:00:00'),
(172, 'daniela2009', 144, 29, 1, '2025-04-22 09:23:18', '0000-00-00 00:00:00'),
(173, 'jamileth28', 132, 29, 0, '2025-04-22 09:23:53', '2001-06-22 08:19:20'),
(174, 'a0805094612', 162, 29, 1, '2025-04-22 09:24:00', '0000-00-00 00:00:00'),
(175, '12pervi12', 102, 29, 0, '2025-04-22 09:24:02', '2001-06-22 08:19:41'),
(176, 'animeymanga', 79, 26, 1, '2025-04-22 09:24:44', '0000-00-00 00:00:00'),
(177, 'maximo123', 69, 29, 1, '2025-04-22 09:25:09', '0000-00-00 00:00:00'),
(178, '2020jose', 122, 29, 0, '2025-04-22 09:25:11', '2002-06-22 09:39:09'),
(179, 'lucas2420q8', 189, 29, 1, '2025-04-22 09:26:04', '0000-00-00 00:00:00'),
(180, 'jean_28', 65, 29, 1, '2025-04-22 09:27:43', '0000-00-00 00:00:00'),
(226, '0850179698Pa', 76, 26, 1, '2031-05-22 04:56:38', '0000-00-00 00:00:00'),
(182, 'ADA2004', 71, 29, 0, '2025-04-22 09:28:59', '2001-06-22 08:20:07'),
(183, 'ROSALIATORAL123456', 206, 29, 1, '2025-04-22 09:35:24', '0000-00-00 00:00:00'),
(184, '123456', 227, 25, 1, '2026-04-22 09:27:19', '0000-00-00 00:00:00'),
(185, '123456', 228, 25, 1, '2026-04-22 09:29:56', '0000-00-00 00:00:00'),
(186, 'Halloffame05@', 154, 25, 1, '2026-04-22 09:32:28', '0000-00-00 00:00:00'),
(187, '123456', 229, 26, 1, '2026-04-22 11:33:51', '0000-00-00 00:00:00'),
(188, '123456', 230, 7, 1, '2026-04-22 05:30:14', '0000-00-00 00:00:00'),
(189, '0802845396', 231, 7, 1, '2026-04-22 09:13:31', '0000-00-00 00:00:00'),
(190, 'mishelle2009', 144, 25, 1, '2028-04-22 09:08:55', '0000-00-00 00:00:00'),
(193, 'fym21062013', 233, 7, 1, '2003-05-22 12:08:59', '0000-00-00 00:00:00'),
(194, '123456', 234, 30, 1, '2003-05-22 08:01:27', '0000-00-00 00:00:00'),
(195, 'kensogm1809@', 38, 30, 1, '2003-05-22 08:01:38', '0000-00-00 00:00:00'),
(196, '0804151181vico', 35, 30, 1, '2003-05-22 08:02:03', '0000-00-00 00:00:00'),
(197, '@gael12', 22, 30, 1, '2003-05-22 08:03:56', '0000-00-00 00:00:00'),
(198, '@gael12', 235, 30, 1, '2003-05-22 08:05:12', '0000-00-00 00:00:00'),
(199, '080349063010', 53, 30, 1, '2003-05-22 08:06:00', '0000-00-00 00:00:00'),
(200, 'ili290816', 24, 30, 1, '2003-05-22 09:23:17', '0000-00-00 00:00:00'),
(201, 'PIWIIB1234', 10, 30, 1, '2007-05-22 11:41:24', '0000-00-00 00:00:00'),
(202, '1111', 236, 30, 1, '2013-05-22 11:04:04', '0000-00-00 00:00:00'),
(203, 'ThorBellio', 237, 30, 1, '2013-05-22 11:04:25', '0000-00-00 00:00:00'),
(204, '123456', 238, 32, 1, '2014-05-22 11:55:07', '0000-00-00 00:00:00'),
(205, 'diosesamor30', 239, 24, 1, '2014-05-22 07:41:04', '0000-00-00 00:00:00'),
(206, '123456', 86, 24, 1, '2017-05-22 09:34:49', '0000-00-00 00:00:00'),
(207, '123456', 240, 33, 1, '2023-05-22 06:33:49', '0000-00-00 00:00:00'),
(208, '123456', 241, 31, 1, '2023-05-22 10:35:26', '0000-00-00 00:00:00'),
(209, '123456', 242, 31, 1, '2026-05-22 02:11:24', '0000-00-00 00:00:00'),
(210, '123456', 243, 32, 1, '2028-05-22 11:52:59', '0000-00-00 00:00:00'),
(211, '0850054149', 244, 32, 1, '2029-05-22 12:05:24', '0000-00-00 00:00:00'),
(212, '0850824590', 245, 32, 1, '2029-05-22 12:08:23', '0000-00-00 00:00:00'),
(213, '0804586568', 246, 32, 1, '2029-05-22 12:10:24', '0000-00-00 00:00:00'),
(214, '0803163583', 247, 32, 1, '2029-05-22 12:13:35', '0000-00-00 00:00:00'),
(215, '0805406105', 248, 32, 1, '2029-05-22 12:16:00', '0000-00-00 00:00:00'),
(216, '0803969104', 249, 32, 1, '2029-05-22 12:18:40', '0000-00-00 00:00:00'),
(217, '12345', 14, 32, 0, '2029-05-22 12:38:32', '2029-06-22 10:34:25'),
(218, 'Dayana2003', 197, 26, 1, '2030-05-22 08:32:49', '0000-00-00 00:00:00'),
(219, 'TUAREZVARGAS123', 206, 25, 1, '2030-05-22 08:54:49', '0000-00-00 00:00:00'),
(220, 'DDe5PmVqJK5i8nr', 108, 25, 1, '2030-05-22 09:35:28', '0000-00-00 00:00:00'),
(221, 'lizbeth03', 74, 26, 1, '2030-05-22 10:58:21', '0000-00-00 00:00:00'),
(222, 'Forever10', 95, 25, 1, '2031-05-22 09:17:35', '0000-00-00 00:00:00'),
(223, '0850179698Pa', 250, 26, 1, '2031-05-22 02:32:44', '0000-00-00 00:00:00'),
(224, 'Kiarita2003@', 123, 26, 1, '2031-05-22 02:56:46', '0000-00-00 00:00:00'),
(225, '0850043704m', 113, 25, 0, '2031-05-22 03:17:15', '2001-06-22 08:22:46'),
(227, '23456', 11, 34, 0, '2001-06-22 12:51:12', '2013-06-22 12:16:16'),
(228, 'lorena19', 251, 26, 1, '2001-06-22 06:43:46', '0000-00-00 00:00:00'),
(229, 'ELMejor463.', 62, 34, 1, '2001-06-22 08:19:15', '0000-00-00 00:00:00'),
(230, 'jamileth28', 132, 34, 1, '2001-06-22 08:19:20', '0000-00-00 00:00:00'),
(231, 'Jaen1997', 192, 34, 1, '2001-06-22 08:19:35', '0000-00-00 00:00:00'),
(232, '12pervi12', 102, 34, 1, '2001-06-22 08:19:41', '0000-00-00 00:00:00'),
(233, 'encebollado', 61, 34, 1, '2001-06-22 08:20:04', '0000-00-00 00:00:00'),
(234, 'Adita/13', 71, 34, 1, '2001-06-22 08:20:07', '0000-00-00 00:00:00'),
(235, '20030402ss', 115, 34, 0, '2001-06-22 08:20:56', '2001-06-22 08:34:52'),
(236, 'pisco1998', 158, 34, 1, '2001-06-22 08:22:36', '0000-00-00 00:00:00'),
(237, '0850043704@', 113, 34, 1, '2001-06-22 08:22:46', '0000-00-00 00:00:00'),
(238, 'Lobita77_', 252, 34, 1, '2001-06-22 08:24:26', '0000-00-00 00:00:00'),
(239, 'corviche2021', 61, 34, 1, '2001-06-22 08:25:01', '0000-00-00 00:00:00'),
(240, '20030402', 115, 8, 1, '2001-06-22 08:34:52', '0000-00-00 00:00:00'),
(241, '0850036856rb', 70, 34, 1, '2001-06-22 08:46:40', '0000-00-00 00:00:00'),
(242, '20030402ss', 115, 25, 1, '2001-06-22 09:09:05', '0000-00-00 00:00:00'),
(243, '19032004@', 139, 34, 1, '2002-06-22 08:30:07', '0000-00-00 00:00:00'),
(244, 'gabriela20022002', 126, 34, 1, '2002-06-22 08:37:02', '0000-00-00 00:00:00'),
(245, '1987jose', 122, 34, 1, '2002-06-22 09:39:09', '0000-00-00 00:00:00'),
(246, 'jaMauno12', 253, 31, 1, '2003-06-22 04:30:02', '0000-00-00 00:00:00'),
(247, '2001gabriela', 254, 31, 1, '2003-06-22 04:31:20', '0000-00-00 00:00:00'),
(248, 'Ethan2010*', 255, 31, 1, '2003-06-22 04:33:07', '0000-00-00 00:00:00'),
(249, 'MNbe1234', 256, 31, 1, '2003-06-22 04:44:17', '0000-00-00 00:00:00'),
(250, 'cartumar1234', 257, 31, 1, '2003-06-22 04:47:03', '0000-00-00 00:00:00'),
(251, '0939530330', 250, 26, 1, '2003-06-22 06:11:05', '0000-00-00 00:00:00'),
(252, '0850043704m', 113, 34, 1, '2003-06-22 08:07:43', '0000-00-00 00:00:00'),
(253, 'josimar1987', 258, 34, 1, '2004-06-22 09:27:44', '0000-00-00 00:00:00'),
(254, '123456', 259, 34, 0, '2010-06-22 08:21:28', '2010-06-22 08:52:05'),
(255, '123456', 259, 32, 1, '2010-06-22 08:52:05', '0000-00-00 00:00:00'),
(256, 'gemitaymax19', 260, 31, 1, '2010-06-22 03:33:09', '0000-00-00 00:00:00'),
(257, 'Shaskya2012', 261, 31, 1, '2010-06-22 08:32:52', '0000-00-00 00:00:00'),
(258, 'CsR24BvzbfDaLAz', 262, 31, 1, '2011-06-22 07:17:05', '0000-00-00 00:00:00'),
(259, '123456', 263, 33, 1, '2012-06-22 06:41:04', '0000-00-00 00:00:00'),
(260, '123456', 11, 1, 1, '2013-06-22 12:16:16', '0000-00-00 00:00:00'),
(261, '123456', 264, 33, 1, '2013-06-22 11:14:51', '0000-00-00 00:00:00'),
(262, '7mgLEvFi3DxjNuy', 265, 8, 0, '2015-06-22 02:11:37', '2015-06-22 02:22:37'),
(263, 'cecilia1978@', 265, 8, 0, '2015-06-22 02:16:24', '2015-06-22 02:22:37'),
(264, 'cecilia1978@', 265, 33, 0, '2015-06-22 02:22:37', '2020-06-22 08:48:55'),
(265, 'Jisarabella2004', 266, 33, 0, '2018-06-22 02:18:14', '2020-06-22 08:45:55'),
(266, '0804185528', 267, 31, 1, '2020-06-22 05:16:18', '0000-00-00 00:00:00'),
(267, '0801948134', 268, 31, 1, '2020-06-22 07:57:12', '0000-00-00 00:00:00'),
(268, '0803820315', 269, 31, 1, '2020-06-22 08:36:46', '0000-00-00 00:00:00'),
(269, '0802982330', 270, 31, 1, '2020-06-22 08:36:49', '0000-00-00 00:00:00'),
(270, '0802390971', 271, 31, 1, '2020-06-22 08:36:55', '0000-00-00 00:00:00'),
(271, '0803465848', 272, 31, 1, '2020-06-22 08:36:58', '0000-00-00 00:00:00'),
(272, '0801854969', 273, 31, 1, '2020-06-22 08:37:01', '0000-00-00 00:00:00'),
(273, '1205051715', 274, 31, 1, '2020-06-22 08:37:04', '0000-00-00 00:00:00'),
(274, '0801450982', 275, 31, 1, '2020-06-22 08:37:06', '0000-00-00 00:00:00'),
(275, '0801890609', 276, 31, 1, '2020-06-22 08:37:10', '0000-00-00 00:00:00'),
(276, '0802128199', 277, 31, 1, '2020-06-22 08:37:13', '0000-00-00 00:00:00'),
(277, '0802005967', 278, 31, 1, '2020-06-22 08:37:16', '0000-00-00 00:00:00'),
(278, '0804160828', 279, 31, 1, '2020-06-22 08:37:19', '0000-00-00 00:00:00'),
(279, '1803070893', 280, 31, 1, '2020-06-22 08:37:22', '0000-00-00 00:00:00'),
(280, '0801895939', 281, 31, 1, '2020-06-22 08:37:25', '0000-00-00 00:00:00'),
(281, '0801648585', 282, 31, 1, '2020-06-22 08:37:32', '0000-00-00 00:00:00'),
(282, '0802067603', 283, 31, 1, '2020-06-22 08:37:34', '0000-00-00 00:00:00'),
(283, '0801407180', 284, 31, 1, '2020-06-22 08:37:44', '0000-00-00 00:00:00'),
(284, '0804083293', 285, 31, 1, '2020-06-22 08:37:47', '0000-00-00 00:00:00'),
(285, '0802206771', 286, 31, 1, '2020-06-22 08:37:50', '0000-00-00 00:00:00'),
(286, '0801806613', 287, 31, 1, '2020-06-22 08:37:52', '0000-00-00 00:00:00'),
(287, '0802270579', 288, 31, 1, '2020-06-22 08:37:57', '0000-00-00 00:00:00'),
(288, '0803086578', 289, 31, 1, '2020-06-22 08:38:00', '0000-00-00 00:00:00'),
(289, '0801214016', 290, 31, 1, '2020-06-22 08:38:02', '0000-00-00 00:00:00'),
(290, '0802206771', 291, 31, 1, '2020-06-22 08:38:10', '0000-00-00 00:00:00'),
(291, '0802653006', 292, 31, 1, '2020-06-22 08:38:13', '0000-00-00 00:00:00'),
(292, '0803522283', 293, 31, 1, '2020-06-22 08:38:15', '0000-00-00 00:00:00'),
(293, '0907764823', 294, 31, 1, '2020-06-22 08:38:18', '0000-00-00 00:00:00'),
(294, '0801650870', 295, 31, 1, '2020-06-22 08:38:20', '0000-00-00 00:00:00'),
(295, '0801314261', 296, 31, 1, '2020-06-22 08:38:23', '0000-00-00 00:00:00'),
(296, '0801217597', 297, 31, 1, '2020-06-22 08:38:27', '0000-00-00 00:00:00'),
(297, '0803433507', 298, 31, 1, '2020-06-22 08:38:30', '0000-00-00 00:00:00'),
(298, '0803433515', 299, 31, 1, '2020-06-22 08:38:32', '0000-00-00 00:00:00'),
(299, '0803097989', 300, 31, 1, '2020-06-22 08:38:35', '0000-00-00 00:00:00'),
(300, '1711319978', 301, 31, 1, '2020-06-22 08:38:37', '0000-00-00 00:00:00'),
(301, '0801588047', 302, 31, 1, '2020-06-22 08:38:40', '0000-00-00 00:00:00'),
(302, '0802761825', 303, 31, 1, '2020-06-22 08:38:42', '0000-00-00 00:00:00'),
(303, '0803715374', 304, 31, 1, '2020-06-22 08:38:45', '0000-00-00 00:00:00'),
(304, '0801580671', 305, 31, 1, '2020-06-22 08:38:51', '0000-00-00 00:00:00'),
(305, '0800927501', 306, 31, 1, '2020-06-22 08:38:58', '0000-00-00 00:00:00'),
(306, '0850225384', 307, 31, 1, '2020-06-22 08:39:02', '0000-00-00 00:00:00'),
(307, '0801414210', 308, 31, 1, '2020-06-22 08:39:06', '0000-00-00 00:00:00'),
(308, '0802533364', 309, 31, 1, '2020-06-22 08:39:09', '0000-00-00 00:00:00'),
(309, '0801149303', 310, 31, 1, '2020-06-22 08:39:16', '0000-00-00 00:00:00'),
(310, '0802133553', 311, 31, 1, '2020-06-22 08:39:19', '0000-00-00 00:00:00'),
(311, '0803928324', 312, 31, 1, '2020-06-22 08:39:26', '0000-00-00 00:00:00'),
(312, '0801742636', 313, 31, 1, '2020-06-22 08:39:33', '0000-00-00 00:00:00'),
(313, '0801581513', 314, 31, 1, '2020-06-22 08:39:40', '0000-00-00 00:00:00'),
(314, '0801721119', 315, 31, 1, '2020-06-22 08:39:44', '0000-00-00 00:00:00'),
(315, '0802979500', 316, 31, 1, '2020-06-22 08:39:50', '0000-00-00 00:00:00'),
(316, '0802097238', 317, 31, 1, '2020-06-22 08:39:52', '0000-00-00 00:00:00'),
(317, '0803293976', 318, 31, 1, '2020-06-22 08:39:56', '0000-00-00 00:00:00'),
(318, '0800927618', 319, 31, 1, '2020-06-22 08:40:03', '0000-00-00 00:00:00'),
(319, '0800798068', 256, 31, 1, '2020-06-22 08:40:06', '0000-00-00 00:00:00'),
(320, '0803760883', 320, 31, 1, '2020-06-22 08:40:09', '0000-00-00 00:00:00'),
(321, '0802158899', 321, 31, 1, '2020-06-22 08:40:12', '0000-00-00 00:00:00'),
(322, '0802083642', 322, 31, 1, '2020-06-22 08:40:15', '0000-00-00 00:00:00'),
(323, '0802479204', 323, 31, 1, '2020-06-22 08:40:18', '0000-00-00 00:00:00'),
(324, '0801107707', 324, 31, 1, '2020-06-22 08:40:21', '0000-00-00 00:00:00'),
(325, '0800962342', 325, 31, 1, '2020-06-22 08:40:25', '0000-00-00 00:00:00'),
(326, '0801866922', 326, 31, 1, '2020-06-22 08:40:28', '0000-00-00 00:00:00'),
(327, '0801866922', 327, 31, 1, '2020-06-22 08:41:48', '0000-00-00 00:00:00'),
(328, '0800969602', 328, 31, 1, '2020-06-22 08:42:08', '0000-00-00 00:00:00'),
(329, '0802028464', 329, 31, 1, '2020-06-22 08:42:11', '0000-00-00 00:00:00'),
(330, '0802272625', 330, 31, 1, '2020-06-22 08:42:24', '0000-00-00 00:00:00'),
(331, '0802350165', 331, 31, 1, '2020-06-22 08:42:27', '0000-00-00 00:00:00'),
(332, '0800962342', 332, 31, 1, '2020-06-22 08:42:30', '0000-00-00 00:00:00'),
(333, '0801958810', 333, 31, 1, '2020-06-22 08:42:33', '0000-00-00 00:00:00'),
(334, '0802241984', 334, 31, 1, '2020-06-22 08:42:40', '0000-00-00 00:00:00'),
(335, '0800856858', 335, 31, 1, '2020-06-22 08:42:49', '0000-00-00 00:00:00'),
(336, '0801612011', 336, 31, 1, '2020-06-22 08:42:57', '0000-00-00 00:00:00'),
(337, '0804155786', 337, 31, 1, '2020-06-22 08:43:01', '0000-00-00 00:00:00'),
(338, '0802242586', 338, 31, 1, '2020-06-22 08:43:03', '0000-00-00 00:00:00'),
(339, '0801433970p', 339, 31, 1, '2020-06-22 08:43:06', '0000-00-00 00:00:00'),
(340, '0801433970', 339, 31, 1, '2020-06-22 08:43:09', '0000-00-00 00:00:00'),
(341, '0801580804', 340, 31, 1, '2020-06-22 08:43:13', '0000-00-00 00:00:00'),
(342, '0803455922', 341, 31, 1, '2020-06-22 08:43:16', '0000-00-00 00:00:00'),
(343, '0801657339', 342, 31, 1, '2020-06-22 08:43:18', '0000-00-00 00:00:00'),
(344, '0800652109', 343, 31, 1, '2020-06-22 08:43:22', '0000-00-00 00:00:00'),
(345, '1003164199', 344, 31, 1, '2020-06-22 08:43:24', '0000-00-00 00:00:00'),
(346, '0803068303', 261, 31, 1, '2020-06-22 08:43:27', '0000-00-00 00:00:00'),
(347, '0802329334', 345, 31, 1, '2020-06-22 08:43:30', '0000-00-00 00:00:00'),
(348, '0802568873', 346, 31, 1, '2020-06-22 08:43:33', '0000-00-00 00:00:00'),
(349, '1717693087', 347, 31, 1, '2020-06-22 08:43:38', '0000-00-00 00:00:00'),
(350, '0801858622', 348, 31, 1, '2020-06-22 08:43:44', '0000-00-00 00:00:00'),
(351, '1719711028', 349, 31, 1, '2020-06-22 08:43:49', '0000-00-00 00:00:00'),
(352, '0802310201', 350, 31, 1, '2020-06-22 08:44:00', '0000-00-00 00:00:00'),
(353, '0801856360', 351, 31, 1, '2020-06-22 08:44:02', '0000-00-00 00:00:00'),
(354, '0800926461', 352, 31, 1, '2020-06-22 08:44:05', '0000-00-00 00:00:00'),
(355, '0802323931', 353, 31, 1, '2020-06-22 08:44:07', '0000-00-00 00:00:00'),
(356, '0802982322', 354, 31, 1, '2020-06-22 08:44:12', '0000-00-00 00:00:00'),
(357, '0802247262', 355, 31, 1, '2020-06-22 08:44:14', '0000-00-00 00:00:00'),
(358, '0802982322', 356, 31, 1, '2020-06-22 08:44:17', '0000-00-00 00:00:00'),
(359, '0801283904', 357, 31, 1, '2020-06-22 08:44:19', '0000-00-00 00:00:00'),
(360, '0801899915', 358, 31, 1, '2020-06-22 08:45:11', '0000-00-00 00:00:00'),
(361, '0802407007', 359, 31, 1, '2020-06-22 08:45:17', '0000-00-00 00:00:00'),
(362, '0801224825', 360, 31, 1, '2020-06-22 08:45:20', '0000-00-00 00:00:00'),
(363, '0801178120', 361, 31, 1, '2020-06-22 08:45:31', '0000-00-00 00:00:00'),
(364, '0801178120', 362, 31, 1, '2020-06-22 08:45:34', '0000-00-00 00:00:00'),
(365, '0802943506', 363, 31, 1, '2020-06-22 08:45:44', '0000-00-00 00:00:00'),
(366, '0701429011', 364, 31, 1, '2020-06-22 08:45:48', '0000-00-00 00:00:00'),
(367, '0801899915', 365, 31, 1, '2020-06-22 08:45:52', '0000-00-00 00:00:00'),
(368, '0802268789', 266, 31, 1, '2020-06-22 08:45:55', '0000-00-00 00:00:00'),
(369, '0800875510', 366, 31, 1, '2020-06-22 08:45:58', '0000-00-00 00:00:00'),
(370, '0801758244', 367, 31, 1, '2020-06-22 08:46:02', '0000-00-00 00:00:00'),
(371, '0802086843', 368, 31, 1, '2020-06-22 08:46:07', '0000-00-00 00:00:00'),
(372, '0802592139', 369, 31, 1, '2020-06-22 08:46:10', '0000-00-00 00:00:00'),
(373, '0801887381', 370, 31, 1, '2020-06-22 08:46:12', '0000-00-00 00:00:00'),
(374, '0801472580', 371, 31, 1, '2020-06-22 08:46:17', '0000-00-00 00:00:00'),
(375, '0800629628', 372, 31, 1, '2020-06-22 08:46:23', '0000-00-00 00:00:00'),
(376, '0801064247', 373, 31, 1, '2020-06-22 08:46:27', '0000-00-00 00:00:00'),
(377, '0800923575', 374, 31, 1, '2020-06-22 08:46:30', '0000-00-00 00:00:00'),
(378, '0801708421', 375, 31, 1, '2020-06-22 08:46:33', '0000-00-00 00:00:00'),
(379, '1307583714', 376, 31, 1, '2020-06-22 08:46:36', '0000-00-00 00:00:00'),
(380, '0800673758', 377, 31, 1, '2020-06-22 08:46:42', '0000-00-00 00:00:00'),
(381, '0802327692', 378, 31, 1, '2020-06-22 08:46:54', '0000-00-00 00:00:00'),
(382, '0802112334', 379, 31, 1, '2020-06-22 08:46:56', '0000-00-00 00:00:00'),
(383, '0914771100', 380, 31, 1, '2020-06-22 08:47:04', '0000-00-00 00:00:00'),
(384, '0850245093', 381, 31, 1, '2020-06-22 08:47:11', '0000-00-00 00:00:00'),
(385, '0801256173', 382, 31, 1, '2020-06-22 08:47:16', '0000-00-00 00:00:00'),
(386, '0803407097', 383, 31, 1, '2020-06-22 08:47:18', '0000-00-00 00:00:00'),
(387, '0803103415', 384, 31, 1, '2020-06-22 08:47:27', '0000-00-00 00:00:00'),
(388, '0801285414', 385, 31, 1, '2020-06-22 08:47:29', '0000-00-00 00:00:00'),
(389, '0801453994', 386, 31, 1, '2020-06-22 08:47:32', '0000-00-00 00:00:00'),
(390, '0802882241', 387, 31, 1, '2020-06-22 08:47:34', '0000-00-00 00:00:00'),
(391, '0801805961', 388, 31, 1, '2020-06-22 08:47:37', '0000-00-00 00:00:00'),
(392, '0801586876', 389, 31, 1, '2020-06-22 08:47:42', '0000-00-00 00:00:00'),
(393, '0801256173', 390, 31, 1, '2020-06-22 08:47:47', '0000-00-00 00:00:00'),
(394, '0802201707', 391, 31, 1, '2020-06-22 08:47:49', '0000-00-00 00:00:00'),
(395, '0801904673', 392, 31, 1, '2020-06-22 08:47:52', '0000-00-00 00:00:00'),
(396, '0803055664', 393, 31, 1, '2020-06-22 08:47:54', '0000-00-00 00:00:00'),
(397, '1204284853', 394, 31, 1, '2020-06-22 08:48:00', '0000-00-00 00:00:00'),
(398, '0804455301', 395, 31, 1, '2020-06-22 08:48:02', '0000-00-00 00:00:00'),
(399, '0801938382', 396, 31, 1, '2020-06-22 08:48:05', '0000-00-00 00:00:00'),
(400, '0801524323', 397, 31, 1, '2020-06-22 08:48:07', '0000-00-00 00:00:00'),
(401, '0800819203', 398, 31, 1, '2020-06-22 08:48:11', '0000-00-00 00:00:00'),
(402, '0802770891', 399, 31, 1, '2020-06-22 08:48:16', '0000-00-00 00:00:00'),
(403, '0801398694', 400, 31, 1, '2020-06-22 08:48:21', '0000-00-00 00:00:00'),
(404, '0802135178', 401, 31, 1, '2020-06-22 08:48:24', '0000-00-00 00:00:00'),
(405, '0803123165', 402, 31, 1, '2020-06-22 08:48:27', '0000-00-00 00:00:00'),
(406, '0802265215', 403, 31, 1, '2020-06-22 08:48:29', '0000-00-00 00:00:00'),
(407, '0801749409', 404, 31, 1, '2020-06-22 08:48:31', '0000-00-00 00:00:00'),
(408, '0802372128', 405, 31, 1, '2020-06-22 08:48:34', '0000-00-00 00:00:00'),
(409, '0803546563', 406, 31, 1, '2020-06-22 08:48:43', '0000-00-00 00:00:00'),
(410, '0801605528', 407, 31, 1, '2020-06-22 08:48:45', '0000-00-00 00:00:00'),
(411, '0802380675', 262, 31, 1, '2020-06-22 08:48:49', '0000-00-00 00:00:00'),
(412, '1103481394', 265, 31, 1, '2020-06-22 08:48:55', '0000-00-00 00:00:00'),
(413, '0801694795', 408, 31, 1, '2020-06-22 08:49:04', '0000-00-00 00:00:00'),
(414, '0801624560', 409, 31, 1, '2020-06-22 08:49:07', '0000-00-00 00:00:00'),
(415, '0801005646', 410, 31, 1, '2020-06-22 08:49:18', '0000-00-00 00:00:00'),
(416, '0801005646', 411, 31, 1, '2020-06-22 08:49:18', '0000-00-00 00:00:00'),
(417, '123456', 412, 32, 1, '2022-06-22 09:35:08', '0000-00-00 00:00:00'),
(418, 'PIWIIB1234', 413, 35, 1, '2028-06-22 10:03:44', '0000-00-00 00:00:00'),
(419, '2310', 414, 35, 1, '2029-06-22 12:21:28', '0000-00-00 00:00:00'),
(420, 'Usumaki484', 415, 35, 1, '2029-06-22 09:10:28', '0000-00-00 00:00:00'),
(421, 'monta15solis', 416, 35, 1, '2029-06-22 09:46:44', '0000-00-00 00:00:00'),
(422, '7760leo', 417, 35, 1, '2029-06-22 10:26:05', '0000-00-00 00:00:00'),
(423, 'Nelsonmora40', 14, 35, 1, '2029-06-22 10:34:25', '0000-00-00 00:00:00'),
(424, 'TARbol85', 418, 35, 1, '2029-06-22 10:48:28', '0000-00-00 00:00:00'),
(425, 'Paulpogba12', 419, 35, 1, '2029-06-22 10:58:07', '0000-00-00 00:00:00'),
(426, 'J0996432606', 420, 35, 1, '2029-06-22 10:59:37', '0000-00-00 00:00:00'),
(427, 'Nicole0110', 421, 35, 1, '2029-06-22 11:14:26', '0000-00-00 00:00:00'),
(428, 'qwerty1998', 13, 35, 1, '2029-06-22 11:29:29', '0000-00-00 00:00:00'),
(429, 'nobiembre11', 422, 35, 1, '2029-06-22 12:51:45', '0000-00-00 00:00:00'),
(430, '406Colom', 423, 35, 1, '2029-06-22 01:22:37', '0000-00-00 00:00:00'),
(431, '1726978131Amadeo', 424, 35, 1, '2029-06-22 06:46:18', '0000-00-00 00:00:00');

-- --------------------------------------------------------

--
-- Table structure for table `perfil`
--

CREATE TABLE `perfil` (
  `idperfil` int(11) NOT NULL,
  `nombre` varchar(100) DEFAULT NULL
) ENGINE=InnoDB DEFAULT CHARSET=utf8mb4;

--
-- Dumping data for table `perfil`
--

INSERT INTO `perfil` (`idperfil`, `nombre`) VALUES
(1, 'Administrador'),
(2, 'Invitado'),
(3, 'Ponente Nacional');

-- --------------------------------------------------------

--
-- Table structure for table `periodoacademico`
--

CREATE TABLE `periodoacademico` (
  `idperiodoacademico` int(11) NOT NULL,
  `nombrecorto` varchar(20) DEFAULT NULL,
  `nombrelargo` varchar(50) DEFAULT NULL,
  `fechainicio` date DEFAULT NULL,
  `fechafin` date DEFAULT NULL,
  `iddepartamento` int(11) DEFAULT NULL
) ENGINE=MyISAM DEFAULT CHARSET=latin1;

--
-- Dumping data for table `periodoacademico`
--

INSERT INTO `periodoacademico` (`idperiodoacademico`, `nombrecorto`, `nombrelargo`, `fechainicio`, `fechafin`, `iddepartamento`) VALUES
(1, '2021-2S', 'SEPTIEMBRE 2021 - MAYO 2022', '0000-00-00', '0000-00-00', 1);

-- --------------------------------------------------------

--
-- Table structure for table `persona`
--

CREATE TABLE `persona` (
  `idpersona` int(11) NOT NULL,
  `nombres` varchar(50) DEFAULT NULL,
  `apellidos` varchar(50) DEFAULT NULL,
  `cedula` varchar(10) DEFAULT NULL,
  `fechanacimiento` date DEFAULT NULL,
  `foto` char(50) DEFAULT NULL,
  `pdf` char(50) DEFAULT NULL,
  `idtiposangre` int(11) DEFAULT NULL,
  `idestadocivil` int(11) DEFAULT NULL,
  `idnacionalidad` int(11) DEFAULT NULL,
  `idgenero` int(11) NOT NULL,
  `idfoto` int(11) DEFAULT NULL
) ENGINE=InnoDB DEFAULT CHARSET=utf8mb4;

--
-- Dumping data for table `persona`
--

INSERT INTO `persona` (`idpersona`, `nombres`, `apellidos`, `cedula`, `fechanacimiento`, `foto`, `pdf`, `idtiposangre`, `idestadocivil`, `idnacionalidad`, `idgenero`, `idfoto`) VALUES
(7, 'Miranda Bolaos Damaris', NULL, '0850489881', NULL, 'fotos/0850489881.jpg', 'pdfs/0850489881.pdf', 1, 1, 1, 0, 0),
(8, 'STALIN ADALBERTO', 'FRANCIS QUINDE', '0801560517', '0000-00-00', NULL, NULL, NULL, NULL, NULL, 2, 0),
(9, 'ILCI MONSERRATE', 'NAZARENO ARTEAGA', '0804363265', NULL, NULL, NULL, NULL, NULL, NULL, 0, 0),
(10, 'ROXANA STEFANIA', 'DIAZ ESTUPIAN', '0801951781', NULL, NULL, NULL, NULL, NULL, NULL, 0, 0),
(11, 'CRUZ DIANA', 'COROZO CAGUA', '0802656686', NULL, NULL, NULL, NULL, NULL, NULL, 0, 0),
(12, 'JIMMY ALEXANDER', 'PAZMIO TORRES', '0802394338', '0000-00-00', NULL, NULL, NULL, NULL, NULL, 2, 0),
(13, 'WILSON ENRRIQUE', 'CONTRERAS PASCUAZA', '0803775345', '0000-00-00', NULL, NULL, NULL, NULL, NULL, 2, 0),
(14, 'BETTY VERONICA', 'MOSQUERA CASTILLO', '0802169581', '0000-00-00', NULL, NULL, NULL, NULL, NULL, 1, 0),
(15, 'ROBERTO EDWIN', 'MONTAO ROLDAN', '0802200154', '0000-00-00', NULL, NULL, NULL, NULL, NULL, 2, 0),
(16, 'RAFAEL MARCELO', 'PEREZ AGUIRRE', '1500434095', '0000-00-00', NULL, NULL, NULL, NULL, NULL, 2, 0),
(17, 'CESAR ALBERTO', 'MANCHAY ORBEA', '082324665', '0000-00-00', NULL, NULL, NULL, NULL, NULL, 2, 0),
(18, 'BYRON  JAVIER', 'RAMIREZ DUEAS', '0850036823', '0000-00-00', NULL, NULL, NULL, NULL, NULL, 2, 0),
(19, 'YAMIL RODRIGO', 'LOPEZ ALBAN', '0802402131', '0000-00-00', NULL, NULL, NULL, NULL, NULL, 2, 0),
(20, 'GERARDO ALFREDO', 'SOLORZANO GUTIERREZ', '1714184429', '0000-00-00', NULL, NULL, NULL, NULL, NULL, 2, 0),
(21, 'GEOVANY', 'RIVERA BAZAN', '0803063593', '0000-00-00', NULL, NULL, NULL, NULL, NULL, 2, 0),
(23, 'PATRICIO EDUARDO', 'PERALTA VALVERDE', '0801943655', '0000-00-00', NULL, NULL, NULL, NULL, NULL, 2, 0),
(24, 'MARIA NELA', 'QUIONEZ CORTEZ', '0804096675', '0000-00-00', NULL, NULL, NULL, NULL, NULL, 1, 0),
(25, 'SONIA MARA', 'BUSTAMANTE LPEZ', '0920298460', '0000-00-00', NULL, NULL, NULL, NULL, NULL, 1, 0),
(26, 'INGRID DEYANIRA', 'QUINDE ACOSTA', '0801416017', NULL, NULL, NULL, NULL, NULL, NULL, 0, 0),
(27, 'VICTOR EDUARDO', 'QUISPE MERA', '0804383495', NULL, NULL, NULL, NULL, NULL, NULL, 0, 0),
(28, 'JACKSON ARTURO', 'MANCHAY ORBEA', '0802654681', NULL, NULL, NULL, NULL, NULL, NULL, 0, 0),
(29, 'KEVIN STEEVEN', 'AGUILAR MOLINA', '0803708940', NULL, NULL, NULL, NULL, NULL, NULL, 0, 0),
(31, 'DAMARIS MARGARITA', 'MIRANDA BOLAOS', '0850489881', NULL, NULL, NULL, NULL, NULL, NULL, 0, 0),
(32, 'congresoutlvte', 'facped', '0000000000', NULL, 'fotos/0000000000.jpg', NULL, NULL, NULL, NULL, 0, 0),
(33, 'admin', 'admin', '0000000000', NULL, 'fotos/0000000000.jpg', NULL, NULL, NULL, NULL, 0, 0),
(34, 'CHRISTOPHER YERIEL', 'FRANCIS ANGULO', '0850563412', '2022-01-13', 'fotos/0850563412.jpg', 'pdfs/0850563412.pdf', 1, 1, 1, 2, 0),
(35, 'WILLIAM GONZALO', 'BAICILLA CHANBA', '0804314136', '2022-01-15', '', NULL, NULL, NULL, NULL, 2, 0),
(36, 'JOSEPH ALDAIR', 'CAMPAS MARQUEZ', '0850108812', '2022-01-20', '', NULL, NULL, NULL, NULL, 2, 0),
(37, 'BONE PANEZO', 'SECRETARIA', '0801593933', NULL, 'fotos/0801593933.jpg', 'pdfs/0801593933.pdf', 1, 1, 1, 1, 0),
(38, 'YORDAN  MANUEL', 'TIMARAN', '0803154848', '2022-01-13', '', NULL, NULL, NULL, NULL, 2, 0),
(39, 'THIAGO', 'JIJON', '0850694910', '0000-00-00', '', NULL, NULL, NULL, NULL, 2, 0),
(40, 'EDISON ', 'QUINDE', '1050528395', '0000-00-00', '', NULL, NULL, NULL, NULL, 2, 0),
(41, 'HENRY', 'BONE', '0850194481', '0000-00-00', '', NULL, NULL, NULL, NULL, 2, 0),
(42, 'JESSICA', 'BONE', '0850454927', '0000-00-00', '', NULL, NULL, NULL, NULL, 1, 0),
(43, 'MIGUEL', 'MONTAO', '085102954', '0000-00-00', '', NULL, NULL, NULL, NULL, 2, 0),
(44, 'STALIN', 'MERA', '0850417304', '0000-00-00', '', NULL, NULL, NULL, NULL, 2, 0),
(45, 'MATEO', 'MERA', '0851048785', '0000-00-00', '', NULL, NULL, NULL, NULL, 2, 0),
(46, 'JADEN', 'QUEZADA', '0850147547', '0000-00-00', '', NULL, NULL, NULL, NULL, 2, 0),
(47, 'PATRICK DIDIER', 'FRANCIS', '0850025479', '0000-00-00', '', NULL, NULL, NULL, NULL, 2, 0),
(49, 'GILBERT JOSE', 'MARINEZ RODRIGUEZ', '00000000', '0000-00-00', '', NULL, NULL, NULL, NULL, 2, NULL),
(50, 'WILLIAM JOEL', 'FRANCIS CAICEDO', '0850060187', '0000-00-00', '', NULL, NULL, NULL, NULL, 2, NULL),
(51, 'EDISON', 'CAPURRO QUIONEZ', '0800501280', '2022-01-19', '', NULL, NULL, NULL, NULL, 2, NULL),
(52, 'YILSON ROMARIO', 'MITTE MERCADO', '00000', '2022-01-11', '', NULL, NULL, NULL, NULL, 2, NULL),
(53, 'Gabriel Mauricio', 'Quiguiri Bravo', '1724504434', '0000-00-00', '', NULL, NULL, NULL, NULL, 2, NULL),
(54, 'Gino Elas', 'Reina Macas', '0802113365', '0000-00-00', '', NULL, NULL, NULL, NULL, 2, NULL),
(55, 'KATHERINE SUSANA', 'RIVERA POSLIGUA', '0803424316', '0000-00-00', '', NULL, NULL, NULL, NULL, 1, NULL),
(56, 'Yirabel Alexandra', 'Ruz Reyes ', '0803326389', '0000-00-00', '', NULL, NULL, NULL, NULL, 1, NULL),
(57, 'CARMELINA DEL SOCORRO ', 'LEN GMEZ', '1727097154', '0000-00-00', '', NULL, NULL, NULL, NULL, 1, NULL),
(58, 'SOLANGE JIMENA', 'LUCAS SNCHEZ', '0803780402', '0000-00-00', '', NULL, NULL, NULL, NULL, 1, NULL),
(59, ' Karla Enriqueta', 'Klinger Camacho', '0803042233', '0000-00-00', '', NULL, NULL, NULL, NULL, 1, NULL),
(60, 'Ivn Daniel', ' Klinger Estupin', '0802862193', '0000-00-00', '', NULL, NULL, NULL, NULL, 2, NULL),
(61, 'ALLAN BENJAMIN', 'INTRIAGO JAMA', '0802326538', '2017-06-26', '', NULL, NULL, NULL, NULL, 2, NULL),
(62, 'Marcos Gabriel', ' Palacios Vlez', '0803116169', '0000-00-00', '', NULL, NULL, NULL, NULL, 2, NULL),
(63, 'MARCEL ANDR', 'PREZ ARZAGA', '0801786193', '0000-00-00', '', NULL, NULL, NULL, NULL, 2, NULL),
(64, ' OSWALDO ANTONIO', 'PALMA GUAMAN', '0804353217', '0000-00-00', '', NULL, NULL, NULL, NULL, 2, NULL),
(65, 'CINDY XIMENA', 'PAREDES VIVERO', '0803823665', '0000-00-00', '', NULL, NULL, NULL, NULL, 1, NULL),
(66, 'MICHAEL JOHAN', 'PARRA AVEIGA', '0803166347', '0000-00-00', '', NULL, NULL, NULL, NULL, 2, NULL),
(67, 'Rubn Daro', 'PAZMIO QUIONEZ', '0804360824', '0000-00-00', '', NULL, NULL, NULL, NULL, 2, NULL),
(68, 'DENISSE ELIANE ', 'POSSO VANEGAS', '0803310655', '0000-00-00', '', NULL, NULL, NULL, NULL, 1, NULL),
(69, 'Maritza Alexandra', 'Gallardo Mina', '0803127588', '0000-00-00', '', NULL, NULL, NULL, NULL, 1, NULL),
(70, 'Cristian Camilo', 'Garzon Berrio', '8170377272', '0000-00-00', '', NULL, NULL, NULL, NULL, 2, NULL),
(71, 'DIANA KAROLINA', 'GARCA LOOR', '0803729656', '0000-00-00', '', NULL, NULL, NULL, NULL, 1, NULL),
(72, ' MARIA FERNANDA', ' MARIA FERNANDA', '0803929017', '0000-00-00', '', NULL, NULL, NULL, NULL, 1, NULL),
(73, 'Rosa Ins', 'Gmez Vergara', '0803073451', '0000-00-00', '', NULL, NULL, NULL, NULL, 1, NULL),
(74, 'GERVIS ANTONIO', 'GOYES CANG', '0803258748', '0000-00-00', '', NULL, NULL, NULL, NULL, 2, NULL),
(75, 'Mariuxi Tatiana', 'Guilln Rodrguez', '0803899137', '0000-00-00', '', NULL, NULL, NULL, NULL, 1, NULL),
(76, 'JORGE LUIS', 'TORRES OJEDA', '0802261016', '0000-00-00', '', NULL, NULL, NULL, NULL, 2, NULL),
(77, 'Solange Manuela', 'Valencia lvarez', '0803153378', '0000-00-00', '', NULL, NULL, NULL, NULL, 1, NULL),
(78, ' LAURA SUGEY', 'VALLEJO ANGULO', '0804093102', '0000-00-00', '', NULL, NULL, NULL, NULL, 1, NULL),
(79, 'EVELIN TATIANA', 'VEGA PISCO', '1717868036', '0000-00-00', '', NULL, NULL, NULL, NULL, 1, NULL),
(80, 'Cinthya Xiomara', 'Vlez Banegas', '0802094003', '0000-00-00', '', NULL, NULL, NULL, NULL, 1, NULL),
(81, 'Frixon Stalin', 'Olaya Ordoez', '0802198226', '0000-00-00', '', NULL, NULL, NULL, NULL, 2, NULL),
(82, 'JOSSIE STEEVEN', 'QUINTERO GIRON', '0850472366', '1998-09-08', '', NULL, NULL, NULL, NULL, 2, NULL),
(83, 'NELSON JAVIER', 'MORA CAICEDO', '0802182873', '1977-07-29', '', NULL, NULL, NULL, NULL, 2, NULL),
(84, 'Bryan Tarek', 'Gracia Len', '0803479823', '0000-00-00', '', NULL, NULL, NULL, NULL, 2, NULL),
(85, 'CRISTHIAN', 'CALDERON', '0801754870', '2016-12-15', '', NULL, NULL, NULL, NULL, 2, NULL),
(86, 'FAUSTO ADRIN', 'CARRILLO ESCOBAR', '0803029347', '0000-00-00', '', NULL, NULL, NULL, NULL, 2, NULL),
(87, 'Maria Jose', 'Gongora Mosquera', '0804312197', '0000-00-00', '', NULL, NULL, NULL, NULL, 1, NULL),
(88, 'Flix', 'Quionez Rodrguez', '0803479823', '0000-00-00', '', NULL, NULL, NULL, NULL, 2, NULL),
(90, 'Fernando', 'Gonzlez Montao', '0802717736', '0000-00-00', '', NULL, NULL, NULL, NULL, 2, NULL),
(91, 'Eddy Santiago', 'Montao Vivas', '0803016260', '0000-00-00', '', NULL, NULL, NULL, NULL, 2, NULL),
(92, 'Eddy Rogelio    ', 'Estupian Olivero', '0803717099', '0000-00-00', '', NULL, NULL, NULL, NULL, 1, NULL),
(93, 'MARIO ALBERTO', 'GRACIA CERVANTEZ', '0803141696', '2016-12-22', '', NULL, NULL, NULL, NULL, 2, NULL),
(94, 'MIRTHA LORENA', 'AGUILAR MORA', '0801754870', '0000-00-00', '', NULL, NULL, NULL, NULL, 1, NULL),
(95, 'Antony Reasco ', 'Busto', '080349135-', '0000-00-00', '', NULL, NULL, NULL, NULL, 1, NULL),
(96, 'Oscar Fernando', 'Muoz Estupin', '0802939785', '0000-00-00', '', NULL, NULL, NULL, NULL, 2, NULL),
(97, 'YUNNIOR ANGEL', 'VALENCIA SALAZAR', '0803479823', '0000-00-00', '', NULL, NULL, NULL, NULL, 2, NULL),
(98, 'LUIS ALFREDO', 'BALLESTEROS CHUMO', '0803454198', '0000-00-00', '', NULL, NULL, NULL, NULL, 2, NULL),
(99, 'Manuel Eduardo', 'Bentez Baquerizo', '0803395219', '0000-00-00', '', NULL, NULL, NULL, NULL, 2, NULL),
(100, 'Gino Elas ', 'Reina Macas', ' 080211336', '0000-00-00', '', NULL, NULL, NULL, NULL, 2, NULL),
(101, 'Ricardo Rubn', 'Castillo Gngora', '0802263780', '0000-00-00', '', NULL, NULL, NULL, NULL, 2, NULL),
(102, 'Jonathan Javier', 'Escalante Carabal', '0803176049', '0000-00-00', '', NULL, NULL, NULL, NULL, 2, NULL),
(103, 'CRISTHIAN RAFAEL', 'FALCONES RODRIGUEZ', '0804235612', '0000-00-00', '', NULL, NULL, NULL, NULL, 2, NULL),
(105, 'Welinton Fabian', 'Intriago Franco', '0804098705', '0000-00-00', '', NULL, NULL, NULL, NULL, 2, NULL),
(106, 'MILTON DANIEL', 'MUOZ ROA', '0802936757', '0000-00-00', '', NULL, NULL, NULL, NULL, 2, NULL),
(107, 'KATHERINE SUSANA ', 'RIVERA POSLIGUA ', ' 080342431', '0000-00-00', '', NULL, NULL, NULL, NULL, 1, NULL),
(108, 'Cesar Emilio', 'Oa Robinzn', '0800894115', '0000-00-00', '', NULL, NULL, NULL, NULL, 2, NULL),
(109, 'ELER', 'PORTOCARRERO RAMOS', '0802022103', '0000-00-00', '', NULL, NULL, NULL, NULL, 2, NULL),
(110, 'Yirabel Alexandra', 'Ruz Reyes  ', '0803326389', '0000-00-00', '', NULL, NULL, NULL, NULL, 1, NULL),
(111, 'Jos Luis', 'Snchez Charcopa', '0921931093', '0000-00-00', '', NULL, NULL, NULL, NULL, 2, NULL),
(112, 'LUIS ALFREDO', 'BALLESTEROS CHUMO', '0803454198', '0000-00-00', '', NULL, NULL, NULL, NULL, 2, NULL),
(113, 'CARMELINA DEL SOCORRO ', 'LEN GMEZ ', '172709715-', '0000-00-00', '', NULL, NULL, NULL, NULL, 1, NULL),
(114, 'CARMELINA DEL SOCORRO', 'LEN GMEZ', ' 172709715', '2017-06-26', '', NULL, NULL, NULL, NULL, 1, NULL),
(115, 'CARMELINA DEL SOCORRO  ', 'LEN GMEZ', '172709715-', '0000-00-00', '', NULL, NULL, NULL, NULL, 1, NULL),
(117, 'SOLANGE JIMENA', 'LUCAS SNCHEZ', '0803780402', '0000-00-00', '', NULL, NULL, NULL, NULL, 1, NULL),
(118, 'Cristhian', 'ANGULO MENDOZA', '0802503185', '0000-00-00', '', NULL, NULL, NULL, NULL, 2, NULL),
(119, 'Eddy Rogelio ', 'Estupin Oliveros ', ' 080371709', '0000-00-00', '', NULL, NULL, NULL, NULL, 2, NULL),
(120, 'MARCEL ANDR  ', 'PREZ ARZAGA', ' 080178619', '0000-00-00', '', NULL, NULL, NULL, NULL, 1, NULL),
(121, 'MARCEL ANDRE', 'PREZ ARZAGA ', ' 080178619', '0000-00-00', '', NULL, NULL, NULL, NULL, 2, NULL),
(122, 'CINDY XIMENA ', 'PAREDES VIVERO ', ' 080382366', '0000-00-00', '', NULL, NULL, NULL, NULL, 1, NULL),
(123, 'MICHAEL JOHAN ', 'PARRA AVEIGA ', ' 080316634', '0000-00-00', '', NULL, NULL, NULL, NULL, 2, NULL),
(124, ' Rubn Daro ', 'PAZMIO QUIONEZ', '0804360824', '0000-00-00', '', NULL, NULL, NULL, NULL, 2, NULL),
(125, 'Nelson Xavier', 'Mora Caicedo', '0802182873', '0000-00-00', '', NULL, NULL, NULL, NULL, 2, NULL),
(126, 'Nelson Xavier', 'Mora Caicedo', '0802182873', '2021-09-10', '', NULL, NULL, NULL, NULL, 2, NULL),
(127, 'Cristhian', 'Angulo Mendoza', '0802503185', '0000-00-00', '', NULL, NULL, NULL, NULL, 2, NULL),
(128, 'Fabin Lizardo ', 'Caicedo Goyes', '00000000', '0000-00-00', '', NULL, NULL, NULL, NULL, 2, NULL),
(129, ' JISELA ANDREINA ', 'BRAVO VASQUEZ', '1718778564', '0000-00-00', '', NULL, NULL, NULL, NULL, 1, NULL),
(131, 'Martha Alejandra ', 'Caar Apuntes ', '080377275-', '0000-00-00', '', NULL, NULL, NULL, NULL, 1, NULL),
(132, 'DIXON ERMEL', 'QUINEZ MERCADO', '1003913744', '0000-00-00', '', NULL, NULL, NULL, NULL, 2, NULL),
(133, 'ERIKA LISSETTE', 'QUIONEZ TENORIO', '0803458850', '0000-00-00', '', NULL, NULL, NULL, NULL, 1, NULL),
(134, 'KATTY JUDITH ', 'MARTNEZ BAUTISTA', '0802758144', '0000-00-00', '', NULL, NULL, NULL, NULL, 1, NULL),
(135, 'KATTY JUDITH ', 'MARTNEZ BAUTISTA', '0802758144', '0000-00-00', '', NULL, NULL, NULL, NULL, 1, NULL),
(136, 'VICTOR ANDRES', 'AGUIRRE BONE', '0850106287', '0000-00-00', '', NULL, NULL, NULL, NULL, 2, NULL),
(137, ' VALDEMAR ANDRES', 'SANCHEZ ANGULO', '0801872599', '0000-00-00', '', NULL, NULL, NULL, NULL, 2, NULL),
(138, 'KAREN JAZMIN', 'MARTINEZ REASCOS', '0850455296', '0000-00-00', '', NULL, NULL, NULL, NULL, 1, NULL),
(139, 'Evelyn Lissette', 'Angulo Bravo', '0804591196', '0000-00-00', '', NULL, NULL, NULL, NULL, 1, NULL),
(140, 'JOHN ALEXANDER', 'GRAY ACOSTA', '0802303040', '0000-00-00', '', NULL, NULL, NULL, NULL, 2, NULL),
(141, 'ANGEL JOSU', 'QUIONEZ CAICEDO', '0803433523', '0000-00-00', '', NULL, NULL, NULL, NULL, 2, NULL),
(142, 'JONATHAN XAVIER', 'VERA ORELLANA', '0803125509', '0000-00-00', '', NULL, NULL, NULL, NULL, 2, NULL),
(143, 'DAYANA ELIZABETH', 'DOLIS ZATIZABAL', '0803785898', '0000-00-00', '', NULL, NULL, NULL, NULL, 1, NULL),
(144, 'YIRABEL LUCIA', 'QUINTERO RIVERA', '0803715184', '0000-00-00', '', NULL, NULL, NULL, NULL, 1, NULL),
(145, 'NATALY STEFANA', 'PRECIADO BONE', '0803767821', '0000-00-00', '', NULL, NULL, NULL, NULL, 1, NULL),
(146, 'NADIA CECILIA', 'PERALTA CUEL', '0803763986', '0000-00-00', '', NULL, NULL, NULL, NULL, 1, NULL),
(147, 'SOLANGE MARISON', 'ORTIZ CARRANZA', '0804311876', '0000-00-00', '', NULL, NULL, NULL, NULL, 1, NULL),
(148, 'ENRIQUE ALBERTO', 'MOSQUERA MONTAO', '0803718014', '0000-00-00', '', NULL, NULL, NULL, NULL, 2, NULL),
(149, 'PEDRO ALEJANDRO', 'ARIZALA CRDENAS', '0801994237', '1988-06-02', '', NULL, NULL, NULL, NULL, 2, NULL),
(150, 'Emily Gabriela', 'Plaza Aguayo', '0802831461', '0000-00-00', '', NULL, NULL, NULL, NULL, 1, NULL),
(151, 'BETSY GABRIELA', 'BARRE CAIZARES', '0804154680', '1996-05-12', '', NULL, NULL, NULL, NULL, 1, NULL),
(152, 'Alex Henry ', 'Quionez Klinger', '0803987361', '1994-02-22', '', NULL, NULL, NULL, NULL, 2, NULL),
(153, 'NATHALY CRISTINA', 'MENDOZA VALENCIA', '0803445709', '1996-06-01', '', NULL, NULL, NULL, NULL, 1, NULL),
(154, 'SAIDY JAMILETH', 'QUIONEZ JARAMILO', '0950958991', '1994-05-05', '', NULL, NULL, NULL, NULL, 1, NULL),
(155, 'DIEGO MANUEL', 'COTERA MONTAO', '0802366948', '0000-00-00', '', NULL, NULL, NULL, NULL, 2, NULL),
(156, 'Marcelo Dario', 'Monrroy Reasco', '0803801042', '0000-00-00', '', NULL, NULL, NULL, NULL, 2, NULL),
(157, 'Marco Antonio', 'Intriago Cabezas', '0850577016', '0000-00-00', NULL, NULL, NULL, NULL, NULL, 2, NULL),
(158, 'CINTHYA', 'CASTILLO MONTES', '0802504498', '0000-00-00', NULL, NULL, NULL, NULL, NULL, 1, NULL),
(159, 'Kevin Henry', 'Garrido Cagua', '0803582857', '0000-00-00', NULL, NULL, NULL, NULL, NULL, 2, NULL),
(160, 'CARMEN NADINA', 'REINA MACIAS', '0802570440', '0000-00-00', NULL, NULL, NULL, NULL, NULL, 1, NULL),
(161, 'MARCO DAVID', 'RAMIREZ OBANDO', '0802526913', '0000-00-00', NULL, NULL, NULL, NULL, NULL, 2, NULL),
(162, 'GERMAN PAUL', 'PADILLA MOSQUERA', '0803483445', '0000-00-00', NULL, NULL, NULL, NULL, NULL, 2, NULL),
(163, 'KEVIN ALEXANDER', 'GUZAY GMEZ', '0850037755', '0000-00-00', NULL, NULL, NULL, NULL, NULL, 2, NULL),
(164, 'ABEL PATRICIO', 'SALTOS CAMPOS', '0803123157', '0000-00-00', NULL, NULL, NULL, NULL, NULL, 2, NULL),
(165, 'SERGIO DANIEL', 'SOLIS CEVALLOS', '0803205269', '0000-00-00', NULL, NULL, NULL, NULL, NULL, 2, NULL),
(166, 'Diego Mauricio', 'Hurtado Sotalin', '0801633504', NULL, 'fotos/0801633504.png', 'pdfs/0801633504.pdf', 1, 1, 1, 1, NULL),
(167, 'ALISON MICAELA', 'VALENCIA SILVA', '2300427958', NULL, 'fotos/2300427958.png', 'pdfs/2300427958.pdf', 1, 1, 1, 1, NULL),
(168, 'HAROLD STALIN', 'QUIONEZ FRANCIS', '0801020751', NULL, 'fotos/0801020751.png', 'pdfs/0801020751.pdf', 1, 1, 1, 1, NULL),
(169, 'Paul', 'Solis', '0802195230', NULL, 'fotos/0802195230.png', 'pdfs/0802195230.pdf', 1, 1, 1, 1, NULL),
(170, 'Manuel Tomas', 'Francis Bone', '0802382374', NULL, 'fotos/0802382374.png', 'pdfs/0802382374.pdf', 1, 1, 1, 1, NULL),
(171, 'Juan Fabricio', 'Quezada Granda', '0802677880', NULL, 'fotos/0802677880.png', 'pdfs/0802677880.pdf', 1, 1, 1, 1, NULL),
(173, 'Eliana Gabriela', 'Vera Saavedra', '0850232109', NULL, 'fotos/0850232109.png', 'pdfs/0850232109.pdf', 1, 1, 1, 1, NULL),
(174, 'Viviana Adriana', 'Olguin Jimenez', '0804153419', NULL, 'fotos/0804153419.png', 'pdfs/0804153419.pdf', 1, 1, 1, 1, NULL),
(175, 'Iliana Carolina', 'Mendoza Menendez', '0803497288', NULL, 'fotos/0803497288.png', 'pdfs/0803497288.pdf', 1, 1, 1, 1, NULL),
(176, 'Alvaro', 'Zuiga', '0803899129', NULL, 'fotos/0803899129.png', 'pdfs/0803899129.pdf', 1, 1, 1, 1, NULL),
(177, 'Clarissa Germania', 'Vera Tello', '0803459692', NULL, 'fotos/0803459692.png', 'pdfs/0803459692.pdf', 1, 1, 1, 1, NULL),
(179, 'Kevin Fernando', 'Pozo Coello', '0803929785', NULL, 'fotos/0803929785.png', 'pdfs/0803929785.pdf', 1, 1, 1, 1, NULL),
(180, 'Cristina Mercedes', 'Nazareno Rodrguez', '0803719376', NULL, 'fotos/0803719376.png', 'pdfs/0803719376.pdf', 1, 1, 1, 1, NULL),
(181, 'Homero Anderson', 'Ortiz Caicedo', '0803281088', NULL, 'fotos/0803281088.png', 'pdfs/0803281088.pdf', 1, 1, 1, 1, NULL),
(182, 'Leidy Vernica', 'Zambrano Nata', '0803816487', NULL, 'fotos/0803816487.png', 'pdfs/0803816487.pdf', 1, 1, 1, 1, NULL),
(183, 'LIDA CECILIA', 'GUERRERO BRAVO', '0802725382', NULL, 'fotos/0802725382.png', 'pdfs/0802725382.pdf', 1, 1, 1, 1, NULL),
(184, 'Angel Ronald', 'Rivera Muoz', '0803716810', NULL, 'fotos/0803716810.png', 'pdfs/0803716810.pdf', 1, 1, 1, 1, NULL),
(185, 'Marlon Bladimir', 'Lema Tacuri', '0804560720', NULL, 'fotos/0804560720.png', 'pdfs/0804560720.pdf', 1, 1, 1, 1, NULL),
(186, 'JOSELYN VICTORIA', 'MERO VALOY', '0804151181', NULL, 'fotos/0804151181.png', 'pdfs/0804151181.pdf', 1, 1, 1, 1, NULL),
(187, 'ANGELO ISAIAS', 'PANEZO BARBOZA', '0850467499', NULL, 'fotos/0850467499.png', 'pdfs/0850467499.pdf', 1, 1, 1, 1, NULL),
(188, 'Maritza', 'Rojas Montao', '0802390294', NULL, 'fotos/0802390294 .png', 'pdfs/0802390294 .pdf', 1, 1, 1, 1, NULL),
(189, 'KENSO ADRIAN', 'GUERRERO MOSQUERA', '0803709609', NULL, 'fotos/0803709609.png', 'pdfs/0803709609.pdf', 1, 1, 1, 1, NULL),
(190, 'Dario Javier', 'Sanchez Cagua', '0804364503', NULL, 'fotos/0804364503.png', 'pdfs/0804364503.pdf', 1, 1, 1, 1, NULL),
(191, 'Jandri JamPierre', 'Ganchozo Bennett', '0803799964', NULL, 'fotos/0803799964.png', 'pdfs/0803799964.pdf', 1, 1, 1, 1, NULL),
(192, 'Carmen Isabel', 'Giler Moreira', '0804363539', NULL, 'fotos/0804363539.png', 'pdfs/0804363539.pdf', 1, 1, 1, 1, NULL),
(193, 'Erick', 'Estupian', '0803008648', NULL, 'fotos/0803008648.png', 'pdfs/0803008648.pdf', 1, 1, 1, 1, NULL),
(194, 'Fidel Darwin', 'Garcia Quionez', '1720596749', NULL, 'fotos/1720596749.png', 'pdfs/1720596749.pdf', 1, 1, 1, 1, NULL),
(195, 'Manuel Enrique', 'Espaa Corozo', '0803456144', NULL, 'fotos/0803456144.png', 'pdfs/0803456144.pdf', 1, 1, 1, 1, NULL),
(196, 'Jexi Julissa', 'Valencia Angulo', '0804315141', NULL, 'fotos/0804315141.png', 'pdfs/0804315141.pdf', 1, 1, 1, 1, NULL),
(197, 'Alexandra Carolina', 'Tenorio Rojas', '0804112670', NULL, 'fotos/0804112670.png', 'pdfs/0804112670.pdf', 1, 1, 1, 1, NULL),
(198, 'Marcelo Fabian', 'Largo San Nicolas', '0803975432', NULL, 'fotos/0803975432.png', 'pdfs/0803975432.pdf', 1, 1, 1, 1, NULL),
(199, 'Cinthya Elizabeth', 'Lluniquinga Pilozo', '1724038052', NULL, 'fotos/1724038052.png', 'pdfs/1724038052.pdf', 1, 1, 1, 1, NULL),
(200, 'Kevin Medardo', 'Flores Chica', '0803763507', NULL, 'fotos/0803763507.png', 'pdfs/0803763507.pdf', 1, 1, 1, 1, NULL),
(201, 'Joselyn Corina', 'Mosquera  Estupian', '0803997303', NULL, 'fotos/0803997303.png', 'pdfs/0803997303.pdf', 1, 1, 1, 1, NULL),
(202, 'Bryan Joel', 'Faras Gmez', '0802393504', NULL, 'fotos/0802393504.png', 'pdfs/0802393504.pdf', 1, 1, 1, 1, NULL),
(203, 'ERICK FABIAN', 'PRECIADO MONTEZUMA', '0803160464', NULL, 'fotos/0803160464.png', 'pdfs/0803160464.pdf', 1, 1, 1, 1, NULL),
(204, 'Raquel Anglica', 'Pianchiche Acero', '0803490630', NULL, 'fotos/0803490630.png', 'pdfs/0803490630.pdf', 1, 1, 1, 1, NULL),
(206, 'Walter Leonardo', 'Gallegos Pilligua', '0804397404', NULL, 'fotos/0804397404.png', 'pdfs/0804397404.pdf', 1, 1, 1, 1, NULL),
(207, 'Anthony Michael', 'Zambrano Moreno', '0803131655', NULL, 'fotos/0803131655.png', 'pdfs/0803131655.pdf', 1, 1, 1, 1, NULL),
(208, 'Oswaldo Ramiro', 'Roman Arturo', '0803169606', NULL, 'fotos/0803169606.png', 'pdfs/0803169606.pdf', 1, 1, 1, 1, NULL),
(209, 'IVETH ROSITA', 'FRANCIS CAICEDO', '0850024662', NULL, 'fotos/0850024662.png', 'pdfs/0850024662.pdf', 1, 1, 1, 1, NULL),
(210, 'YILSON ROMARIO', 'MITTE MERCADO', '099581948', '0000-00-00', NULL, NULL, NULL, NULL, NULL, 2, NULL),
(211, 'STEFANIA KAROLINA ', 'REYNA MENDOZA', '0803469832', '0000-00-00', NULL, NULL, NULL, NULL, NULL, 1, NULL),
(212, 'LUIS ENRRIQUE ', 'PORTOCARRERO IBARRA', '085046752-', '0000-00-00', NULL, NULL, NULL, NULL, NULL, 2, NULL),
(216, 'SCARLETH VANESSA  ', 'CANG MINA ', '0804052918', '0000-00-00', NULL, NULL, NULL, NULL, NULL, 1, NULL),
(217, ' SCARLETH VANESSA ', 'CANG MINA ', '  08040529', '0000-00-00', NULL, NULL, NULL, NULL, NULL, 1, NULL),
(220, 'Niurka Yudibel', 'Ramirez Castro', '0850514456', NULL, 'fotos/0850514456.png', 'pdfs/0850514456.pdf', 1, 1, 1, 1, NULL),
(221, 'Isaac Alejandro', 'Tafur Len', '0804108603', '0000-00-00', 'fotos/0804108603.png', 'pdfs/0804108603.pdf', 1, 1, 1, 2, NULL),
(222, 'Kimberly Stefani', 'Angulo Escobar', '0850018001', NULL, 'fotos/0850018001.png', 'pdfs/0850018001.pdf', 1, 1, 1, 1, NULL),
(223, 'Emiko Janeth', 'Ibarra Herrera', '0850875543', NULL, 'fotos/0850875543.png', 'pdfs/0850875543.pdf', 1, 1, 1, 1, NULL),
(224, 'Jean Pierre', 'Angulo Cedeo', '0850434994', '0000-00-00', 'fotos/0850434994.png', 'pdfs/0850434994.pdf', 1, 1, 1, 2, NULL),
(225, 'Joseph Javier', 'Lucas Angulo', '0850443649', '0000-00-00', 'fotos/0850443649.png', 'pdfs/0850443649.pdf', 1, 1, 1, 2, NULL),
(226, 'Gerard Fabian', 'Garces Portes', '0850384728', '0000-00-00', 'fotos/0850384728.png', 'pdfs/0850384728.pdf', 1, 1, 1, 2, NULL),
(227, 'Emily MAILY', 'Realpe Estupin', '0804365146', NULL, 'fotos/0804365146.png', 'pdfs/0804365146.pdf', 1, 1, 1, 1, NULL),
(228, 'Isaac Exequiel', 'Gonzalez Sanchez', '0850567470', '0000-00-00', 'fotos/0850567470.png', 'pdfs/0850567470.pdf', 1, 1, 1, 2, NULL),
(229, 'CARLOS RENE', 'BALSECA NEVAREAZ', '0850036856', '0000-00-00', 'fotos/0850036856.png', 'pdfs/0850036856.pdf', 1, 1, 1, 2, NULL),
(230, 'Ada Naomi', 'Galarza Caicedo', '0804860526', NULL, 'fotos/0804860526.png', 'pdfs/0804860526.pdf', 1, 1, 1, 1, NULL),
(232, 'Aymar Raul', 'Veliz Carrera', '0850015298', '0000-00-00', 'fotos/0850015298.png', 'pdfs/0850015298.pdf', 1, 1, 1, 2, NULL),
(233, 'Genessis Lizbeth', 'Gracia Daz', '0850537200', NULL, 'fotos/0850537200.png', 'pdfs/0850537200.pdf', 1, 1, 1, 1, NULL),
(234, 'Andreina Girabel', 'peafiel Ramrez', '0804851111', NULL, 'fotos/0804851111.png', 'pdfs/0804851111.pdf', 1, 1, 1, 1, NULL),
(235, 'Jenniffer Pamela', 'Torres Ayovi', '0850179698', NULL, 'fotos/0850179698.png', 'pdfs/0850179698.pdf', 1, 1, 1, 1, NULL),
(236, 'Katherin Nayeli', 'Zambrano Neira', '0850494303', NULL, 'fotos/0850494303.png', 'pdfs/0850494303.pdf', 1, 1, 1, 1, NULL),
(237, 'Joseph', 'Ruano', '0804119840', '0000-00-00', 'fotos/0804119840.png', 'pdfs/0804119840.pdf', 1, 1, 1, 2, NULL),
(238, 'Jharol Jose', 'Ruano Jama', '0804119857', '0000-00-00', 'fotos/0804119857.png', 'pdfs/0804119857.pdf', 1, 1, 1, 2, NULL),
(239, 'Maroly Mayerli', 'Aapa Corozo', '0804108819', NULL, 'fotos/0804108819.png', 'pdfs/0804108819.pdf', 1, 1, 1, 1, NULL),
(240, 'JOS LUIS', 'PROAO TENORIO', '1712999851', '0000-00-00', 'fotos/1712999851 .png', 'pdfs/1712999851 .pdf', 1, 1, 1, 2, NULL),
(241, 'Bianka', 'Martinez Endara', '0850562935', NULL, 'fotos/0850562935.png', 'pdfs/0850562935.pdf', 1, 1, 1, 1, NULL),
(242, 'CARLA ADRIANA', 'ALCVAR TORRES', '080415518-', '0000-00-00', NULL, NULL, NULL, NULL, NULL, 1, NULL),
(243, 'CARLA ADRIANA', 'ALCVAR TORRES', '080415518-', '0000-00-00', NULL, NULL, NULL, NULL, NULL, 1, NULL),
(244, 'PEDRO MOISES', 'CAMACHO ZAPATA', '0921036372', NULL, 'fotos/0921036372.png', 'pdfs/0921036372.pdf', 1, 1, 1, 1, NULL),
(246, 'FREDDY RICARDO', 'FRANCIS QUINDE', '0801972035', NULL, 'fotos/0801972035.png', 'pdfs/0801972035.pdf', 1, 1, 1, 1, NULL),
(247, 'MARIA DE LOURDE', 'ANGULO BATALLA', '0801651142', NULL, 'fotos/0801651142.png', 'pdfs/0801651142.pdf', 1, 1, 1, 1, NULL),
(248, 'Joselyn Bellanires', 'Oviedo Gamez', '0804343093', NULL, 'fotos/0804343093.png', 'pdfs/0804343093.pdf', 1, 1, 1, 1, NULL),
(249, 'KIARA DOMENICA', 'BARRERA GARCIA', '0803434802', '0000-00-00', NULL, NULL, NULL, NULL, NULL, 1, NULL),
(250, 'STEFANY MISHELLE', 'BEDOYA NAPA', '0850235862', '0000-00-00', NULL, NULL, NULL, NULL, NULL, 1, NULL),
(251, 'ISAIAS JESUS', 'CAIZARES PONCE', '0850276734', '0000-00-00', NULL, NULL, NULL, NULL, NULL, 2, NULL),
(252, 'ERICK PATRICIO', 'CALDA ANGULO', '0850277773', '0000-00-00', 'fotos/0850277773.png', 'pdfs/0850277773.pdf', 1, 1, 1, 2, NULL),
(253, 'DANNA SAYENKA', 'CAPURRO MENDOZA', '0850035460', NULL, 'fotos/0850035460.png', 'pdfs/0850035460.pdf', 1, 1, 1, 1, NULL),
(254, 'Gnesis Paulina', 'Girn Lup', '0850600032', NULL, 'fotos/0850600032.png', 'pdfs/0850600032.pdf', 1, 1, 1, 1, NULL),
(255, 'John Jayron', 'Coime Bone', '085052584-', NULL, 'fotos/085052584-1.png', 'pdfs/085052584-1.pdf', 1, 1, 1, 1, NULL),
(256, 'Gady Jamileth', 'Angulo Alarcon', '0805393055', NULL, 'fotos/0805393055.png', 'pdfs/0805393055.pdf', 1, 1, 1, 1, NULL),
(257, 'VANESSA ROSALIA', 'VARGAS TORAL', '0802818328', NULL, 'fotos/0802818328.png', 'pdfs/0802818328.pdf', 1, 1, 1, 1, NULL),
(258, 'Erick Jermayr', 'Manzaba Pacheco', '0804498376', '0000-00-00', 'fotos/0804498376.png', 'pdfs/0804498376.pdf', 1, 1, 1, 2, NULL),
(259, 'BRITNEY DARIANA', 'GARCIA ARROYO', '0850300203', NULL, 'fotos/0850300203.png', 'pdfs/0850300203.pdf', 1, 1, 1, 1, NULL),
(260, 'Diana Liseth', 'Campos Csatillo', '0850682476', NULL, 'fotos/0850682476 .png', 'pdfs/0850682476 .pdf', 1, 1, 1, 1, NULL),
(261, 'Carlos Andres', 'Rivero Ortiz', '0851010868', '0000-00-00', 'fotos/0851010868.png', 'pdfs/0851010868.pdf', 1, 1, 1, 2, NULL),
(262, 'Rodrigo', 'Teixeira Gonzalez', '0950197129', '0000-00-00', 'fotos/0950197129.png', 'pdfs/0950197129.pdf', 1, 1, 1, 2, NULL),
(263, 'Pervis Teodoro', 'Zurita Valencia', '0805450566', '0000-00-00', 'fotos/0805450566.png', 'pdfs/0805450566.pdf', 1, 1, 1, 2, NULL),
(264, 'LUIS DAVID', 'PRECIADO MONTEZUMA', '0803160456', '0000-00-00', 'fotos/0803160456.png', 'pdfs/0803160456.pdf', 1, 1, 1, 2, NULL),
(265, 'Carolina', 'Nazareno Chila', '0803117597', NULL, 'fotos/0803117597.png', 'pdfs/0803117597.pdf', 1, 1, 1, 1, NULL),
(266, 'Sandy Elba', 'Mera Guerrero', '1317163861', NULL, 'fotos/1317163861.png', 'pdfs/1317163861.pdf', 1, 1, 1, 1, NULL),
(267, 'Sergio', 'Guerrn', '0850138207', '0000-00-00', 'fotos/0850138207.png', 'pdfs/0850138207.pdf', 1, 1, 1, 2, NULL),
(268, 'Csar David', 'Mocha Zambrano', '0850958596', '0000-00-00', 'fotos/0850958596.png', 'pdfs/0850958596.pdf', 1, 1, 1, 2, NULL),
(269, 'lely Rocio', 'Alvarado Gruezo', '0850584012', '0000-00-00', 'fotos/0850584012.png', 'pdfs/0850584012.pdf', 1, 1, 1, 1, NULL),
(270, 'Ariel Arturo', 'Ance Alarcon', '0850112954', '0000-00-00', 'fotos/0850112954.png', 'pdfs/0850112954.pdf', 1, 1, 1, 2, NULL),
(271, 'Jose Miguel', 'Porozo Caicedo', '0803626753', '0000-00-00', 'fotos/0803626753.png', 'pdfs/0803626753.pdf', 1, 1, 1, 2, NULL),
(272, 'Josselyn Nicole', 'Banguera Tircio', '0850179268', NULL, 'fotos/0850179268.png', 'pdfs/0850179268.pdf', 1, 1, 1, 1, NULL),
(273, 'Alisson Nayeli', 'Quionez Canchingre', '0850876962', NULL, 'fotos/0850876962.png', 'pdfs/0850876962.pdf', 1, 1, 1, 1, NULL),
(274, 'Miguel Jesus', 'Tigreros Estacio', '0850043704', '0000-00-00', 'fotos/0850043704.png', 'pdfs/0850043704.pdf', 1, 1, 1, 2, NULL),
(275, 'Brittany Juliet', 'Bone Campas', '0805354180', NULL, 'fotos/0805354180.png', 'pdfs/0805354180.pdf', 1, 1, 1, 1, NULL),
(276, 'Sylka Sybel', 'Garca Mesas', '0850031683', NULL, 'fotos/0850031683.png', 'pdfs/0850031683.pdf', 1, 1, 1, 1, NULL),
(277, 'Zaira Argelia', 'Mendez Jaen', '0804156404', NULL, 'fotos/0804156404.png', 'pdfs/0804156404.pdf', 1, 1, 1, 1, NULL),
(278, 'MAYRA ALEXANDRA', 'TIGUS RODRIGUEZ', '0850581141', NULL, 'fotos/0850581141.png', 'pdfs/0850581141.pdf', 1, 1, 1, 1, NULL),
(279, 'Kevin David', 'Arturo Guerrero', '0805350238', '0000-00-00', 'fotos/0805350238.png', 'pdfs/0805350238.pdf', 1, 1, 1, 2, NULL),
(280, 'JOSE EDUARDO', 'MEJIA MICOLTA', '0804348928', '0000-00-00', 'fotos/0804348928.png', 'pdfs/0804348928.pdf', 1, 1, 1, 2, NULL),
(281, 'Emily Gabriela', 'Sevilla Falconi', '0850355546', NULL, 'fotos/0850355546.png', 'pdfs/0850355546.pdf', 1, 1, 1, 1, NULL),
(282, 'Camily Fiorella', 'Muso Diaz', '0850370792', NULL, 'fotos/0850370792.png', 'pdfs/0850370792.pdf', 1, 1, 1, 1, NULL),
(283, 'Byron Joel', 'Quionez Pianchiche', '0850584095', '0000-00-00', 'fotos/0850584095.png', 'pdfs/0850584095.pdf', 1, 1, 1, 2, NULL),
(284, 'Estefania Lizbeth', 'Granja Jaramillo', '0705775336', NULL, 'fotos/0705775336 .png', 'pdfs/0705775336 .pdf', 1, 1, 1, 1, NULL),
(285, 'KEVIN ISMAEL', 'VALENCIA CASTILLO', '0850024399', '0000-00-00', 'fotos/0850024399.png', 'pdfs/0850024399.pdf', 1, 1, 1, 2, NULL),
(286, 'Andrea Carolina', 'Ordez Valencia', '0803698679', NULL, 'fotos/0803698679.png', 'pdfs/0803698679.pdf', 1, 1, 1, 1, NULL),
(287, 'Eugenia Jamileth', 'Chichande Mendez', '0850884768', NULL, 'fotos/0850884768.png', 'pdfs/0850884768.pdf', 1, 1, 1, 1, NULL),
(288, 'GALO EDUARDO', 'MALDONADO IBARRA', '0802779355', NULL, 'fotos/0802779355.png', 'pdfs/0802779355.pdf', 1, 1, 1, 1, NULL),
(289, 'Viviana Nataly', 'Jaen Mera', '0803758507', NULL, 'fotos/0803758507.png', 'pdfs/0803758507.pdf', 1, 1, 1, 1, NULL),
(290, 'Alexandra Isabela', 'Vizcano Velis', '0803753466', NULL, 'fotos/0803753466.png', 'pdfs/0803753466.pdf', 1, 1, 1, 1, NULL),
(291, 'Daniela Melany', 'Chila Rosales', '0804319382', NULL, 'fotos/0804319382.png', 'pdfs/0804319382.pdf', 1, 1, 1, 1, NULL),
(292, 'Carlos Onofre', 'Trejo Zambrano', '0850428376', NULL, 'fotos/0850428376.png', 'pdfs/0850428376.pdf', 1, 1, 1, 1, NULL),
(293, 'Camila Alejandra', 'Panezo Tenorio', '0804547214', NULL, 'fotos/0804547214.png', 'pdfs/0804547214.pdf', 1, 1, 1, 1, NULL),
(294, 'Hctor Ismael', 'Lozada Escobar', '0803475482', '0000-00-00', 'fotos/0803475482.png', 'pdfs/0803475482.pdf', 1, 1, 1, 2, NULL),
(297, 'Evelyn Dayana', 'Chichande Mrquez', '0850774456', NULL, 'fotos/0850774456.png', 'pdfs/0850774456.pdf', 1, 1, 1, 1, NULL),
(298, 'Alisson Valeska', 'Vanegas Corozo', '0850495458', NULL, 'fotos/0850495458.png', 'pdfs/0850495458.pdf', 1, 1, 1, 1, NULL),
(299, 'Daniela Mishelle', 'Montesdeoca Castillo', '0850876608', NULL, 'fotos/0850876608.png', 'pdfs/0850876608.pdf', 1, 1, 1, 1, NULL),
(300, 'Jean Pierre', 'Cortez Torres', '0803478023', '0000-00-00', 'fotos/0803478023.png', 'pdfs/0803478023.pdf', 1, 1, 1, 2, NULL),
(302, 'Scarleth Samira', 'Ortiz Lugo', '0850007758', NULL, 'fotos/0850007758.png', 'pdfs/0850007758.pdf', 1, 1, 1, 1, NULL),
(303, 'Irene Camila', 'Checa Chila', '0850873860', NULL, 'fotos/0850873860.png', 'pdfs/0850873860.pdf', 1, 1, 1, 1, NULL),
(304, 'Bolvar Efran', 'Zambrano Banguera', '0803175975', '0000-00-00', 'fotos/0803175975.png', 'pdfs/0803175975.pdf', 1, 1, 1, 2, NULL),
(308, 'ALDO STEVEN', 'CARVAJAL KLINGER', '0803469634', '0000-00-00', 'fotos/0803469634.png', 'pdfs/0803469634.pdf', 1, 1, 1, 2, NULL),
(309, 'LEONARDO STALIN', 'HURTADO MANCILLA', '0850131897', '0000-00-00', 'fotos/0850131897.png', 'pdfs/0850131897.pdf', 1, 1, 1, 2, NULL),
(310, 'Alisson Elena', 'Chila Quionez', '0803200377', NULL, 'fotos/0803200377.png', 'pdfs/0803200377.pdf', 1, 1, 1, 1, NULL),
(311, 'jose luis', 'erazo leon', '0803340629', '0000-00-00', 'fotos/0803340629.png', 'pdfs/0803340629.pdf', 1, 1, 1, 2, NULL),
(312, 'Gladis Mishelle', 'Pisco Paredes', '0803197987', NULL, 'fotos/0803197987.png', 'pdfs/0803197987.pdf', 1, 1, 1, 1, NULL),
(314, 'JENNIFER MAIBE', 'PATA MINA', '0941770620', NULL, 'fotos/0941770620.png', 'pdfs/0941770620.pdf', 1, 1, 1, 1, NULL),
(316, 'Araceli Stefania', 'Ruano Bamba', '0805094612', NULL, 'fotos/0805094612 .png', 'pdfs/0805094612 .pdf', 1, 1, 1, 1, NULL),
(317, 'kevin armando', 'bustos reyes', '0850108838', '0000-00-00', 'fotos/0850108838.png', 'pdfs/0850108838.pdf', 1, 1, 1, 2, NULL),
(318, 'Ingrith Gissela', 'Elizalde Elizalde', '0850623661', NULL, 'fotos/0850623661.png', 'pdfs/0850623661.pdf', 1, 1, 1, 1, NULL),
(319, 'kevin Daniel', 'Montao Vera', '0850343468', '0000-00-00', 'fotos/0850343468.png', 'pdfs/0850343468.pdf', 1, 1, 1, 2, NULL),
(320, 'Jean Pierre', 'Mecia Cisneros', '0803169374', '0000-00-00', 'fotos/0803169374.png', 'pdfs/0803169374.pdf', 1, 1, 1, 2, NULL),
(321, 'Cristina Rafaela', 'Veces Bone', '0804439305', NULL, 'fotos/0804439305 .png', 'pdfs/0804439305 .pdf', 1, 1, 1, 1, NULL),
(322, 'Helen Anai', 'Ballesteros Cedeo', '0850757634', NULL, 'fotos/0850757634.png', 'pdfs/0850757634.pdf', 1, 1, 1, 1, NULL),
(323, 'Yolanda Deyaneira', 'Gracia Bautista', '0804553097', NULL, 'fotos/0804553097.png', 'pdfs/0804553097.pdf', 1, 1, 1, 1, NULL),
(327, 'Daro Javier', 'Vallejo Lpez', '0850426511', '0000-00-00', 'fotos/0850426511.png', 'pdfs/0850426511.pdf', 1, 1, 1, 2, NULL),
(328, 'JIMMY FERNANDO', 'RAMIREZ MARQUEZ', '0801504705', NULL, 'fotos/0801504705.png', 'pdfs/0801504705.pdf', 1, 1, 1, 1, NULL),
(329, 'MARCELO ENRIQUE', 'REINA TELLO', '0802353201', NULL, 'fotos/0802353201.png', 'pdfs/0802353201.pdf', 1, 1, 1, 1, NULL),
(330, 'Teresa Isabel', 'Mina Quionez', '0801901075', NULL, 'fotos/0801901075.png', 'pdfs/0801901075.pdf', 1, 1, 1, 1, NULL),
(331, 'RAMON OSWALDO', 'VELASCO ANGULO', '0801233347', NULL, 'fotos/0801233347.png', 'pdfs/0801233347.pdf', 1, 1, 1, 1, NULL),
(332, 'Sinthya Lisette', 'Gonzales Zamora', '0850600586', NULL, 'fotos/0850600586.png', 'pdfs/0850600586.pdf', 1, 1, 1, 1, NULL),
(333, 'pierina paulette', 'intriago castillo', '0804339042', NULL, 'fotos/0804339042.png', 'pdfs/0804339042.pdf', 1, 1, 1, 1, NULL),
(334, 'JENNIFFER YAMILETH', 'IBARRA HERNANDEZ', '0804317774', NULL, 'fotos/0804317774.png', 'pdfs/0804317774.pdf', 1, 1, 1, 1, NULL),
(335, 'Nezareth Adonis', 'Quintero Orellana', '0850297532', NULL, 'fotos/0850297532.png', 'pdfs/0850297532.pdf', 1, 1, 1, 1, NULL),
(337, 'Nayeli Mileka', 'Guevara Garcia', '0805269339', NULL, 'fotos/0805269339.png', 'pdfs/0805269339.pdf', 1, 1, 1, 1, NULL),
(338, 'Javier Steven', 'moreira Angulo', '1725010050', '0000-00-00', 'fotos/1725010050.png', 'pdfs/1725010050.pdf', 1, 1, 1, 2, NULL),
(339, 'LUIS BRYAN', 'LEON RODRIGUEZ', '0962140869', '0000-00-00', 'fotos/0962140869.png', 'pdfs/0962140869.pdf', 1, 1, 1, 2, NULL),
(340, 'ANGIE VIVIANA', 'TIGUA RODRIGUEZ', '2450559675', NULL, 'fotos/2450559675.png', 'pdfs/2450559675.pdf', 1, 1, 1, 1, NULL),
(341, 'Dayana Mariby', 'Garca Snchez', '0804584720', NULL, 'fotos/0804584720.png', 'pdfs/0804584720.pdf', 1, 1, 1, 1, NULL),
(342, 'John Jayron', 'Coime Bone', '085052584-', '0000-00-00', 'fotos/085052584-1.png', 'pdfs/085052584-1.pdf', 1, 1, 1, 2, NULL),
(343, 'SANDRA KATHERINE', 'LUCAS SANTANA', '0803132778', NULL, 'fotos/0803132778.png', 'pdfs/0803132778.pdf', 1, 1, 1, 1, NULL),
(344, 'XIMENA PAULINA', 'GONZALEZ AYOVI', '0920015617', NULL, 'fotos/0920015617.png', 'pdfs/0920015617.pdf', 1, 1, 1, 1, NULL),
(345, 'JAOHANNA MAGALY', 'Altamirano Velasco', '0850145137', NULL, 'fotos/0850145137.png', 'pdfs/0850145137.pdf', 1, 1, 1, 1, NULL),
(346, 'MAYADEVI', 'GUTIERREZ SAAVEDRA', '0803025840', NULL, 'fotos/0803025840.png', 'pdfs/0803025840.pdf', 1, 1, 1, 1, NULL),
(347, 'JOSSELYN JUSETH', 'MONTALVO GUAGUA', '0804583227', NULL, 'fotos/0804583227.png', 'pdfs/0804583227.pdf', 1, 1, 1, 1, NULL),
(348, 'YOHANA BETZAVE', 'PRADO PEA YOHANA BETZAVE', '0802856260', NULL, 'fotos/0802856260.png', 'pdfs/0802856260.pdf', 1, 1, 1, 1, NULL),
(349, 'YADIRA YASMIN', 'SIMISTERRA QUIONEZ', '0801884487', NULL, 'fotos/0801884487.png', 'pdfs/0801884487.pdf', 1, 1, 1, 1, NULL),
(350, 'YESSENIA CAROLINA', 'ESTUPIAN HURTADO', '0802292649', NULL, 'fotos/0802292649.png', 'pdfs/0802292649.pdf', 1, 1, 1, 1, NULL),
(351, 'RUTH ESTER', 'LARA MEJIA', '0801778622', NULL, 'fotos/0801778622.png', 'pdfs/0801778622.pdf', 1, 1, 1, 1, NULL),
(352, 'VICTOR ANTONY', 'ORDOEZ DAVALO', '0802716464', NULL, 'fotos/0802716464.png', 'pdfs/0802716464.pdf', 1, 1, 1, 1, NULL),
(353, 'Juan Sebastian', 'Reina Mite', '0803768795', '0000-00-00', 'fotos/0803768795.png', 'pdfs/0803768795.pdf', 1, 1, 1, 2, NULL),
(354, 'ODALIS MELANY', 'NIEVES MERCADO', '0401670310', NULL, 'fotos/0401670310 .png', 'pdfs/0401670310 .pdf', 1, 1, 1, 1, NULL),
(355, 'ROMULO SANDINO', 'JURADO CALERO', '0802797811', NULL, 'fotos/0802797811.png', 'pdfs/0802797811.pdf', 1, 1, 1, 1, NULL),
(356, 'Ren Oswaldo', 'Velasco vite', '0805296407', '0000-00-00', 'fotos/0805296407.png', 'pdfs/0805296407.pdf', 1, 1, 1, 2, NULL),
(357, 'Anthony Mike', 'Garcia Bone', '0803207307', '0000-00-00', 'fotos/0803207307.png', 'pdfs/0803207307.pdf', 1, 1, 1, 2, NULL),
(358, 'Emely Geraldina', 'Cortez Corozo', '0850702481', NULL, 'fotos/0850702481.png', 'pdfs/0850702481.pdf', 1, 1, 1, 1, NULL),
(359, 'Mercy Beatriz', 'Solis Aguirre', '0802139345', NULL, 'fotos/0802139345.png', 'pdfs/0802139345.pdf', 1, 1, 1, 1, NULL),
(361, 'Mixy Rosalia', 'Pinillo Cheme', '0850214040', NULL, 'fotos/0850214040.png', 'pdfs/0850214040.pdf', 1, 1, 1, 1, NULL),
(362, 'Jenniffer Jacquelin', 'Mancilla Lopez', '0802845396', NULL, 'fotos/0802845396.png', 'pdfs/0802845396.pdf', 1, 1, 1, 1, NULL),
(363, 'Ana karen', 'Moreira Cortez', '0804318186', NULL, 'fotos/0804318186.png', 'pdfs/0804318186.pdf', 1, 1, 1, 1, NULL),
(364, 'Maria jose', 'Perez Burbano', '0803717701', NULL, 'fotos/0803717701.png', 'pdfs/0803717701.pdf', 1, 1, 1, 1, NULL),
(365, 'JANIO JOSE', 'IBARRA SAAVEDRA', '0802523670', NULL, 'fotos/0802523670.png', 'pdfs/0802523670.pdf', 1, 1, 1, 1, NULL),
(369, 'Arturo', 'Roby Nivelo', '1204773624', NULL, 'fotos/1204773624.png', 'pdfs/1204773624.pdf', 1, 1, 1, 1, NULL),
(370, 'Andrea Gabriela', 'Caizares Ramrez', '0802922724', NULL, 'fotos/0802922724.png', 'pdfs/0802922724.pdf', 1, 1, 1, 1, NULL),
(371, 'VIVIANA CORAIMA', 'BURBANO GAMEZ', '0850122029', NULL, 'fotos/0850122029.png', 'pdfs/0850122029.pdf', 1, 1, 1, 1, NULL),
(372, 'SASKYA LAYLA', 'SAMANDE ALAVA', '0805431681', NULL, 'fotos/0805431681.png', 'pdfs/0805431681.pdf', 1, 1, 1, 1, NULL),
(373, 'Maryana', 'Gavilanes', '0802952390', '0000-00-00', NULL, NULL, NULL, NULL, NULL, 1, NULL),
(374, 'Nedelka', 'Vaca Angulo', '0802644153', NULL, 'fotos/0802644153.png', 'pdfs/0802644153.pdf', 1, 1, 1, 1, NULL),
(375, 'Jorge', 'Perea Vaca', '0802083220', NULL, 'fotos/0802083220.png', 'pdfs/0802083220.pdf', 1, 1, 1, 1, NULL),
(376, 'Tito Javier', 'Santos Marquez', '0803235944', NULL, 'fotos/0803235944.png', 'pdfs/0803235944.pdf', 1, 1, 1, 1, NULL),
(377, 'Jandry Jos', 'Rodrguez Cetre', '0850054149', NULL, 'fotos/0850054149.png', 'pdfs/0850054149.pdf', 1, 1, 1, 1, NULL),
(378, 'Joxi Jadika', 'Jama Lindao', '0850824590', NULL, 'fotos/0850824590.png', 'pdfs/0850824590.pdf', 1, 1, 1, 1, NULL),
(379, 'Wagner', 'Zuiga Ortiz', '0804586568', NULL, 'fotos/0804586568.png', 'pdfs/0804586568.pdf', 1, 1, 1, 1, NULL),
(380, 'Cristhian Dario', 'Moncayo Guerrero', '0803163583', NULL, 'fotos/0803163583.png', 'pdfs/0803163583.pdf', 1, 1, 1, 1, NULL),
(381, 'Jackson Aython', 'Aguilar Martnez', '0805406105', NULL, 'fotos/0805406105.png', 'pdfs/0805406105.pdf', 1, 1, 1, 1, NULL),
(382, 'Johan Alexander', 'Cuero Erazo', '0803969104', NULL, 'fotos/0803969104.png', 'pdfs/0803969104.pdf', 1, 1, 1, 1, NULL),
(383, 'evelyn patricia', 'rincones valencia', '0850047358', NULL, 'fotos/0850047358.png', 'pdfs/0850047358.pdf', 1, 1, 1, 1, NULL),
(384, 'GUIDO ALFREDO', 'JAMA LOPEZ', '0802083154', NULL, 'fotos/0802083154.png', 'pdfs/0802083154.pdf', 1, 1, 1, 1, NULL),
(385, 'MARIA DOLORES', 'ORDONEZ MONTANO', '0801817933', NULL, 'fotos/0801817933.png', 'pdfs/0801817933.pdf', 1, 1, 1, 1, NULL),
(386, 'Miguel ngel', 'Castillo Montao', '0802981860', NULL, 'fotos/0802981860.png', 'pdfs/0802981860.pdf', 1, 1, 1, 1, NULL),
(387, 'MIRIAN NARCISA', 'BAUTISTA ERAZO', '0800798068', NULL, 'fotos/0800798068.png', 'pdfs/0800798068.pdf', 1, 1, 1, 1, NULL),
(388, 'MARA TERESA', 'BEJARANO BRAVO', '0802142373', NULL, 'fotos/0802142373.png', 'pdfs/0802142373.pdf', 1, 1, 1, 1, NULL),
(389, 'JOSIMAR', 'QUIONEZ', '0802251777', NULL, 'fotos/0802251777.png', 'pdfs/0802251777.pdf', 1, 1, 1, 1, NULL),
(390, 'GEMA VANESSA', 'SANCHEZ GUARANDA', '1313872234', NULL, 'fotos/1313872234.png', 'pdfs/1313872234.pdf', 1, 1, 1, 1, NULL),
(391, 'MNICA ELIZABETH', 'QUEMASA MOPOSA', '0803068303', NULL, 'fotos/0803068303.png', 'pdfs/0803068303.pdf', 1, 1, 1, 1, NULL),
(392, 'SANDRA ESPERANZA', 'PERLAZA VERA', '0802380675', NULL, 'fotos/0802380675.png', 'pdfs/0802380675.pdf', 1, 1, 1, 1, NULL),
(393, 'Alex', 'Aapa Acero', '0803062009', NULL, 'fotos/0803062009.png', 'pdfs/0803062009.pdf', 1, 1, 1, 1, NULL),
(394, 'Roberto Anibal', 'Lpez Casquete', '0802839100', NULL, 'fotos/0802839100.png', 'pdfs/0802839100.pdf', 1, 1, 1, 1, NULL),
(395, 'Jenniffer Maria', 'Angulo Putan', '0804360477', '0000-00-00', NULL, NULL, NULL, NULL, NULL, 1, NULL),
(396, 'Deire Anay', 'Bone Santos', '0803612043', '0000-00-00', NULL, NULL, NULL, NULL, NULL, 1, NULL),
(397, 'Liliana Janeth', 'Caicedo Jama', '0802857722', '0000-00-00', NULL, NULL, NULL, NULL, NULL, 1, NULL),
(398, 'Alisson Nayeli', 'Lopez Valencia', '0850722968', '0000-00-00', NULL, NULL, NULL, NULL, NULL, 1, NULL),
(399, 'Elian Josimar', 'Midero Hinostroza', '0804312320', '0000-00-00', NULL, NULL, NULL, NULL, NULL, 2, NULL),
(400, 'Shirley Nayeli', 'Orejuela Bravo', '0803638154', '0000-00-00', NULL, NULL, NULL, NULL, NULL, 1, NULL),
(401, 'Betsi Noemi', 'Quionez Sandoval', '0802505206', '0000-00-00', NULL, NULL, NULL, NULL, NULL, 1, NULL),
(402, 'Luis Eliam', 'Reyes Rivadeneira', '0802963397', '0000-00-00', NULL, NULL, NULL, NULL, NULL, 2, NULL),
(403, 'Seir Oseas', 'Rezabala Sinisterra', '0805105814', '0000-00-00', NULL, NULL, NULL, NULL, NULL, 2, NULL),
(404, 'Mercedes Alondra', 'Sanchez Bravo', '0803849819', '0000-00-00', NULL, NULL, NULL, NULL, NULL, 1, NULL),
(405, 'Jefferson Dario', 'Yugcha Pinargote', '0850057282', '0000-00-00', NULL, NULL, NULL, NULL, NULL, 2, NULL),
(406, 'Jaime Sleiter', 'Vasquez Sanchez', '0803367242', '0000-00-00', NULL, NULL, NULL, NULL, NULL, 2, NULL),
(407, 'Adriana Isabella', 'Valencia Marquez', '0805330982', '0000-00-00', NULL, NULL, NULL, NULL, NULL, 1, NULL),
(408, 'Naya Franchesca', 'Trejo Zambrano', '0851714360', '0000-00-00', NULL, NULL, NULL, NULL, NULL, 1, NULL),
(409, 'Ronal Claudio', 'Aapa Aapa', '0850909615', '0000-00-00', NULL, NULL, NULL, NULL, NULL, 2, NULL),
(410, 'Cecilia del Carmen', 'Sotomayor Garcia', '1103481394', NULL, 'fotos/1103481394.png', 'pdfs/1103481394.pdf', 1, 1, 1, 1, NULL),
(412, 'Guillermo Antonio', 'Ponce Vivar', '0802268789', NULL, 'fotos/0802268789.png', 'pdfs/0802268789.pdf', 1, 1, 1, 1, NULL),
(413, 'SULEMA MARIA', 'CHOEZ CORTEZ', '0804185528', NULL, 'fotos/0804185528.png', 'pdfs/0804185528.pdf', 1, 1, 1, 1, NULL),
(414, 'CRISTHIAN ANDRES', 'PADILLA TORRES', '0801948134', NULL, 'fotos/0801948134.png', 'pdfs/0801948134.pdf', 1, 1, 1, 1, NULL),
(415, 'Cesar Evelio', 'Estrada Cedeo', '0803820315', NULL, 'fotos/0803820315.png', 'pdfs/0803820315.pdf', 1, 1, 1, 1, NULL),
(416, 'JEFERSON ANDRES', 'TENORIO CHICHANDE', '0802982330', NULL, 'fotos/0802982330.png', 'pdfs/0802982330.pdf', 1, 1, 1, 1, NULL),
(417, 'DIANA PATRICIA', 'ESTACIO GRACIA', '0802390971', NULL, 'fotos/0802390971.png', 'pdfs/0802390971.pdf', 1, 1, 1, 1, NULL),
(418, 'Anibal Javier', 'Chica Tambaco', '0803465848', NULL, 'fotos/0803465848.png', 'pdfs/0803465848.pdf', 1, 1, 1, 1, NULL),
(419, 'PIEDAD DEL ROCIO', 'ROBINSON UGADE', '0801854969', NULL, 'fotos/0801854969.png', 'pdfs/0801854969.pdf', 1, 1, 1, 1, NULL),
(420, 'EDINSON EZEQUIEL', 'CASTRO URIARTE', '1205051715', NULL, 'fotos/1205051715.png', 'pdfs/1205051715.pdf', 1, 1, 1, 1, NULL),
(421, 'Filadelfia Monserrate', 'Arteaga Cedeo', '0801450982', NULL, 'fotos/0801450982.png', 'pdfs/0801450982.pdf', 1, 1, 1, 1, NULL),
(422, 'Geoconda Antonia', 'Muoz  Chichande', '0801890609', NULL, 'fotos/0801890609.png', 'pdfs/0801890609.pdf', 1, 1, 1, 1, NULL),
(423, 'Agustn Ramn', 'Rodriguez Redroban', '0802128199', NULL, 'fotos/0802128199.png', 'pdfs/0802128199.pdf', 1, 1, 1, 1, NULL),
(424, 'Darwin de Jess', 'Ramn Morales', '0802005967', NULL, 'fotos/0802005967.png', 'pdfs/0802005967.pdf', 1, 1, 1, 1, NULL),
(425, 'VIVIANA GENITH', 'GUERRERO DIAZ', '0804160828', NULL, 'fotos/0804160828.png', 'pdfs/0804160828.pdf', 1, 1, 1, 1, NULL),
(426, 'Luis Alfredo', 'Moreno Jimnez', '1803070893', NULL, 'fotos/1803070893.png', 'pdfs/1803070893.pdf', 1, 1, 1, 1, NULL),
(427, 'JESUS ALBERTO', 'VILLACIS MONTAO', '0801895939', NULL, 'fotos/0801895939.png', 'pdfs/0801895939.pdf', 1, 1, 1, 1, NULL),
(428, 'Selida Yines', 'Hernndez Tarira', '0801648585', NULL, 'fotos/0801648585.png', 'pdfs/0801648585.pdf', 1, 1, 1, 1, NULL),
(429, 'VARINYA ELIZABETH', 'DAZ MOREIRA', '0802067603', NULL, 'fotos/0802067603.png', 'pdfs/0802067603.pdf', 1, 1, 1, 1, NULL),
(430, 'Letty Cristina', 'Saavedra Cortez', '0801407180', NULL, 'fotos/0801407180.png', 'pdfs/0801407180.pdf', 1, 1, 1, 1, NULL),
(431, 'Washington Efren', 'Gamez Orobio', '0804083293', NULL, 'fotos/0804083293.png', 'pdfs/0804083293.pdf', 1, 1, 1, 1, NULL),
(432, 'CARLOS FRANKIE', 'MESIAS RODRIGUEZ', '0802206771', NULL, 'fotos/0802206771.png', 'pdfs/0802206771.pdf', 1, 1, 1, 1, NULL),
(433, 'FRANCISCO DAVID', 'MNDEZ VITERI', '0801806613', NULL, 'fotos/0801806613.png', 'pdfs/0801806613.pdf', 1, 1, 1, 1, NULL),
(434, 'Jenniffer Ninfa', 'Patio Gngora', '0802270579', NULL, 'fotos/0802270579.png', 'pdfs/0802270579.pdf', 1, 1, 1, 1, NULL),
(435, 'EDWIN WLADIMIR', 'ERAZO LOOR', '0803086578', NULL, 'fotos/0803086578.png', 'pdfs/0803086578.pdf', 1, 1, 1, 1, NULL),
(436, 'Ana Maria', 'Quionez Maldonado', '0801214016', NULL, 'fotos/0801214016.png', 'pdfs/0801214016.pdf', 1, 1, 1, 1, NULL),
(437, 'MARIA FERNANDA', 'ORTIZ QUIONEZ', '0802653006', NULL, 'fotos/0802653006.png', 'pdfs/0802653006.pdf', 1, 1, 1, 1, NULL),
(438, 'Rebeca Yaqueline', 'Cuero Quionez', '0803522283', NULL, 'fotos/0803522283.png', 'pdfs/0803522283.pdf', 1, 1, 1, 1, NULL),
(439, 'MARTHA ELIZABETH', 'TORRES ORDOEZ', '0907764823', NULL, 'fotos/0907764823.png', 'pdfs/0907764823.pdf', 1, 1, 1, 1, NULL),
(440, 'SARA MARCELLA', 'CAICEDO TORRES', '0801650870', NULL, 'fotos/0801650870.png', 'pdfs/0801650870.pdf', 1, 1, 1, 1, NULL),
(441, 'ANGEL VENANCIO', 'QUINEZ PATIO', '0801314261', NULL, 'fotos/0801314261.png', 'pdfs/0801314261.pdf', 1, 1, 1, 1, NULL),
(442, 'DANNY AQUILES', 'CASTILLO VALENCIA', '0801217597', NULL, 'fotos/0801217597.png', 'pdfs/0801217597.pdf', 1, 1, 1, 1, NULL),
(443, 'ALAN PATRICK', 'QUINEZ CAICEDO', '0803433507', NULL, 'fotos/0803433507.png', 'pdfs/0803433507.pdf', 1, 1, 1, 1, NULL),
(444, 'ASHLEY JILIANA', 'QUINEZ CAICEDO', '0803433515', NULL, 'fotos/0803433515.png', 'pdfs/0803433515.pdf', 1, 1, 1, 1, NULL),
(445, 'Henry Jose', 'Quintero Alcivar', '0803097989', NULL, 'fotos/0803097989.png', 'pdfs/0803097989.pdf', 1, 1, 1, 1, NULL),
(446, 'Nancy del Rocio', 'Delgado Angulo', '1711319978', NULL, 'fotos/1711319978.png', 'pdfs/1711319978.pdf', 1, 1, 1, 1, NULL),
(447, 'FREDA YANARA', 'TELLO LPEZ', '0801588047', NULL, 'fotos/0801588047.png', 'pdfs/0801588047.pdf', 1, 1, 1, 1, NULL),
(448, 'Jose Luis', 'Godoy Miketta', '0802761825', NULL, 'fotos/0802761825.png', 'pdfs/0802761825.pdf', 1, 1, 1, 1, NULL),
(449, 'Ivette Gabriela', 'Castro Moreira', '0803715374', NULL, 'fotos/0803715374.png', 'pdfs/0803715374.pdf', 1, 1, 1, 1, NULL),
(450, 'Veronica Esmeralda', 'Moreira Proao', '0801580671', NULL, 'fotos/0801580671.png', 'pdfs/0801580671.pdf', 1, 1, 1, 1, NULL),
(451, 'Juanita Beirut', 'Garcia Olaya', '0800927501', NULL, 'fotos/0800927501.png', 'pdfs/0800927501.pdf', 1, 1, 1, 1, NULL),
(452, 'Borys Enrique', 'Solis Garcia', '0850225384', NULL, 'fotos/0850225384.png', 'pdfs/0850225384.pdf', 1, 1, 1, 1, NULL),
(453, 'Tita Adela', 'Medina Mina', '0801414210', NULL, 'fotos/0801414210.png', 'pdfs/0801414210.pdf', 1, 1, 1, 1, NULL),
(454, 'Jiseye Zulema', 'Quionez Rivas', '0802533364', NULL, 'fotos/0802533364.png', 'pdfs/0802533364.pdf', 1, 1, 1, 1, NULL),
(455, 'Gina Alexandra', 'Domnguez Franco', '0801149303', NULL, 'fotos/0801149303.png', 'pdfs/0801149303.pdf', 1, 1, 1, 1, NULL),
(456, 'LICIA EFIGENIA', 'ANGULO ALEGRIA', '0802133553', NULL, 'fotos/0802133553.png', 'pdfs/0802133553.pdf', 1, 1, 1, 1, NULL),
(457, 'Diego Jair', 'Montao Caola', '0803928324', NULL, 'fotos/0803928324.png', 'pdfs/0803928324.pdf', 1, 1, 1, 1, NULL),
(458, 'OLGA PIEDAD', 'MONTAO TORRES', '0801742636', NULL, 'fotos/0801742636.png', 'pdfs/0801742636.pdf', 1, 1, 1, 1, NULL),
(459, 'IRMA DENISE', 'CAICEDO CEVALLOS', '0801581513', NULL, 'fotos/0801581513.png', 'pdfs/0801581513.pdf', 1, 1, 1, 1, NULL),
(460, 'NURY ZOLANGE', 'MARTINEZ ESPAA', '0801721119', NULL, 'fotos/0801721119.png', 'pdfs/0801721119.pdf', 1, 1, 1, 1, NULL),
(461, 'VICTOR XAVIER', 'TAFUR ARROYO', '0802979500', NULL, 'fotos/0802979500.png', 'pdfs/0802979500.pdf', 1, 1, 1, 1, NULL),
(462, 'JUAN PABLO', 'ANGULO ALARCN', '0802097238', NULL, 'fotos/0802097238.png', 'pdfs/0802097238.pdf', 1, 1, 1, 1, NULL),
(463, 'PEDRO LUIS', 'DAZ BRAULIO', '0803293976', NULL, 'fotos/0803293976.png', 'pdfs/0803293976.pdf', 1, 1, 1, 1, NULL),
(464, 'Rebeca Emperatriz', 'Rivero  Camacho', '0800927618', NULL, 'fotos/0800927618.png', 'pdfs/0800927618.pdf', 1, 1, 1, 1, NULL),
(465, 'Gimabel Alexandra', 'Bautista Chvez', '0803760883', NULL, 'fotos/0803760883.png', 'pdfs/0803760883.pdf', 1, 1, 1, 1, NULL);
INSERT INTO `persona` (`idpersona`, `nombres`, `apellidos`, `cedula`, `fechanacimiento`, `foto`, `pdf`, `idtiposangre`, `idestadocivil`, `idnacionalidad`, `idgenero`, `idfoto`) VALUES
(466, 'Aura Sandra', 'Nazareno Sosa', '0802158899', NULL, 'fotos/0802158899.png', 'pdfs/0802158899.pdf', 1, 1, 1, 1, NULL),
(467, 'ANA PATRICIA', 'ROJAS RODRGUEZ', '0802083642', NULL, 'fotos/0802083642.png', 'pdfs/0802083642.pdf', 1, 1, 1, 1, NULL),
(468, 'CHRISTIAN GUILLERMO', 'VALENCIA ESTUPIAN', '0802479204', NULL, 'fotos/0802479204.png', 'pdfs/0802479204.pdf', 1, 1, 1, 1, NULL),
(469, 'Jenny Corina', 'Perlaza Cortez', '0801107707', NULL, 'fotos/0801107707.png', 'pdfs/0801107707.pdf', 1, 1, 1, 1, NULL),
(470, 'Nieve Isabel', 'Cedeo Saltos', '0800962342', NULL, 'fotos/0800962342.png', 'pdfs/0800962342.pdf', 1, 1, 1, 1, NULL),
(471, 'Magali Alexandra', 'Rivera Lara', '0801866922', NULL, 'fotos/0801866922.png', 'pdfs/0801866922.pdf', 1, 1, 1, 1, NULL),
(472, 'Cristobal Rufino', 'Castro Murillo', '0800969602', NULL, 'fotos/0800969602.png', 'pdfs/0800969602.pdf', 1, 1, 1, 1, NULL),
(473, 'Yessica Yanina', 'Caicedo Karr', '0802028464', NULL, 'fotos/0802028464.png', 'pdfs/0802028464.pdf', 1, 1, 1, 1, NULL),
(474, 'Seiddy Anel', 'Carbache Mite', '0802272625', NULL, 'fotos/0802272625.png', 'pdfs/0802272625.pdf', 1, 1, 1, 1, NULL),
(475, 'SULAY MONSERRAT', 'MAFFARE BAUTISTA', '0802350165', NULL, 'fotos/0802350165.png', 'pdfs/0802350165.pdf', 1, 1, 1, 1, NULL),
(476, 'IVONNE JESENIA', 'LAVAYEN BERMUDEZ', '0801958810', NULL, 'fotos/0801958810.png', 'pdfs/0801958810.pdf', 1, 1, 1, 1, NULL),
(477, 'Marlene Jahaira', 'Vera Madrigal', '0802241984', NULL, 'fotos/0802241984.png', 'pdfs/0802241984.pdf', 1, 1, 1, 1, NULL),
(478, 'EDUARDO ALBINO', 'VERA SANCHEZ', '0800856858', NULL, 'fotos/0800856858.png', 'pdfs/0800856858.pdf', 1, 1, 1, 1, NULL),
(479, 'Rommy Jissela', 'Snchez Alvarado', '0801612011', NULL, 'fotos/0801612011.png', 'pdfs/0801612011.pdf', 1, 1, 1, 1, NULL),
(480, 'Marilyn Samanda', 'Rodrguez Gonzlez', '0804155786', NULL, 'fotos/0804155786.png', 'pdfs/0804155786.pdf', 1, 1, 1, 1, NULL),
(481, 'SUJEY LILIBETH', 'TAMBACO QUINTERO', '0802242586', NULL, 'fotos/0802242586.png', 'pdfs/0802242586.pdf', 1, 1, 1, 1, NULL),
(482, 'CASILDA', 'ECHEVERRIA BAGUI', '0801433970', NULL, 'fotos/0801433970p.png', 'pdfs/0801433970p.pdf', 1, 1, 1, 1, NULL),
(483, 'Florinda', 'Chapiro Aapa', '0801580804', NULL, 'fotos/0801580804.png', 'pdfs/0801580804.pdf', 1, 1, 1, 1, NULL),
(484, 'Hector Andres', 'Sacn Kinger', '0803455922', NULL, 'fotos/0803455922.png', 'pdfs/0803455922.pdf', 1, 1, 1, 1, NULL),
(485, 'Susana del Pilar', 'Lazo Mera', '0801657339', NULL, 'fotos/0801657339.png', 'pdfs/0801657339.pdf', 1, 1, 1, 1, NULL),
(486, 'Xavier Pascual', 'Perdomo Lozano', '0800652109', NULL, 'fotos/0800652109.png', 'pdfs/0800652109.pdf', 1, 1, 1, 1, NULL),
(487, 'Virginia', 'Montao Estupian', '1003164199', NULL, 'fotos/1003164199.png', 'pdfs/1003164199.pdf', 1, 1, 1, 1, NULL),
(488, 'Fanny Genith', 'Andrade Hurtado', '0802329334', NULL, 'fotos/0802329334.png', 'pdfs/0802329334.pdf', 1, 1, 1, 1, NULL),
(489, 'Tanya Sugey', 'Arroyo  Gruezo', '0802568873', NULL, 'fotos/0802568873.png', 'pdfs/0802568873.pdf', 1, 1, 1, 1, NULL),
(490, 'FLOR MARA', 'HERRERA CABRERA', '1717693087', NULL, 'fotos/1717693087.png', 'pdfs/1717693087.pdf', 1, 1, 1, 1, NULL),
(491, 'Ela Azucena', 'Vallejo Robinzn', '0801858622', NULL, 'fotos/0801858622.png', 'pdfs/0801858622.pdf', 1, 1, 1, 1, NULL),
(492, 'JUAN CARLOS', 'JAYA CAISA', '1719711028', NULL, 'fotos/1719711028.png', 'pdfs/1719711028.pdf', 1, 1, 1, 1, NULL),
(493, 'Bolivia Adalinda', 'Colobon Cuero', '0802310201', NULL, 'fotos/0802310201.png', 'pdfs/0802310201.pdf', 1, 1, 1, 1, NULL),
(494, 'DAIRA  JESS', 'CLAVIJO ANCHICO', '0801856360', NULL, 'fotos/0801856360.png', 'pdfs/0801856360.pdf', 1, 1, 1, 1, NULL),
(495, 'JOS  GARY', 'VALENCIA  SUREZ', '0800926461', NULL, 'fotos/0800926461.png', 'pdfs/0800926461.pdf', 1, 1, 1, 1, NULL),
(496, 'Jessica Jessenia', 'Macias Vera', '0802323931', NULL, 'fotos/0802323931.png', 'pdfs/0802323931.pdf', 1, 1, 1, 1, NULL),
(497, 'MARIELA ENRIQUETA', 'MARTINEZ MARINES', '0802982322', NULL, 'fotos/0802982322.png', 'pdfs/0802982322.pdf', 1, 1, 1, 1, NULL),
(498, 'CARLOS DANIEL', 'QUIONEZ MARTINEZ', '0802247262', NULL, 'fotos/0802247262.png', 'pdfs/0802247262.pdf', 1, 1, 1, 1, NULL),
(499, 'SONIA BEATRIZ', 'LUNA QUIONEZ', '0801283904', NULL, 'fotos/0801283904.png', 'pdfs/0801283904.pdf', 1, 1, 1, 1, NULL),
(500, 'MAIRA PAOLA', 'ESTUPIAN ANGULO', '0801899915', NULL, 'fotos/0801899915.png', 'pdfs/0801899915.pdf', 1, 1, 1, 1, NULL),
(501, 'Janeth johanna', 'Carvajal Morales', '0802407007', NULL, 'fotos/0802407007.png', 'pdfs/0802407007.pdf', 1, 1, 1, 1, NULL),
(502, 'Mayra Mariana', 'Delgado Leon', '0801224825', NULL, 'fotos/0801224825.png', 'pdfs/0801224825.pdf', 1, 1, 1, 1, NULL),
(503, 'JAVIER AURELIO', 'PATIO FERRIN', '0801178120', NULL, 'fotos/0801178120.png', 'pdfs/0801178120.pdf', 1, 1, 1, 1, NULL),
(504, 'Mayra Alexandra', 'Rodrguez Len', '0802943506', NULL, 'fotos/0802943506.png', 'pdfs/0802943506.pdf', 1, 1, 1, 1, NULL),
(505, 'Gorqui Peter', 'Angulo Chila', '0701429011', NULL, 'fotos/0701429011.png', 'pdfs/0701429011.pdf', 1, 1, 1, 1, NULL),
(506, 'CIRA   LEOPA', 'OLAVE    ZATIZABAL', '0800875510', NULL, 'fotos/0800875510.png', 'pdfs/0800875510.pdf', 1, 1, 1, 1, NULL),
(507, 'ANA   MIREYA', 'CAOLA    BONE', '0801758244', NULL, 'fotos/0801758244.png', 'pdfs/0801758244.pdf', 1, 1, 1, 1, NULL),
(508, 'ANDREA ESTEFANIA', 'TERNEUS RIVADENEIRA', '0802086843', NULL, 'fotos/0802086843.png', 'pdfs/0802086843.pdf', 1, 1, 1, 1, NULL),
(509, 'KAREN ENCARNACION', 'Valencia oviedo', '0802592139', NULL, 'fotos/0802592139.png', 'pdfs/0802592139.pdf', 1, 1, 1, 1, NULL),
(510, 'Patricia del Pilar', 'Reyes Martinez', '0801887381', NULL, 'fotos/0801887381.png', 'pdfs/0801887381.pdf', 1, 1, 1, 1, NULL),
(511, 'MARIA ESMERALDA', 'PEREA TENORIO', '0801472580', NULL, 'fotos/0801472580.png', 'pdfs/0801472580.pdf', 1, 1, 1, 1, NULL),
(512, 'Cinthya Maribeth', 'Klnger Ortega', '0800629628', NULL, 'fotos/0800629628.png', 'pdfs/0800629628.pdf', 1, 1, 1, 1, NULL),
(513, 'Sonia Cecilia', 'Carvajal Baquerizo', '0801064247', NULL, 'fotos/0801064247.png', 'pdfs/0801064247.pdf', 1, 1, 1, 1, NULL),
(514, 'ISIDRO', 'RODRIGUEZ  REALPE', '0800923575', NULL, 'fotos/0800923575.png', 'pdfs/0800923575.pdf', 1, 1, 1, 1, NULL),
(515, 'Nelly Edith', 'Estupian Chila', '0801708421', NULL, 'fotos/0801708421.png', 'pdfs/0801708421.pdf', 1, 1, 1, 1, NULL),
(516, 'Carmen Georgelina', 'Piguave Len', '1307583714', NULL, 'fotos/1307583714.png', 'pdfs/1307583714.pdf', 1, 1, 1, 1, NULL),
(517, 'SABRINA GLADYS', 'SEVILLA AVILA', '0800673758', NULL, 'fotos/0800673758.png', 'pdfs/0800673758.pdf', 1, 1, 1, 1, NULL),
(518, 'ROSINA', 'MATAMBA QUEVEDO', '0802327692', NULL, 'fotos/0802327692.png', 'pdfs/0802327692.pdf', 1, 1, 1, 1, NULL),
(519, 'LUIS FABRICIO', 'LOPEZ QUIROZ', '0802112334', NULL, 'fotos/0802112334.png', 'pdfs/0802112334.pdf', 1, 1, 1, 1, NULL),
(520, 'ROSA MARIA', 'CHICHANDE QUINTERO', '0914771100', NULL, 'fotos/0914771100.png', 'pdfs/0914771100.pdf', 1, 1, 1, 1, NULL),
(521, 'NATHALY', 'CHILLAMBO', '0850245093', NULL, 'fotos/0850245093.png', 'pdfs/0850245093.pdf', 1, 1, 1, 1, NULL),
(522, 'Jos Carmelo', 'Caicedo Valverde', '0801256173', NULL, 'fotos/0801256173.png', 'pdfs/0801256173.pdf', 1, 1, 1, 1, NULL),
(523, 'Nandy Vanessa', 'Gonzalez Mecias', '0803407097', NULL, 'fotos/0803407097.png', 'pdfs/0803407097.pdf', 1, 1, 1, 1, NULL),
(524, 'Consuelo Del Roco', 'Cabeza Guagua', '0803103415', NULL, 'fotos/0803103415.png', 'pdfs/0803103415.pdf', 1, 1, 1, 1, NULL),
(525, 'Ins Victoria', 'Valdez Montao', '0801285414', NULL, 'fotos/0801285414.png', 'pdfs/0801285414.pdf', 1, 1, 1, 1, NULL),
(526, 'MIRIAN MERCEDES', 'GARCIA CEDEO', '0801453994', NULL, 'fotos/0801453994.png', 'pdfs/0801453994.pdf', 1, 1, 1, 1, NULL),
(527, 'GRECIA MAGDALENA', 'DUCHIMAZA GOMEZ', '0802882241', NULL, 'fotos/0802882241.png', 'pdfs/0802882241.pdf', 1, 1, 1, 1, NULL),
(528, 'YENNY MARINA', 'AYOVI PLATA', '0801805961', NULL, 'fotos/0801805961.png', 'pdfs/0801805961.pdf', 1, 1, 1, 1, NULL),
(529, 'Ruth Armida', 'Angulo Angulo', '0801586876', NULL, 'fotos/0801586876.png', 'pdfs/0801586876.pdf', 1, 1, 1, 1, NULL),
(530, 'KAREN GEORGINA', 'CRESPO HOLGUIN', '0802201707', NULL, 'fotos/0802201707.png', 'pdfs/0802201707.pdf', 1, 1, 1, 1, NULL),
(531, 'Tatiana Gioconda', 'Molina Holgun', '0801904673', NULL, 'fotos/0801904673.png', 'pdfs/0801904673.pdf', 1, 1, 1, 1, NULL),
(532, 'DIANA CAROLINA', 'CAMPO CEVALLOS', '0803055664', NULL, 'fotos/0803055664.png', 'pdfs/0803055664.pdf', 1, 1, 1, 1, NULL),
(533, 'Gisenia Apolonia', 'Vargas Solis', '1204284853', NULL, 'fotos/1204284853.png', 'pdfs/1204284853.pdf', 1, 1, 1, 1, NULL),
(534, 'Pielka Scarleth', 'Pata Vargas', '0804455301', NULL, 'fotos/0804455301.png', 'pdfs/0804455301.pdf', 1, 1, 1, 1, NULL),
(535, 'Yngri Magaly', 'Mercado Caicedo', '0801938382', NULL, 'fotos/0801938382.png', 'pdfs/0801938382.pdf', 1, 1, 1, 1, NULL),
(536, 'MARIA DELFINA', 'GONZALEZ PERLAZA', '0801524323', NULL, 'fotos/0801524323.png', 'pdfs/0801524323.pdf', 1, 1, 1, 1, NULL),
(537, 'Luz del Alba', 'Ortiz Bedoya', '0800819203', NULL, 'fotos/0800819203.png', 'pdfs/0800819203.pdf', 1, 1, 1, 1, NULL),
(538, 'RAMON DARWIN', 'MACIAS ALCIVAR', '0802770891', NULL, 'fotos/0802770891.png', 'pdfs/0802770891.pdf', 1, 1, 1, 1, NULL),
(539, 'CARLOS ANTONIO', 'BERMUDEZ ZULETA', '0801398694', NULL, 'fotos/0801398694.png', 'pdfs/0801398694.pdf', 1, 1, 1, 1, NULL),
(540, 'Kathya Alexandra', 'Reasco Arias', '0802135178', NULL, 'fotos/0802135178.png', 'pdfs/0802135178.pdf', 1, 1, 1, 1, NULL),
(541, 'LISSETTE DEL ROCO', 'TORRES SANCHEZ', '0803123165', NULL, 'fotos/0803123165.png', 'pdfs/0803123165.pdf', 1, 1, 1, 1, NULL),
(542, 'Elsa Katherine', 'Ortiz Garca', '0802265215', NULL, 'fotos/0802265215.png', 'pdfs/0802265215.pdf', 1, 1, 1, 1, NULL),
(543, 'CRUZ MARIA', 'VELIZ MENDEZ', '0801749409', NULL, 'fotos/0801749409.png', 'pdfs/0801749409.pdf', 1, 1, 1, 1, NULL),
(544, 'MARJORIE JESSENIA', 'GONZALES VERNAZA', '0802372128', NULL, 'fotos/0802372128.png', 'pdfs/0802372128.pdf', 1, 1, 1, 1, NULL),
(545, 'CARLA STEFANIE', 'MONTESDEOCA ORTIZ', '0803546563', NULL, 'fotos/0803546563.png', 'pdfs/0803546563.pdf', 1, 1, 1, 1, NULL),
(546, 'Luz Gertrudis', 'Bone Rivadeneira', '0801605528', NULL, 'fotos/0801605528.png', 'pdfs/0801605528.pdf', 1, 1, 1, 1, NULL),
(547, 'LEIDIE EMELIA', 'MENDOZA MENDOZA', '0801694795', NULL, 'fotos/0801694795.png', 'pdfs/0801694795.pdf', 1, 1, 1, 1, NULL),
(548, 'Mary Amira', 'Mina Castillo', '0801624560', NULL, 'fotos/0801624560.png', 'pdfs/0801624560.pdf', 1, 1, 1, 1, NULL),
(549, 'Marilin', 'Castillo Estuoian', '0801005646', NULL, 'fotos/0801005646.png', 'pdfs/0801005646.pdf', 1, 1, 1, 1, NULL),
(550, 'Jonas Olmedo', 'Castillo Angulo', '0803824754', '0000-00-00', 'fotos/0803824754.png', 'pdfs/0803824754.pdf', 1, 1, 1, 2, NULL),
(551, 'DIEGO', 'ABATA PALMA', '0803121896', NULL, 'fotos/0803121896.png', 'pdfs/0803121896.pdf', 1, 1, 1, 1, NULL),
(552, 'Frickson Enrrique', 'Camacho Martinez', '0802839464', NULL, 'fotos/0802839464.png', 'pdfs/0802839464.pdf', 1, 1, 1, 1, NULL),
(553, 'Luis Ariel', 'Montao Solis', '0803700657', NULL, 'fotos/0803700657.png', 'pdfs/0803700657.pdf', 1, 1, 1, 1, NULL),
(554, 'Francisco leonardo', 'Nazareno castillo', '0804363166', NULL, 'fotos/0804363166.png', 'pdfs/0804363166.pdf', 1, 1, 1, 1, NULL),
(555, 'Pedro Rafael', 'Navas Pacho', '0802840223', NULL, 'fotos/0802840223.png', 'pdfs/0802840223.pdf', 1, 1, 1, 1, NULL),
(556, 'Janner Steeven', 'Guagua Alcivar', '080343735-', NULL, 'fotos/080343735-9.png', 'pdfs/080343735-9.pdf', 1, 1, 1, 1, NULL),
(557, 'Jairo Gustavo', 'Estupian Arce', '0804086155', NULL, 'fotos/0804086155.png', 'pdfs/0804086155.pdf', 1, 1, 1, 1, NULL),
(558, 'Angie Nicole', 'Vlez Prado', '0850367301', NULL, 'fotos/0850367301.png', 'pdfs/0850367301.pdf', 1, 1, 1, 1, NULL),
(559, 'Gabriel Jesus', 'suarez soto', '0850486192', NULL, 'fotos/0850486192.png', 'pdfs/0850486192.pdf', 1, 1, 1, 1, NULL),
(560, 'Eduardo', 'Ortiz', '0802193821', NULL, 'fotos/0802193821.png', 'pdfs/0802193821.pdf', 1, 1, 1, 1, NULL),
(561, 'Amade Josue', 'Rivadeneira Mendez', '1726978131', NULL, 'fotos/1726978131.png', 'pdfs/1726978131.pdf', 1, 1, 1, 1, NULL);

-- --------------------------------------------------------

--
-- Stand-in structure for view `persona2`
-- (See below for the actual view)
--
CREATE TABLE `persona2` (
`idpersona` int(11)
,`lapersona` varchar(101)
,`correo` varchar(45)
,`telefono` varchar(15)
);

-- --------------------------------------------------------

--
-- Table structure for table `portafoliodocente`
--

CREATE TABLE `portafoliodocente` (
  `idportafoliodocente` int(11) NOT NULL,
  `idportafoliomodelo` int(11) DEFAULT NULL,
  `idportafolioestado` int(11) DEFAULT NULL,
  `iddocente` int(11) DEFAULT NULL,
  `iddocumento` int(11) DEFAULT NULL,
  `idperiodoacademico` int(11) DEFAULT NULL
) ENGINE=InnoDB DEFAULT CHARSET=utf8;

--
-- Dumping data for table `portafoliodocente`
--

INSERT INTO `portafoliodocente` (`idportafoliodocente`, `idportafoliomodelo`, `idportafolioestado`, `iddocente`, `iddocumento`, `idperiodoacademico`) VALUES
(1, 1, 2, 1, 387, 1),
(2, 8, 1, 1, 388, 1),
(3, 9, 2, 1, 390, 1);

-- --------------------------------------------------------

--
-- Stand-in structure for view `portafoliodocente1`
-- (See below for the actual view)
--
CREATE TABLE `portafoliodocente1` (
`idportafoliodocente` int(11)
,`eldocumento` varchar(100)
,`idpersona` int(11)
,`archivopdf` varchar(100)
,`eldocente` varchar(102)
,`elestado` varchar(50)
,`ruta` varchar(200)
,`elordenador` varchar(45)
,`iddocumento` varchar(11)
);

-- --------------------------------------------------------

--
-- Table structure for table `portafolioestado`
--

CREATE TABLE `portafolioestado` (
  `idportafolioestado` int(11) NOT NULL,
  `nombre` varchar(50) DEFAULT NULL
) ENGINE=InnoDB DEFAULT CHARSET=utf8;

--
-- Dumping data for table `portafolioestado`
--

INSERT INTO `portafolioestado` (`idportafolioestado`, `nombre`) VALUES
(1, 'SIN CARGAR'),
(2, 'CARGADO');

-- --------------------------------------------------------

--
-- Table structure for table `portafolioestudiante`
--

CREATE TABLE `portafolioestudiante` (
  `idportafolioestudiante` int(11) NOT NULL,
  `idportafoliomodelo` int(11) NOT NULL,
  `idestado_portafolio` int(11) NOT NULL,
  `idestudiante` int(11) NOT NULL,
  `iddocumento` int(11) DEFAULT NULL,
  `idperiodoacademico` int(11) DEFAULT NULL
) ENGINE=InnoDB DEFAULT CHARSET=utf8mb4;

--
-- Dumping data for table `portafolioestudiante`
--

INSERT INTO `portafolioestudiante` (`idportafolioestudiante`, `idportafoliomodelo`, `idestado_portafolio`, `idestudiante`, `iddocumento`, `idperiodoacademico`) VALUES
(3, 4, 1, 22, 384, NULL),
(4, 5, 1, 22, 385, NULL),
(5, 4, 1, 23, 383, NULL);

-- --------------------------------------------------------

--
-- Stand-in structure for view `portafolioestudiante1`
-- (See below for the actual view)
--
CREATE TABLE `portafolioestudiante1` (
`idportafolioestudiante` int(11)
,`eldocumento` varchar(100)
,`idpersona` int(11)
,`archivopdf` varchar(100)
,`elestudiante` varchar(102)
,`elestado` varchar(45)
,`ruta` varchar(200)
,`elordenador` varchar(45)
,`iddocumento` int(11)
);

-- --------------------------------------------------------

--
-- Table structure for table `portafoliomodelo`
--

CREATE TABLE `portafoliomodelo` (
  `idportafoliomodelo` int(11) NOT NULL,
  `nombre` varchar(100) DEFAULT NULL,
  `detalle` text DEFAULT NULL,
  `idportafoliotipo` int(11) DEFAULT NULL
) ENGINE=InnoDB DEFAULT CHARSET=utf8mb4;

--
-- Dumping data for table `portafoliomodelo`
--

INSERT INTO `portafoliomodelo` (`idportafoliomodelo`, `nombre`, `detalle`, `idportafoliotipo`) VALUES
(1, 'Copia de cdula de identidad', NULL, NULL),
(2, 'COPIA DE PAPELETA DE VOTACION', NULL, NULL),
(3, 'CERTIFICADO DE INGRESO A LA CARRERA', NULL, NULL),
(4, 'Registro de ttulo Senescyt', NULL, NULL),
(5, 'Ttulo de tercer nivel', NULL, NULL),
(6, 'Acta de grado', NULL, NULL),
(7, 'Calificaciones de estudios tercer nivel', NULL, NULL),
(8, 'Silabo de la asignatura', NULL, NULL),
(9, 'Guia de aprendizaje', NULL, NULL);

-- --------------------------------------------------------

--
-- Table structure for table `portafoliotipo`
--

CREATE TABLE `portafoliotipo` (
  `idportafoliotipo` int(11) NOT NULL,
  `nombre` varchar(50) DEFAULT NULL
) ENGINE=MyISAM DEFAULT CHARSET=latin1;

-- --------------------------------------------------------

--
-- Table structure for table `pregunta`
--

CREATE TABLE `pregunta` (
  `idpregunta` int(11) NOT NULL,
  `pregunta` varchar(200) DEFAULT NULL,
  `idevaluacion` int(11) NOT NULL
) ENGINE=InnoDB DEFAULT CHARSET=utf8mb4;

--
-- Dumping data for table `pregunta`
--

INSERT INTO `pregunta` (`idpregunta`, `pregunta`, `idevaluacion`) VALUES
(1, 'Por qu eligi este  programa de postgrado?', 1),
(2, 'Qu le motivo a decidir estudiar un postgrado?', 1),
(3, 'Qu aspira usted con ese programa acadmico?', 1),
(4, 'Qu es eniac', 2),
(5, 'Que son los numero reales?', 3),
(6, 'Ques latex ?', 4),
(7, 'Que es github?', 5),
(8, 'Quin fue el creador de Git?', 6);

-- --------------------------------------------------------

--
-- Table structure for table `respuesta`
--

CREATE TABLE `respuesta` (
  `idrespuesta` int(11) NOT NULL,
  `respuesta` varchar(200) DEFAULT NULL,
  `idpregunta` int(11) NOT NULL,
  `acierto` tinyint(4) DEFAULT NULL
) ENGINE=InnoDB DEFAULT CHARSET=utf8mb4;

--
-- Dumping data for table `respuesta`
--

INSERT INTO `respuesta` (`idrespuesta`, `respuesta`, `idpregunta`, `acierto`) VALUES
(1, 'Exelente', 1, NULL),
(2, 'Bueno', 1, NULL),
(3, 'Exelente', 2, NULL),
(4, 'Una artista', 4, 0),
(5, 'Un computador', 4, 1),
(6, 'Una radio ', 4, 0),
(7, 'Son personas', 5, 0),
(8, 'Son numero del -inf +inf', 5, 1),
(9, 'Son animales', 5, 0),
(10, 'Es una tela ', 6, 0),
(11, 'Es un editor de texto', 6, 0),
(12, 'Es un conjunto de librerias', 6, 1),
(13, 'Un repositorio', 7, 0),
(14, 'Un sistemas de manejo de versiones', 7, 1),
(15, 'Una comida', 7, 0),
(16, 'Bill Gate', 8, 0),
(17, 'Richard Stallman', 8, 0),
(18, 'linus torvalds', 8, 1),
(19, 'Ninguno de los anteriores', 8, 0);

-- --------------------------------------------------------

--
-- Table structure for table `resultado`
--

CREATE TABLE `resultado` (
  `idresultado` int(11) NOT NULL,
  `idevaluado` int(11) NOT NULL,
  `idpregunta` int(11) NOT NULL,
  `nota` varchar(5) DEFAULT NULL,
  `idrespuesta` int(11) NOT NULL
) ENGINE=InnoDB DEFAULT CHARSET=utf8mb4;

-- --------------------------------------------------------

--
-- Table structure for table `seguimiento`
--

CREATE TABLE `seguimiento` (
  `idseguimiento` int(11) NOT NULL,
  `idpersona` int(11) DEFAULT NULL,
  `idevento` int(11) DEFAULT NULL,
  `fecha` date DEFAULT NULL,
  `idtiposeguimiento` int(11) DEFAULT NULL,
  `comentario` text DEFAULT NULL
) ENGINE=MyISAM DEFAULT CHARSET=latin1;

--
-- Dumping data for table `seguimiento`
--

INSERT INTO `seguimiento` (`idseguimiento`, `idpersona`, `idevento`, `fecha`, `idtiposeguimiento`, `comentario`) VALUES
(1, 11, 33, '2022-05-18', 2, '<p>&lt;html&gt;<br>&nbsp; &lt;head&gt;<br>&lt;link rel=\"stylesheet\" href=\"https://maxst.icons8.com/vue-static/landings/line-awesome/line-awesome/1.3.0/css/line-awesome.min.css\"&gt;</p>\n<p>&lt;style type=\"text/css\"&gt;<br>&nbsp;.video-wrapper {display:none;}<br>&nbsp;@media (-webkit-min-device-pixel-ratio: 0) and (min-device-width:1024px)&nbsp;<br>&nbsp;{<br>&nbsp; .video-wrapper { display:block!important; }<br>&nbsp; .video-fallback { display:none!important; }<br>&nbsp;}<br>&nbsp; @supports (-webkit-overflow-scrolling:touch) and (color:#ffffffff) {<br>&nbsp; &nbsp; div[class^=video-wrapper] { display:block!important; }<br>&nbsp; &nbsp; div[class^=video-fallback] { display:none!important; }<br>&nbsp; }<br>&nbsp; #MessageViewBody .video-wrapper { display:block!important; }<br>&nbsp; #MessageViewBody .video-fallback { display:none!important; }<br>&lt;/style&gt;</p>\n<p>&nbsp;</p>\n<p>&nbsp; &lt;/head&gt;<br>&lt;body&gt;<br>&nbsp; &lt;div style=\"margin: auto; width:80%;\"&gt;<br>&nbsp; &lt;p style=\'font-size:1.5vw;\'&gt;Hola,&nbsp; tenemos &lt;u&gt;&lt;span style=\'color: green; font-weight: bold;\' &gt; buenas noticias &lt;/span&gt;&lt;/u&gt;; con una visi&oacute;n m&aacute;s amplia comenzamos el siguiente proceso de la postulaci&oacute;n a la Maestr&iacute;a en Tecnolog&iacute;a de la Informaci&oacute;n. &lt;/p&gt;&nbsp;<br>&nbsp; &lt;/div&gt; &nbsp;&nbsp;</p>\n<p>&nbsp; &nbsp; &nbsp; &nbsp; &lt;div &nbsp;style=\'background-color: #DAF7A6; border-bottom-left-radius:50px 50px; border-top-right-radius: 50px 50px; &nbsp;border:1px solid green; &nbsp;opacity:0.5; text-align:justify; width:80%; margin:auto; box-shadow: 0px 10px 10px -6px black; \'&gt;<br>&nbsp; &nbsp; &nbsp; &nbsp; &nbsp; &lt;div style=\"padding:20px;\"&gt;<br>&nbsp; &nbsp; &nbsp; &nbsp; &nbsp; &nbsp; &lt;p style=\'font-size:1.5vw\' &gt;Esta parte del proceso consiste en 4 etapas que se las ejecutar&aacute; en este mes de julio y consiste de:&lt;/p&gt;<br>&nbsp; &nbsp; &nbsp; &nbsp; &nbsp; &nbsp; &lt;ol style=\"font-size:1.5vw\"&gt;<br>&nbsp; &nbsp; &nbsp; &nbsp; &nbsp; &nbsp; &nbsp; &lt;li&gt; Calificaci&oacute;n de tus m&eacute;ritos a trav&eacute;s de tu carpeta.&lt;/li&gt;<br>&nbsp; &nbsp; &nbsp; &nbsp; &nbsp; &nbsp; &nbsp; &lt;li&gt; Una prueba de conocimientos.&lt;/li&gt;<br>&nbsp; &nbsp; &nbsp; &nbsp; &nbsp; &nbsp; &nbsp; &lt;li&gt; Una entrevista. &lt;/li&gt;<br>&nbsp; &nbsp; &nbsp; &nbsp; &nbsp; &nbsp; &nbsp; &lt;li&gt; Pago del valor de la &nbsp;matricula. &lt;/li&gt;<br>&nbsp; &nbsp; &nbsp; &nbsp; &nbsp; &nbsp; &lt;/ol&gt;<br>&nbsp; &nbsp; &nbsp; &nbsp; &nbsp; &nbsp; &lt;p style=\"font-size:1.5vw\"&gt;Despu&eacute;s de superar estas 4 etapas comenzamos las clases el 29 de julio. &lt;/p&gt;&lt;/br&gt;<br>&nbsp; &nbsp; &nbsp; &nbsp; &nbsp; &nbsp; &lt;p style=\"font-size:1.5vw\"&gt;&lt;span style=\'color: blue; font-weight: bold;\' &gt; &nbsp;Solo necesitamos que nos confirmes v&iacute;a correo &nbsp;que a&uacute;n estas interesado en seguir la maestr&iacute;a; te enviaremos una invitaci&oacute;n a una capacitaci&oacute;n gratuita previo a iniciar los estudios regulares para ayudarte &nbsp;a comenzar con pie derecho esta traves&iacute;a. &lt;/span&gt; &lt;/p&gt;&lt;br&gt;<br>&nbsp; &nbsp; &nbsp; &nbsp; &nbsp; &nbsp; &nbsp; &lt;center&gt;(calendario &lt;span style=\"font-size:80px\"&gt; &amp;#9759;&lt;/span&gt; &nbsp;general)&lt;/center&gt; &nbsp;</p>\n<p>&nbsp; &nbsp; &nbsp; &nbsp; &nbsp; &lt;/div&gt;<br>&lt;/div&gt;<br>&lt;br&gt;</p>\n<p><br>&lt;center&gt; &lt;img src=\"http://educaysoft.org/maestria/postulacion3-la-final.jpg\" width=\"80%\" &gt;&lt;/center&gt;&lt;br&gt;</p>\n<p>&lt;br&gt;</p>\n<p>&lt;/body&gt;<br>&lt;/html&gt;</p>'),
(2, 18, 33, '0000-00-00', 1, ''),
(3, 18, 33, '2022-05-18', 1, '<p>Saludos , en el siguiente link podras encontrar el horario de la maestr&amp;iacute;a</p>\n<p>&lt;a href=\"https://educaysoft.org/sica/MTI/doc/_build/html/datosgenerales.html\"&gt; El horario al final&lt;/a&gt;</p>'),
(4, 8, 33, '2022-05-18', 1, '<p>&lt;html&gt;<br>&nbsp; &lt;head&gt;<br>&lt;link rel=\"stylesheet\" href=\"https://maxst.icons8.com/vue-static/landings/line-awesome/line-awesome/1.3.0/css/line-awesome.min.css\"&gt;</p>\n<p>&lt;style type=\"text/css\"&gt;<br>&nbsp;.video-wrapper {display:none;}<br>&nbsp;@media (-webkit-min-device-pixel-ratio: 0) and (min-device-width:1024px)&nbsp;<br>&nbsp;{<br>&nbsp; .video-wrapper { display:block!important; }<br>&nbsp; .video-fallback { display:none!important; }<br>&nbsp;}<br>&nbsp; @supports (-webkit-overflow-scrolling:touch) and (color:#ffffffff) {<br>&nbsp; &nbsp; div[class^=video-wrapper] { display:block!important; }<br>&nbsp; &nbsp; div[class^=video-fallback] { display:none!important; }<br>&nbsp; }<br>&nbsp; #MessageViewBody .video-wrapper { display:block!important; }<br>&nbsp; #MessageViewBody .video-fallback { display:none!important; }<br>&lt;/style&gt;</p>\n<p>&nbsp;</p>\n<p>&nbsp; &lt;/head&gt;<br>&lt;body&gt;<br>&nbsp; &lt;div style=\"margin: auto; width:80%;\"&gt;<br>&nbsp; &lt;p style=\'font-size:1.5vw;\'&gt;Hola,&nbsp; tenemos &lt;u&gt;&lt;span style=\'color: green; font-weight: bold;\' &gt; buenas noticias &lt;/span&gt;&lt;/u&gt;; con una visi&oacute;n m&aacute;s amplia comenzamos el siguiente proceso de la postulaci&oacute;n a la Maestr&iacute;a en Tecnolog&iacute;a de la Informaci&oacute;n. &lt;/p&gt;&nbsp;<br>&nbsp; &lt;/div&gt; &nbsp;&nbsp;</p>\n<p>&nbsp; &nbsp; &nbsp; &nbsp; &lt;div &nbsp;style=\'background-color: #DAF7A6; border-bottom-left-radius:50px 50px; border-top-right-radius: 50px 50px; &nbsp;border:1px solid green; &nbsp;opacity:0.5; text-align:justify; width:80%; margin:auto; box-shadow: 0px 10px 10px -6px black; \'&gt;<br>&nbsp; &nbsp; &nbsp; &nbsp; &nbsp; &lt;div style=\"padding:20px;\"&gt;<br>&nbsp; &nbsp; &nbsp; &nbsp; &nbsp; &nbsp; &lt;p style=\'font-size:1.5vw\' &gt;Esta parte del proceso consiste en 4 etapas que se las ejecutar&aacute; en este mes de julio y consiste de:&lt;/p&gt;<br>&nbsp; &nbsp; &nbsp; &nbsp; &nbsp; &nbsp; &lt;ol style=\"font-size:1.5vw\"&gt;<br>&nbsp; &nbsp; &nbsp; &nbsp; &nbsp; &nbsp; &nbsp; &lt;li&gt; Calificaci&oacute;n de tus m&eacute;ritos a trav&eacute;s de tu carpeta.&lt;/li&gt;<br>&nbsp; &nbsp; &nbsp; &nbsp; &nbsp; &nbsp; &nbsp; &lt;li&gt; Una prueba de conocimientos.&lt;/li&gt;<br>&nbsp; &nbsp; &nbsp; &nbsp; &nbsp; &nbsp; &nbsp; &lt;li&gt; Una entrevista. &lt;/li&gt;<br>&nbsp; &nbsp; &nbsp; &nbsp; &nbsp; &nbsp; &nbsp; &lt;li&gt; Pago del valor de la &nbsp;matricula. &lt;/li&gt;<br>&nbsp; &nbsp; &nbsp; &nbsp; &nbsp; &nbsp; &lt;/ol&gt;<br>&nbsp; &nbsp; &nbsp; &nbsp; &nbsp; &nbsp; &lt;p style=\"font-size:1.5vw\"&gt;Despu&eacute;s de superar estas 4 etapas comenzamos las clases el 29 de julio. &lt;/p&gt;&lt;/br&gt;<br>&nbsp; &nbsp; &nbsp; &nbsp; &nbsp; &nbsp; &lt;p style=\"font-size:1.5vw\"&gt;&lt;span style=\'color: blue; font-weight: bold;\' &gt; &nbsp;Solo necesitamos que nos confirmes v&iacute;a correo &nbsp;que a&uacute;n estas interesado en seguir la maestr&iacute;a; te enviaremos una invitaci&oacute;n a una capacitaci&oacute;n gratuita previo a iniciar los estudios regulares para ayudarte &nbsp;a comenzar con pie derecho esta traves&iacute;a. &lt;/span&gt; &lt;/p&gt;&lt;br&gt;<br>&nbsp; &nbsp; &nbsp; &nbsp; &nbsp; &nbsp; &nbsp; &lt;center&gt;(calendario &lt;span style=\"font-size:80px\"&gt; &amp;#9759;&lt;/span&gt; &nbsp;general)&lt;/center&gt; &nbsp;</p>\n<p>&nbsp; &nbsp; &nbsp; &nbsp; &nbsp; &lt;/div&gt;<br>&lt;/div&gt;<br>&lt;br&gt;</p>\n<p><br>&lt;center&gt; &lt;img src=\"http://educaysoft.org/maestria/postulacion3-la-final.jpg\" width=\"80%\" &gt;&lt;/center&gt;&lt;br&gt;</p>\n<p>&lt;br&gt;</p>\n<p>&lt;/body&gt;<br>&lt;/html&gt;</p>'),
(5, 373, 33, '2022-05-18', 2, '<p>&lt;html&gt;<br>&nbsp; &lt;head&gt;<br>&lt;link rel=\"stylesheet\" href=\"https://maxst.icons8.com/vue-static/landings/line-awesome/line-awesome/1.3.0/css/line-awesome.min.css\"&gt;</p>\n<p>&lt;style type=\"text/css\"&gt;<br>&nbsp;.video-wrapper {display:none;}<br>&nbsp;@media (-webkit-min-device-pixel-ratio: 0) and (min-device-width:1024px)&nbsp;<br>&nbsp;{<br>&nbsp; .video-wrapper { display:block!important; }<br>&nbsp; .video-fallback { display:none!important; }<br>&nbsp;}<br>&nbsp; @supports (-webkit-overflow-scrolling:touch) and (color:#ffffffff) {<br>&nbsp; &nbsp; div[class^=video-wrapper] { display:block!important; }<br>&nbsp; &nbsp; div[class^=video-fallback] { display:none!important; }<br>&nbsp; }<br>&nbsp; #MessageViewBody .video-wrapper { display:block!important; }<br>&nbsp; #MessageViewBody .video-fallback { display:none!important; }<br>&lt;/style&gt;</p>\n<p>&nbsp;</p>\n<p>&nbsp; &lt;/head&gt;<br>&lt;body&gt;<br>&nbsp; &lt;div style=\"margin: auto; width:80%;\"&gt;<br>&nbsp; &lt;p style=\'font-size:1.5vw;\'&gt;Hola,&nbsp; tenemos &lt;u&gt;&lt;span style=\'color: green; font-weight: bold;\' &gt; buenas noticias &lt;/span&gt;&lt;/u&gt;; con una visi&oacute;n m&aacute;s amplia comenzamos el siguiente proceso de la postulaci&oacute;n a la Maestr&iacute;a en Tecnolog&iacute;a de la Informaci&oacute;n. &lt;/p&gt;&nbsp;<br>&nbsp; &lt;/div&gt; &nbsp;&nbsp;</p>\n<p>&nbsp; &nbsp; &nbsp; &nbsp; &lt;div &nbsp;style=\'background-color: #DAF7A6; border-bottom-left-radius:50px 50px; border-top-right-radius: 50px 50px; &nbsp;border:1px solid green; &nbsp;opacity:0.5; text-align:justify; width:80%; margin:auto; box-shadow: 0px 10px 10px -6px black; \'&gt;<br>&nbsp; &nbsp; &nbsp; &nbsp; &nbsp; &lt;div style=\"padding:20px;\"&gt;<br>&nbsp; &nbsp; &nbsp; &nbsp; &nbsp; &nbsp; &lt;p style=\'font-size:1.5vw\' &gt;Esta parte del proceso consiste en 4 etapas que se las ejecutar&aacute; en este mes de julio y consiste de:&lt;/p&gt;<br>&nbsp; &nbsp; &nbsp; &nbsp; &nbsp; &nbsp; &lt;ol style=\"font-size:1.5vw\"&gt;<br>&nbsp; &nbsp; &nbsp; &nbsp; &nbsp; &nbsp; &nbsp; &lt;li&gt; Calificaci&oacute;n de tus m&eacute;ritos a trav&eacute;s de tu carpeta.&lt;/li&gt;<br>&nbsp; &nbsp; &nbsp; &nbsp; &nbsp; &nbsp; &nbsp; &lt;li&gt; Una prueba de conocimientos.&lt;/li&gt;<br>&nbsp; &nbsp; &nbsp; &nbsp; &nbsp; &nbsp; &nbsp; &lt;li&gt; Una entrevista. &lt;/li&gt;<br>&nbsp; &nbsp; &nbsp; &nbsp; &nbsp; &nbsp; &nbsp; &lt;li&gt; Pago del valor de la &nbsp;matricula. &lt;/li&gt;<br>&nbsp; &nbsp; &nbsp; &nbsp; &nbsp; &nbsp; &lt;/ol&gt;<br>&nbsp; &nbsp; &nbsp; &nbsp; &nbsp; &nbsp; &lt;p style=\"font-size:1.5vw\"&gt;Despu&eacute;s de superar estas 4 etapas comenzamos las clases el 29 de julio. &lt;/p&gt;&lt;/br&gt;<br>&nbsp; &nbsp; &nbsp; &nbsp; &nbsp; &nbsp; &lt;p style=\"font-size:1.5vw\"&gt;&lt;span style=\'color: blue; font-weight: bold;\' &gt; &nbsp;Solo necesitamos que nos confirmes v&iacute;a correo &nbsp;que a&uacute;n estas interesado en seguir la maestr&iacute;a; te enviaremos una invitaci&oacute;n a una capacitaci&oacute;n gratuita previo a iniciar los estudios regulares para ayudarte &nbsp;a comenzar con pie derecho esta traves&iacute;a. &lt;/span&gt; &lt;/p&gt;&lt;br&gt;<br>&nbsp; &nbsp; &nbsp; &nbsp; &nbsp; &nbsp; &nbsp; &lt;center&gt;(calendario &lt;span style=\"font-size:80px\"&gt; &amp;#9759;&lt;/span&gt; &nbsp;general)&lt;/center&gt; &nbsp;</p>\n<p>&nbsp; &nbsp; &nbsp; &nbsp; &nbsp; &lt;/div&gt;<br>&lt;/div&gt;<br>&lt;br&gt;</p>\n<p><br>&lt;center&gt; &lt;img src=\"http://educaysoft.org/maestria/postulacion3-la-final.jpg\" width=\"80%\" &gt;&lt;/center&gt;&lt;br&gt;</p>\n<p>&lt;br&gt;</p>\n<p>&lt;/body&gt;<br>&lt;/html&gt;</p>'),
(6, 24, 33, '2022-05-18', 2, '<p>&lt;html&gt;<br>&nbsp; &lt;head&gt;<br>&lt;link rel=\"stylesheet\" href=\"https://maxst.icons8.com/vue-static/landings/line-awesome/line-awesome/1.3.0/css/line-awesome.min.css\"&gt;</p>\n<p>&lt;style type=\"text/css\"&gt;<br>&nbsp;.video-wrapper {display:none;}<br>&nbsp;@media (-webkit-min-device-pixel-ratio: 0) and (min-device-width:1024px)&nbsp;<br>&nbsp;{<br>&nbsp; .video-wrapper { display:block!important; }<br>&nbsp; .video-fallback { display:none!important; }<br>&nbsp;}<br>&nbsp; @supports (-webkit-overflow-scrolling:touch) and (color:#ffffffff) {<br>&nbsp; &nbsp; div[class^=video-wrapper] { display:block!important; }<br>&nbsp; &nbsp; div[class^=video-fallback] { display:none!important; }<br>&nbsp; }<br>&nbsp; #MessageViewBody .video-wrapper { display:block!important; }<br>&nbsp; #MessageViewBody .video-fallback { display:none!important; }<br>&lt;/style&gt;</p>\n<p>&nbsp;</p>\n<p>&nbsp; &lt;/head&gt;<br>&lt;body&gt;<br>&nbsp; &lt;div style=\"margin: auto; width:80%;\"&gt;<br>&nbsp; &lt;p style=\'font-size:1.5vw;\'&gt;Hola,&nbsp; tenemos &lt;u&gt;&lt;span style=\'color: green; font-weight: bold;\' &gt; buenas noticias &lt;/span&gt;&lt;/u&gt;; con una visi&oacute;n m&aacute;s amplia comenzamos el siguiente proceso de la postulaci&oacute;n a la Maestr&iacute;a en Tecnolog&iacute;a de la Informaci&oacute;n. &lt;/p&gt;&nbsp;<br>&nbsp; &lt;/div&gt; &nbsp;&nbsp;</p>\n<p>&nbsp; &nbsp; &nbsp; &nbsp; &lt;div &nbsp;style=\'background-color: #DAF7A6; border-bottom-left-radius:50px 50px; border-top-right-radius: 50px 50px; &nbsp;border:1px solid green; &nbsp;opacity:0.5; text-align:justify; width:80%; margin:auto; box-shadow: 0px 10px 10px -6px black; \'&gt;<br>&nbsp; &nbsp; &nbsp; &nbsp; &nbsp; &lt;div style=\"padding:20px;\"&gt;<br>&nbsp; &nbsp; &nbsp; &nbsp; &nbsp; &nbsp; &lt;p style=\'font-size:1.5vw\' &gt;Esta parte del proceso consiste en 4 etapas que se las ejecutar&aacute; en este mes de julio y consiste de:&lt;/p&gt;<br>&nbsp; &nbsp; &nbsp; &nbsp; &nbsp; &nbsp; &lt;ol style=\"font-size:1.5vw\"&gt;<br>&nbsp; &nbsp; &nbsp; &nbsp; &nbsp; &nbsp; &nbsp; &lt;li&gt; Calificaci&oacute;n de tus m&eacute;ritos a trav&eacute;s de tu carpeta.&lt;/li&gt;<br>&nbsp; &nbsp; &nbsp; &nbsp; &nbsp; &nbsp; &nbsp; &lt;li&gt; Una prueba de conocimientos.&lt;/li&gt;<br>&nbsp; &nbsp; &nbsp; &nbsp; &nbsp; &nbsp; &nbsp; &lt;li&gt; Una entrevista. &lt;/li&gt;<br>&nbsp; &nbsp; &nbsp; &nbsp; &nbsp; &nbsp; &nbsp; &lt;li&gt; Pago del valor de la &nbsp;matricula. &lt;/li&gt;<br>&nbsp; &nbsp; &nbsp; &nbsp; &nbsp; &nbsp; &lt;/ol&gt;<br>&nbsp; &nbsp; &nbsp; &nbsp; &nbsp; &nbsp; &lt;p style=\"font-size:1.5vw\"&gt;Despu&eacute;s de superar estas 4 etapas comenzamos las clases el 29 de julio. &lt;/p&gt;&lt;/br&gt;<br>&nbsp; &nbsp; &nbsp; &nbsp; &nbsp; &nbsp; &lt;p style=\"font-size:1.5vw\"&gt;&lt;span style=\'color: blue; font-weight: bold;\' &gt; &nbsp;Solo necesitamos que nos confirmes v&iacute;a correo &nbsp;que a&uacute;n estas interesado en seguir la maestr&iacute;a; te enviaremos una invitaci&oacute;n a una capacitaci&oacute;n gratuita previo a iniciar los estudios regulares para ayudarte &nbsp;a comenzar con pie derecho esta traves&iacute;a. &lt;/span&gt; &lt;/p&gt;&lt;br&gt;<br>&nbsp; &nbsp; &nbsp; &nbsp; &nbsp; &nbsp; &nbsp; &lt;center&gt;(calendario &lt;span style=\"font-size:80px\"&gt; &amp;#9759;&lt;/span&gt; &nbsp;general)&lt;/center&gt; &nbsp;</p>\n<p>&nbsp; &nbsp; &nbsp; &nbsp; &nbsp; &lt;/div&gt;<br>&lt;/div&gt;<br>&lt;br&gt;</p>\n<p><br>&lt;center&gt; &lt;img src=\"http://educaysoft.org/maestria/postulacion3-la-final.jpg\" width=\"80%\" &gt;&lt;/center&gt;&lt;br&gt;</p>\n<p>&lt;br&gt;</p>\n<p>&lt;/body&gt;<br>&lt;/html&gt;</p>'),
(7, 26, 33, '2022-05-18', 2, '<p>&lt;html&gt;<br>&nbsp; &lt;head&gt;<br>&lt;link rel=\"stylesheet\" href=\"https://maxst.icons8.com/vue-static/landings/line-awesome/line-awesome/1.3.0/css/line-awesome.min.css\"&gt;</p>\n<p>&lt;style type=\"text/css\"&gt;<br>&nbsp;.video-wrapper {display:none;}<br>&nbsp;@media (-webkit-min-device-pixel-ratio: 0) and (min-device-width:1024px)&nbsp;<br>&nbsp;{<br>&nbsp; .video-wrapper { display:block!important; }<br>&nbsp; .video-fallback { display:none!important; }<br>&nbsp;}<br>&nbsp; @supports (-webkit-overflow-scrolling:touch) and (color:#ffffffff) {<br>&nbsp; &nbsp; div[class^=video-wrapper] { display:block!important; }<br>&nbsp; &nbsp; div[class^=video-fallback] { display:none!important; }<br>&nbsp; }<br>&nbsp; #MessageViewBody .video-wrapper { display:block!important; }<br>&nbsp; #MessageViewBody .video-fallback { display:none!important; }<br>&lt;/style&gt;</p>\n<p>&nbsp;</p>\n<p>&nbsp; &lt;/head&gt;<br>&lt;body&gt;<br>&nbsp; &lt;div style=\"margin: auto; width:80%;\"&gt;<br>&nbsp; &lt;p style=\'font-size:1.5vw;\'&gt;Hola,&nbsp; tenemos &lt;u&gt;&lt;span style=\'color: green; font-weight: bold;\' &gt; buenas noticias &lt;/span&gt;&lt;/u&gt;; con una visi&oacute;n m&aacute;s amplia comenzamos el siguiente proceso de la postulaci&oacute;n a la Maestr&iacute;a en Tecnolog&iacute;a de la Informaci&oacute;n. &lt;/p&gt;&nbsp;<br>&nbsp; &lt;/div&gt; &nbsp;&nbsp;</p>\n<p>&nbsp; &nbsp; &nbsp; &nbsp; &lt;div &nbsp;style=\'background-color: #DAF7A6; border-bottom-left-radius:50px 50px; border-top-right-radius: 50px 50px; &nbsp;border:1px solid green; &nbsp;opacity:0.5; text-align:justify; width:80%; margin:auto; box-shadow: 0px 10px 10px -6px black; \'&gt;<br>&nbsp; &nbsp; &nbsp; &nbsp; &nbsp; &lt;div style=\"padding:20px;\"&gt;<br>&nbsp; &nbsp; &nbsp; &nbsp; &nbsp; &nbsp; &lt;p style=\'font-size:1.5vw\' &gt;Esta parte del proceso consiste en 4 etapas que se las ejecutar&aacute; en este mes de julio y consiste de:&lt;/p&gt;<br>&nbsp; &nbsp; &nbsp; &nbsp; &nbsp; &nbsp; &lt;ol style=\"font-size:1.5vw\"&gt;<br>&nbsp; &nbsp; &nbsp; &nbsp; &nbsp; &nbsp; &nbsp; &lt;li&gt; Calificaci&oacute;n de tus m&eacute;ritos a trav&eacute;s de tu carpeta.&lt;/li&gt;<br>&nbsp; &nbsp; &nbsp; &nbsp; &nbsp; &nbsp; &nbsp; &lt;li&gt; Una prueba de conocimientos.&lt;/li&gt;<br>&nbsp; &nbsp; &nbsp; &nbsp; &nbsp; &nbsp; &nbsp; &lt;li&gt; Una entrevista. &lt;/li&gt;<br>&nbsp; &nbsp; &nbsp; &nbsp; &nbsp; &nbsp; &nbsp; &lt;li&gt; Pago del valor de la &nbsp;matricula. &lt;/li&gt;<br>&nbsp; &nbsp; &nbsp; &nbsp; &nbsp; &nbsp; &lt;/ol&gt;<br>&nbsp; &nbsp; &nbsp; &nbsp; &nbsp; &nbsp; &lt;p style=\"font-size:1.5vw\"&gt;Despu&eacute;s de superar estas 4 etapas comenzamos las clases el 29 de julio. &lt;/p&gt;&lt;/br&gt;<br>&nbsp; &nbsp; &nbsp; &nbsp; &nbsp; &nbsp; &lt;p style=\"font-size:1.5vw\"&gt;&lt;span style=\'color: blue; font-weight: bold;\' &gt; &nbsp;Solo necesitamos que nos confirmes v&iacute;a correo &nbsp;que a&uacute;n estas interesado en seguir la maestr&iacute;a; te enviaremos una invitaci&oacute;n a una capacitaci&oacute;n gratuita previo a iniciar los estudios regulares para ayudarte &nbsp;a comenzar con pie derecho esta traves&iacute;a. &lt;/span&gt; &lt;/p&gt;&lt;br&gt;<br>&nbsp; &nbsp; &nbsp; &nbsp; &nbsp; &nbsp; &nbsp; &lt;center&gt;(calendario &lt;span style=\"font-size:80px\"&gt; &amp;#9759;&lt;/span&gt; &nbsp;general)&lt;/center&gt; &nbsp;</p>\n<p>&nbsp; &nbsp; &nbsp; &nbsp; &nbsp; &lt;/div&gt;<br>&lt;/div&gt;<br>&lt;br&gt;</p>\n<p><br>&lt;center&gt; &lt;img src=\"http://educaysoft.org/maestria/postulacion3-la-final.jpg\" width=\"80%\" &gt;&lt;/center&gt;&lt;br&gt;</p>\n<p>&lt;br&gt;</p>\n<p>&lt;/body&gt;<br>&lt;/html&gt;</p>'),
(8, 19, 33, '2022-05-18', 2, '<p>&lt;html&gt;<br>&nbsp; &lt;head&gt;<br>&lt;link rel=\"stylesheet\" href=\"https://maxst.icons8.com/vue-static/landings/line-awesome/line-awesome/1.3.0/css/line-awesome.min.css\"&gt;</p>\n<p>&lt;style type=\"text/css\"&gt;<br>&nbsp;.video-wrapper {display:none;}<br>&nbsp;@media (-webkit-min-device-pixel-ratio: 0) and (min-device-width:1024px)&nbsp;<br>&nbsp;{<br>&nbsp; .video-wrapper { display:block!important; }<br>&nbsp; .video-fallback { display:none!important; }<br>&nbsp;}<br>&nbsp; @supports (-webkit-overflow-scrolling:touch) and (color:#ffffffff) {<br>&nbsp; &nbsp; div[class^=video-wrapper] { display:block!important; }<br>&nbsp; &nbsp; div[class^=video-fallback] { display:none!important; }<br>&nbsp; }<br>&nbsp; #MessageViewBody .video-wrapper { display:block!important; }<br>&nbsp; #MessageViewBody .video-fallback { display:none!important; }<br>&lt;/style&gt;</p>\n<p>&nbsp;</p>\n<p>&nbsp; &lt;/head&gt;<br>&lt;body&gt;<br>&nbsp; &lt;div style=\"margin: auto; width:80%;\"&gt;<br>&nbsp; &lt;p style=\'font-size:1.5vw;\'&gt;Hola,&nbsp; tenemos &lt;u&gt;&lt;span style=\'color: green; font-weight: bold;\' &gt; buenas noticias &lt;/span&gt;&lt;/u&gt;; con una visi&oacute;n m&aacute;s amplia comenzamos el siguiente proceso de la postulaci&oacute;n a la Maestr&iacute;a en Tecnolog&iacute;a de la Informaci&oacute;n. &lt;/p&gt;&nbsp;<br>&nbsp; &lt;/div&gt; &nbsp;&nbsp;</p>\n<p>&nbsp; &nbsp; &nbsp; &nbsp; &lt;div &nbsp;style=\'background-color: #DAF7A6; border-bottom-left-radius:50px 50px; border-top-right-radius: 50px 50px; &nbsp;border:1px solid green; &nbsp;opacity:0.5; text-align:justify; width:80%; margin:auto; box-shadow: 0px 10px 10px -6px black; \'&gt;<br>&nbsp; &nbsp; &nbsp; &nbsp; &nbsp; &lt;div style=\"padding:20px;\"&gt;<br>&nbsp; &nbsp; &nbsp; &nbsp; &nbsp; &nbsp; &lt;p style=\'font-size:1.5vw\' &gt;Esta parte del proceso consiste en 4 etapas que se las ejecutar&aacute; en este mes de julio y consiste de:&lt;/p&gt;<br>&nbsp; &nbsp; &nbsp; &nbsp; &nbsp; &nbsp; &lt;ol style=\"font-size:1.5vw\"&gt;<br>&nbsp; &nbsp; &nbsp; &nbsp; &nbsp; &nbsp; &nbsp; &lt;li&gt; Calificaci&oacute;n de tus m&eacute;ritos a trav&eacute;s de tu carpeta.&lt;/li&gt;<br>&nbsp; &nbsp; &nbsp; &nbsp; &nbsp; &nbsp; &nbsp; &lt;li&gt; Una prueba de conocimientos.&lt;/li&gt;<br>&nbsp; &nbsp; &nbsp; &nbsp; &nbsp; &nbsp; &nbsp; &lt;li&gt; Una entrevista. &lt;/li&gt;<br>&nbsp; &nbsp; &nbsp; &nbsp; &nbsp; &nbsp; &nbsp; &lt;li&gt; Pago del valor de la &nbsp;matricula. &lt;/li&gt;<br>&nbsp; &nbsp; &nbsp; &nbsp; &nbsp; &nbsp; &lt;/ol&gt;<br>&nbsp; &nbsp; &nbsp; &nbsp; &nbsp; &nbsp; &lt;p style=\"font-size:1.5vw\"&gt;Despu&eacute;s de superar estas 4 etapas comenzamos las clases el 29 de julio. &lt;/p&gt;&lt;/br&gt;<br>&nbsp; &nbsp; &nbsp; &nbsp; &nbsp; &nbsp; &lt;p style=\"font-size:1.5vw\"&gt;&lt;span style=\'color: blue; font-weight: bold;\' &gt; &nbsp;Solo necesitamos que nos confirmes v&iacute;a correo &nbsp;que a&uacute;n estas interesado en seguir la maestr&iacute;a; te enviaremos una invitaci&oacute;n a una capacitaci&oacute;n gratuita previo a iniciar los estudios regulares para ayudarte &nbsp;a comenzar con pie derecho esta traves&iacute;a. &lt;/span&gt; &lt;/p&gt;&lt;br&gt;<br>&nbsp; &nbsp; &nbsp; &nbsp; &nbsp; &nbsp; &nbsp; &lt;center&gt;(calendario &lt;span style=\"font-size:80px\"&gt; &amp;#9759;&lt;/span&gt; &nbsp;general)&lt;/center&gt; &nbsp;</p>\n<p>&nbsp; &nbsp; &nbsp; &nbsp; &nbsp; &lt;/div&gt;<br>&lt;/div&gt;<br>&lt;br&gt;</p>\n<p><br>&lt;center&gt; &lt;img src=\"http://educaysoft.org/maestria/postulacion3-la-final.jpg\" width=\"80%\" &gt;&lt;/center&gt;&lt;br&gt;</p>\n<p>&lt;br&gt;</p>\n<p>&lt;/body&gt;<br>&lt;/html&gt;</p>'),
(9, 374, 33, '2022-05-18', 2, '<p>Saludos coordiales &lt;b&gt;Nedelka&lt;/b&gt;, te hemos ingresado a nuestra plataforma y por este medio te estaremos informando del proceso de postulaci&amp;oacute;n a la maestr&amp;iacute;a en Tecnolog&amp;iacute;a de la Informaci&amp;oacute;n pr&amp;oacute;ximo a aperturarse.&lt;br&gt;</p>\n<p>Para detalles de la maestr&amp;iacute; da click &lt;a href=\"https://educaysoft.org/sica/MTI/doc/_build/html/\" &gt;Aqui&lt;/a&gt;</p>'),
(10, 159, 33, '2022-05-25', 2, '<p>Saludos cordiales &lt;b&gt;Kevin Garrido&lt;/b&gt;, tu carpeta para postular a la Maestr&amp;iacute;a en Tecnolog&amp;iacute;a de la Informaci&amp;oacute;n a sido recibida y reposa en la oficina de postgrado; en el mes de julio empezamos el proceso de postulaci&amp;oacute;n&nbsp; a trav&amp;eacute;z de este medio te estaremos informando de todos los pormenores del proceso.&lt;br&gt;&lt;br&gt;</p>\n<p>&nbsp;</p>\n<p>Atentamente. &lt;br&gt;</p>\n<p>&lt;b&gt;Ing. Stalin Francis Q.&lt;/b&gt;&lt;br&gt;&nbsp;</p>\n<p>Cordinador de la Maestr&amp;iacute;a en TI.</p>\n<p>&nbsp;</p>'),
(11, 126, 33, '2022-05-25', 2, '<p>Saludos cordiales &lt;b&gt;Nelson Mora&lt;/b&gt;, tu carpeta para postular a la Maestr&amp;iacute;a en Tecnolog&amp;iacute;a de la Informaci&amp;oacute;n a sido recibida y reposa en la oficina de postgrado; en el mes de julio empezamos el proceso de postulaci&amp;oacute;n&nbsp; a trav&amp;eacute;z de este medio te estaremos informando de todos los pormenores del proceso.&lt;br&gt;&lt;br&gt;</p>\n<p>&nbsp;</p>\n<p>Atentamente. &lt;br&gt;</p>\n<p>&lt;b&gt;Ing. Stalin Francis Q.&lt;/b&gt;&lt;br&gt;&nbsp;</p>\n<p>Cordinador de la Maestr&amp;iacute;a en TI.</p>\n<p>&nbsp;</p>'),
(12, 375, 31, '2022-05-13', 2, '<p>hola &lt;b&gt;Jorge&lt;/b&gt; gracia por tu registro</p>'),
(13, 8, 34, '2022-06-02', 2, '<p>hola es una prueba</p>'),
(14, 8, 33, '2022-05-25', 2, '<p>Hola &lt;H1&gt; STALIN&lt;/H1&gt;</p>'),
(15, 8, 33, '2022-06-17', 2, '<p>Saludo &lt;b&gt;Stalin&lt;/b&gt;&lt;br&gt;</p>\n<p>Nos estamos renovando y preparando para iniciar la primera corte de la &lt;b&gt;Maestr&iacute;a en Tecnolog&iacute;a de la Informaci&oacute;n&lt;/b&gt;, las carpetas de los aspirantes a esta maestr&iacute;a estan siendo recibidas en la &lt;b&gt;Oficina de Postgrado&lt;b&gt; en la&nbsp; Sede Nuevos Horizontes.&lt;br&gt;</p>\n<p>Si estas leyendo este mensaje es por que tu estado actual es el siguiente:</p>\n<p>&nbsp;</p>\n<p>&lt;ol&gt;</p>\n<p>&lt;li&gt;Si ya entregaste tu carpeta solo debes esperar a que te llamemos para comenzar el proceso de admisi&oacute;n.&lt;/li&gt;</p>\n<p>&lt;li&gt;Si ya entregaste tu carpeta pero por la espera&nbsp; decidistes&nbsp; buscar otra alternativa,&nbsp; nos ayudar&iacute;a comunicanos de tu decision.&lt;/li&gt;</p>\n<p>&lt;li&gt;Si no has entragado tu carpeta a&uacute;n puedes hacerlo, hasta finales de este mes de junio.&lt;/li&gt;</p>\n<p>&lt;/ol&gt;</p>\n<p>Para m&aacute;s informaci&oacute;n de la maestria click &lt;a href=\" https://educaysoft.org/sica/MTI/doc/_build/html/\"&gt; Aqui&lt;/a&gt; &lt;br&gt;&lt;br&gt;</p>\n<p>&lt;b&gt;Contactos:&lt;b&gt;&lt;br&gt;</p>\n<p>Cordinador: Ing. Stalin Francis :&nbsp; 0801560517&lt;br&gt;</p>\n<p>Oficina de Postgrado: Ing. Miguel Cueva: 0961026380&lt;br&gt;</p>\n<p>&nbsp;</p>\n<p>&nbsp;</p>'),
(16, 373, 33, '2022-06-17', 2, '<p>Saludo &lt;b&gt;Mariana&lt;/b&gt;&lt;br&gt;</p>\n<p>Nos estamos renovando y preparando para iniciar la primera corte de la &lt;b&gt;Maestr&iacute;a en Tecnolog&iacute;a de la Informaci&oacute;n&lt;/b&gt;, las carpetas de los aspirantes a esta maestr&iacute;a estan siendo recibidas en la &lt;b&gt;Oficina de Postgrado&lt;b&gt; en la&nbsp; Sede Nuevos Horizontes.&lt;br&gt;</p>\n<p>Si estas leyendo este mensaje es por que tu estado actual es el siguiente:</p>\n<p>&nbsp;</p>\n<p>&lt;ol&gt;</p>\n<p>&lt;li&gt;Si ya entregaste tu carpeta solo debes esperar a que te llamemos para comenzar el proceso de admisi&oacute;n.&lt;/li&gt;</p>\n<p>&lt;li&gt;Si ya entregaste tu carpeta pero por la espera&nbsp; decidistes&nbsp; buscar otra alternativa,&nbsp; nos ayudar&iacute;a comunicanos de tu decision.&lt;/li&gt;</p>\n<p>&lt;li&gt;Si no has entragado tu carpeta a&uacute;n puedes hacerlo, hasta finales de este mes de junio.&lt;/li&gt;</p>\n<p>&lt;/ol&gt;</p>\n<p>Para m&aacute;s informaci&oacute;n de la maestria click &lt;a href=\" https://educaysoft.org/sica/MTI/doc/_build/html/\"&gt; Aqui&lt;/a&gt; &lt;br&gt;&lt;br&gt;</p>\n<p>&lt;b&gt;Contactos:&lt;b&gt;&lt;br&gt;</p>\n<p>Cordinador: Ing. Stalin Francis :&nbsp; 0801560517&lt;br&gt;</p>\n<p>Correos de&nbsp; Postgrados: &lt;br&gt;</p>\n<p>directora de postgrado ( johana.rodriguez@utelvt.edu.ec)&lt;br&gt;</p>\n<p>Recepci&oacute;n de carpetas (miguel.cueva.colorado@utelvt.edu.ec) &lt;br&gt;</p>\n<p>&nbsp;</p>\n<p>&nbsp;</p>'),
(17, 393, 33, '2022-06-17', 2, '<p>Saludo &lt;b&gt;Alex&lt;/b&gt;&lt;br&gt;</p>\n<p>Nos estamos renovando y preparando para iniciar la primera corte de la &lt;b&gt;Maestr&iacute;a en Tecnolog&iacute;a de la Informaci&oacute;n&lt;/b&gt;, las carpetas de los aspirantes a esta maestr&iacute;a estan siendo recibidas en la &lt;b&gt;Oficina de Postgrado&lt;b&gt; en la&nbsp; Sede Nuevos Horizontes.&lt;br&gt;</p>\n<p>Si estas leyendo este mensaje es por que tu estado actual es el siguiente:</p>\n<p>&nbsp;</p>\n<p>&lt;ol&gt;</p>\n<p>&lt;li&gt;Si ya entregaste tu carpeta solo debes esperar a que te llamemos para comenzar el proceso de admisi&oacute;n.&lt;/li&gt;</p>\n<p>&lt;li&gt;Si ya entregaste tu carpeta pero por la espera&nbsp; decidistes&nbsp; buscar otra alternativa,&nbsp; nos ayudar&iacute;a comunicanos de tu decision.&lt;/li&gt;</p>\n<p>&lt;li&gt;Si no has entragado tu carpeta a&uacute;n puedes hacerlo, hasta finales de este mes de junio.&lt;/li&gt;</p>\n<p>&lt;/ol&gt;</p>\n<p>Para m&aacute;s informaci&oacute;n de la maestria click &lt;a href=\" https://educaysoft.org/sica/MTI/doc/_build/html/\"&gt; Aqui&lt;/a&gt; &lt;br&gt;&lt;br&gt;</p>\n<p>&lt;b&gt;Contactos:&lt;b&gt;&lt;br&gt;</p>\n<p>Cordinador: Ing. Stalin Francis :&nbsp; 0801560517&lt;br&gt;</p>\n<p>Correos de&nbsp; Postgrados: &lt;br&gt;</p>\n<p>directora de postgrado ( johana.rodriguez@utelvt.edu.ec)&lt;br&gt;</p>\n<p>Recepci&oacute;n de carpetas (miguel.cueva.colorado@utelvt.edu.ec) &lt;br&gt;</p>\n<p>&nbsp;</p>'),
(18, 25, 33, '2022-06-17', 2, '<p>Saludo &lt;b&gt;Sonia&lt;/b&gt;&lt;br&gt;</p>\n<p>Nos estamos renovando y preparando para iniciar la primera corte de la &lt;b&gt;Maestr&iacute;a en Tecnolog&iacute;a de la Informaci&oacute;n&lt;/b&gt;, las carpetas de los aspirantes a esta maestr&iacute;a estan siendo recibidas en la &lt;b&gt;Oficina de Postgrado&lt;b&gt; en la&nbsp; Sede Nuevos Horizontes.&lt;br&gt;</p>\n<p>Si estas leyendo este mensaje es por que tu estado actual es el siguiente:</p>\n<p>&nbsp;</p>\n<p>&lt;ol&gt;</p>\n<p>&lt;li&gt;Si ya entregaste tu carpeta solo debes esperar a que te llamemos para comenzar el proceso de admisi&oacute;n.&lt;/li&gt;</p>\n<p>&lt;li&gt;Si ya entregaste tu carpeta pero por la espera&nbsp; decidistes&nbsp; buscar otra alternativa,&nbsp; nos ayudar&iacute;a comunicanos de tu decision.&lt;/li&gt;</p>\n<p>&lt;li&gt;Si no has entragado tu carpeta a&uacute;n puedes hacerlo, hasta finales de este mes de junio.&lt;/li&gt;</p>\n<p>&lt;/ol&gt;</p>\n<p>Para m&aacute;s informaci&oacute;n de la maestria click &lt;a href=\" https://educaysoft.org/sica/MTI/doc/_build/html/\"&gt; Aqui&lt;/a&gt; &lt;br&gt;&lt;br&gt;</p>\n<p>&lt;b&gt;Contactos:&lt;b&gt;&lt;br&gt;</p>\n<p>Cordinador: Ing. Stalin Francis :&nbsp; 0801560517&lt;br&gt;</p>\n<p>Correos de&nbsp; Postgrados: &lt;br&gt;</p>\n<p>directora de postgrado ( johana.rodriguez@utelvt.edu.ec)&lt;br&gt;</p>\n<p>Recepci&oacute;n de carpetas (miguel.cueva.colorado@utelvt.edu.ec) &lt;br&gt;</p>\n<p>&nbsp;</p>\n<p>&nbsp;</p>\n<p>&nbsp;</p>'),
(19, 13, 33, '2022-06-17', 2, '<p>Saludo &lt;b&gt;Wilson&lt;/b&gt;&lt;br&gt;</p>\n<p>Nos estamos renovando y preparando para iniciar la primera corte de la &lt;b&gt;Maestr&iacute;a en Tecnolog&iacute;a de la Informaci&oacute;n&lt;/b&gt;, las carpetas de los aspirantes a esta maestr&iacute;a estan siendo recibidas en la &lt;b&gt;Oficina de Postgrado&lt;b&gt; en la&nbsp; Sede Nuevos Horizontes.&lt;br&gt;</p>\n<p>Si estas leyendo este mensaje es por que tu estado actual es el siguiente:</p>\n<p>&nbsp;</p>\n<p>&lt;ol&gt;</p>\n<p>&lt;li&gt;Si ya entregaste tu carpeta solo debes esperar a que te llamemos para comenzar el proceso de admisi&oacute;n.&lt;/li&gt;</p>\n<p>&lt;li&gt;Si ya entregaste tu carpeta pero por la espera&nbsp; decidistes&nbsp; buscar otra alternativa,&nbsp; nos ayudar&iacute;a comunicanos de tu decision.&lt;/li&gt;</p>\n<p>&lt;li&gt;Si no has entragado tu carpeta a&uacute;n puedes hacerlo, hasta finales de este mes de junio.&lt;/li&gt;</p>\n<p>&lt;/ol&gt;</p>\n<p>Para m&aacute;s informaci&oacute;n de la maestria click &lt;a href=\" https://educaysoft.org/sica/MTI/doc/_build/html/\"&gt; Aqui&lt;/a&gt; &lt;br&gt;&lt;br&gt;</p>\n<p>&lt;b&gt;Contactos:&lt;b&gt;&lt;br&gt;</p>\n<p>Cordinador: Ing. Stalin Francis :&nbsp; 0801560517&lt;br&gt;</p>\n<p>Correos de&nbsp; Postgrados: &lt;br&gt;</p>\n<p>directora de postgrado ( johana.rodriguez@utelvt.edu.ec)&lt;br&gt;</p>\n<p>Recepci&oacute;n de carpetas (miguel.cueva.colorado@utelvt.edu.ec) &lt;br&gt;</p>\n<p>&nbsp;</p>\n<p>&nbsp;</p>\n<p>&nbsp;</p>'),
(20, 10, 33, '2022-06-17', 2, '<p>Saludo &lt;b&gt;Roxana&lt;/b&gt;&lt;br&gt;</p>\n<p>Nos estamos renovando y preparando para iniciar la primera corte de la &lt;b&gt;Maestr&iacute;a en Tecnolog&iacute;a de la Informaci&oacute;n&lt;/b&gt;, las carpetas de los aspirantes a esta maestr&iacute;a estan siendo recibidas en la &lt;b&gt;Oficina de Postgrado&lt;b&gt; en la&nbsp; Sede Nuevos Horizontes.&lt;br&gt;</p>\n<p>Si estas leyendo este mensaje es por que tu estado actual es el siguiente:</p>\n<p>&nbsp;</p>\n<p>&lt;ol&gt;</p>\n<p>&lt;li&gt;Si ya entregaste tu carpeta solo debes esperar a que te llamemos para comenzar el proceso de admisi&oacute;n.&lt;/li&gt;</p>\n<p>&lt;li&gt;Si ya entregaste tu carpeta pero por la espera&nbsp; decidistes&nbsp; buscar otra alternativa,&nbsp; nos ayudar&iacute;a comunicanos de tu decision.&lt;/li&gt;</p>\n<p>&lt;li&gt;Si no has entragado tu carpeta a&uacute;n puedes hacerlo, hasta finales de este mes de junio.&lt;/li&gt;</p>\n<p>&lt;/ol&gt;</p>\n<p>Para m&aacute;s informaci&oacute;n de la maestria click &lt;a href=\" https://educaysoft.org/sica/MTI/doc/_build/html/\"&gt; Aqui&lt;/a&gt; &lt;br&gt;&lt;br&gt;</p>\n<p>&lt;b&gt;Contactos:&lt;b&gt;&lt;br&gt;</p>\n<p>Cordinador: Ing. Stalin Francis :&nbsp; 0801560517&lt;br&gt;</p>\n<p>Correos de&nbsp; Postgrados: &lt;br&gt;</p>\n<p>directora de postgrado ( johana.rodriguez@utelvt.edu.ec)&lt;br&gt;</p>\n<p>Recepci&oacute;n de carpetas (miguel.cueva.colorado@utelvt.edu.ec) &lt;br&gt;</p>\n<p>&nbsp;</p>\n<p>&nbsp;</p>'),
(21, 11, 33, '2022-06-17', 2, '<p>Saludo &lt;b&gt;Cruz&lt;/b&gt;&lt;br&gt;</p>\n<p>Nos estamos renovando y preparando para iniciar la primera corte de la &lt;b&gt;Maestr&iacute;a en Tecnolog&iacute;a de la Informaci&oacute;n&lt;/b&gt;, las carpetas de los aspirantes a esta maestr&iacute;a estan siendo recibidas en la &lt;b&gt;Oficina de Postgrado&lt;b&gt; en la&nbsp; Sede Nuevos Horizontes.&lt;br&gt;</p>\n<p>Si estas leyendo este mensaje es por que tu estado actual es el siguiente:</p>\n<p>&nbsp;</p>\n<p>&lt;ol&gt;</p>\n<p>&lt;li&gt;Si ya entregaste tu carpeta solo debes esperar a que te llamemos para comenzar el proceso de admisi&oacute;n.&lt;/li&gt;</p>\n<p>&lt;li&gt;Si ya entregaste tu carpeta pero por la espera&nbsp; decidistes&nbsp; buscar otra alternativa,&nbsp; nos ayudar&iacute;a comunicanos de tu decision.&lt;/li&gt;</p>\n<p>&lt;li&gt;Si no has entragado tu carpeta a&uacute;n puedes hacerlo, hasta finales de este mes de junio.&lt;/li&gt;</p>\n<p>&lt;/ol&gt;</p>\n<p>Para m&aacute;s informaci&oacute;n de la maestria click &lt;a href=\" https://educaysoft.org/sica/MTI/doc/_build/html/\"&gt; Aqui&lt;/a&gt; &lt;br&gt;&lt;br&gt;</p>\n<p>&lt;b&gt;Contactos:&lt;b&gt;&lt;br&gt;</p>\n<p>Cordinador: Ing. Stalin Francis :&nbsp; 0801560517&lt;br&gt;</p>\n<p>Correos de&nbsp; Postgrados: &lt;br&gt;</p>\n<p>directora de postgrado ( johana.rodriguez@utelvt.edu.ec)&lt;br&gt;</p>\n<p>Recepci&oacute;n de carpetas (miguel.cueva.colorado@utelvt.edu.ec) &lt;br&gt;</p>\n<p>&nbsp;</p>\n<p>&nbsp;</p>'),
(22, 159, 33, '2022-06-17', 2, '<p>Saludo &lt;b&gt;Kevin&lt;/b&gt;&lt;br&gt;</p>\n<p>Nos estamos renovando y preparando para iniciar la primera corte de la &lt;b&gt;Maestr&iacute;a en Tecnolog&iacute;a de la Informaci&oacute;n&lt;/b&gt;, las carpetas de los aspirantes a esta maestr&iacute;a estan siendo recibidas en la &lt;b&gt;Oficina de Postgrado&lt;b&gt; en la&nbsp; Sede Nuevos Horizontes.&lt;br&gt;</p>\n<p>Si estas leyendo este mensaje es por que tu estado actual es el siguiente:</p>\n<p>&nbsp;</p>\n<p>&lt;ol&gt;</p>\n<p>&lt;li&gt;Si ya entregaste tu carpeta solo debes esperar a que te llamemos para comenzar el proceso de admisi&oacute;n.&lt;/li&gt;</p>\n<p>&lt;li&gt;Si ya entregaste tu carpeta pero por la espera&nbsp; decidistes&nbsp; buscar otra alternativa,&nbsp; nos ayudar&iacute;a comunicanos de tu decision.&lt;/li&gt;</p>\n<p>&lt;li&gt;Si no has entragado tu carpeta a&uacute;n puedes hacerlo, hasta finales de este mes de junio.&lt;/li&gt;</p>\n<p>&lt;/ol&gt;</p>\n<p>Para m&aacute;s informaci&oacute;n de la maestria click &lt;a href=\" https://educaysoft.org/sica/MTI/doc/_build/html/\"&gt; Aqui&lt;/a&gt; &lt;br&gt;&lt;br&gt;</p>\n<p>&lt;b&gt;Contactos:&lt;b&gt;&lt;br&gt;</p>\n<p>Cordinador: Ing. Stalin Francis :&nbsp; 0801560517&lt;br&gt;</p>\n<p>Correos de&nbsp; Postgrados: &lt;br&gt;</p>\n<p>directora de postgrado ( johana.rodriguez@utelvt.edu.ec)&lt;br&gt;</p>\n<p>Recepci&oacute;n de carpetas (miguel.cueva.colorado@utelvt.edu.ec) &lt;br&gt;</p>\n<p>&nbsp;</p>'),
(23, 19, 33, '2022-06-17', 2, '<p>Saludo &lt;b&gt;Yamil&lt;/b&gt;&lt;br&gt;</p>\n<p>Nos estamos renovando y preparando para iniciar la primera corte de la &lt;b&gt;Maestr&iacute;a en Tecnolog&iacute;a de la Informaci&oacute;n&lt;/b&gt;, las carpetas de los aspirantes a esta maestr&iacute;a estan siendo recibidas en la &lt;b&gt;Oficina de Postgrado&lt;b&gt; en la&nbsp; Sede Nuevos Horizontes.&lt;br&gt;</p>\n<p>Si estas leyendo este mensaje es por que tu estado actual es el siguiente:</p>\n<p>&nbsp;</p>\n<p>&lt;ol&gt;</p>\n<p>&lt;li&gt;Si ya entregaste tu carpeta solo debes esperar a que te llamemos para comenzar el proceso de admisi&oacute;n.&lt;/li&gt;</p>\n<p>&lt;li&gt;Si ya entregaste tu carpeta pero por la espera&nbsp; decidistes&nbsp; buscar otra alternativa,&nbsp; nos ayudar&iacute;a comunicanos de tu decision.&lt;/li&gt;</p>\n<p>&lt;li&gt;Si no has entragado tu carpeta a&uacute;n puedes hacerlo, hasta finales de este mes de junio.&lt;/li&gt;</p>\n<p>&lt;/ol&gt;</p>\n<p>Para m&aacute;s informaci&oacute;n de la maestria click &lt;a href=\" https://educaysoft.org/sica/MTI/doc/_build/html/\"&gt; Aqui&lt;/a&gt; &lt;br&gt;&lt;br&gt;</p>\n<p>&lt;b&gt;Contactos:&lt;b&gt;&lt;br&gt;</p>\n<p>Cordinador: Ing. Stalin Francis :&nbsp; 0801560517&lt;br&gt;</p>\n<p>Correos de&nbsp; Postgrados: &lt;br&gt;</p>\n<p>directora de postgrado ( johana.rodriguez@utelvt.edu.ec)&lt;br&gt;</p>\n<p>Recepci&oacute;n de carpetas (miguel.cueva.colorado@utelvt.edu.ec) &lt;br&gt;</p>\n<p>&nbsp;</p>\n<p>&nbsp;</p>'),
(24, 394, 33, '2022-06-17', 2, '<p>Saludo &lt;b&gt;Roberto&lt;/b&gt;&lt;br&gt;</p>\n<p>Nos estamos renovando y preparando para iniciar la primera corte de la &lt;b&gt;Maestr&iacute;a en Tecnolog&iacute;a de la Informaci&oacute;n&lt;/b&gt;, las carpetas de los aspirantes a esta maestr&iacute;a estan siendo recibidas en la &lt;b&gt;Oficina de Postgrado&lt;b&gt; en la&nbsp; Sede Nuevos Horizontes.&lt;br&gt;</p>\n<p>Si estas leyendo este mensaje es por que tu estado actual es el siguiente:</p>\n<p>&nbsp;</p>\n<p>&lt;ol&gt;</p>\n<p>&lt;li&gt;Si ya entregaste tu carpeta solo debes esperar a que te llamemos para comenzar el proceso de admisi&oacute;n.&lt;/li&gt;</p>\n<p>&lt;li&gt;Si ya entregaste tu carpeta pero por la espera&nbsp; decidistes&nbsp; buscar otra alternativa,&nbsp; nos ayudar&iacute;a comunicanos de tu decision.&lt;/li&gt;</p>\n<p>&lt;li&gt;Si no has entragado tu carpeta a&uacute;n puedes hacerlo, hasta finales de este mes de junio.&lt;/li&gt;</p>\n<p>&lt;/ol&gt;</p>\n<p>Para m&aacute;s informaci&oacute;n de la maestria click &lt;a href=\" https://educaysoft.org/sica/MTI/doc/_build/html/\"&gt; Aqui&lt;/a&gt; &lt;br&gt;&lt;br&gt;</p>\n<p>&lt;b&gt;Contactos:&lt;b&gt;&lt;br&gt;</p>\n<p>Cordinador: Ing. Stalin Francis :&nbsp; 0801560517&lt;br&gt;</p>\n<p>Correos de&nbsp; Postgrados: &lt;br&gt;</p>\n<p>directora de postgrado ( johana.rodriguez@utelvt.edu.ec)&lt;br&gt;</p>\n<p>Recepci&oacute;n de carpetas (miguel.cueva.colorado@utelvt.edu.ec) &lt;br&gt;</p>\n<p>&nbsp;</p>\n<p>&nbsp;</p>'),
(25, 17, 33, '2022-06-17', 2, '<p>Saludo &lt;b&gt;Cesar&lt;/b&gt;&lt;br&gt;</p>\n<p>Nos estamos renovando y preparando para iniciar la primera corte de la &lt;b&gt;Maestr&iacute;a en Tecnolog&iacute;a de la Informaci&oacute;n&lt;/b&gt;, las carpetas de los aspirantes a esta maestr&iacute;a estan siendo recibidas en la &lt;b&gt;Oficina de Postgrado&lt;b&gt; en la&nbsp; Sede Nuevos Horizontes.&lt;br&gt;</p>\n<p>Si estas leyendo este mensaje es por que tu estado actual es el siguiente:</p>\n<p>&nbsp;</p>\n<p>&lt;ol&gt;</p>\n<p>&lt;li&gt;Si ya entregaste tu carpeta solo debes esperar a que te llamemos para comenzar el proceso de admisi&oacute;n.&lt;/li&gt;</p>\n<p>&lt;li&gt;Si ya entregaste tu carpeta pero por la espera&nbsp; decidistes&nbsp; buscar otra alternativa,&nbsp; nos ayudar&iacute;a comunicanos de tu decision.&lt;/li&gt;</p>\n<p>&lt;li&gt;Si no has entragado tu carpeta a&uacute;n puedes hacerlo, hasta finales de este mes de junio.&lt;/li&gt;</p>\n<p>&lt;/ol&gt;</p>\n<p>Para m&aacute;s informaci&oacute;n de la maestria click &lt;a href=\" https://educaysoft.org/sica/MTI/doc/_build/html/\"&gt; Aqui&lt;/a&gt; &lt;br&gt;&lt;br&gt;</p>\n<p>&lt;b&gt;Contactos:&lt;b&gt;&lt;br&gt;</p>\n<p>Cordinador: Ing. Stalin Francis :&nbsp; 0801560517&lt;br&gt;</p>\n<p>Correos de&nbsp; Postgrados: &lt;br&gt;</p>\n<p>directora de postgrado ( johana.rodriguez@utelvt.edu.ec)&lt;br&gt;</p>\n<p>Recepci&oacute;n de carpetas (miguel.cueva.colorado@utelvt.edu.ec) &lt;br&gt;</p>\n<p>&nbsp;</p>\n<p>&nbsp;</p>\n<p>&nbsp;</p>'),
(26, 28, 33, '2022-06-17', 2, '<p>Saludo &lt;b&gt;Jacson&lt;/b&gt;&lt;br&gt;</p>\n<p>Nos estamos renovando y preparando para iniciar la primera corte de la &lt;b&gt;Maestr&iacute;a en Tecnolog&iacute;a de la Informaci&oacute;n&lt;/b&gt;, las carpetas de los aspirantes a esta maestr&iacute;a estan siendo recibidas en la &lt;b&gt;Oficina de Postgrado&lt;b&gt; en la&nbsp; Sede Nuevos Horizontes.&lt;br&gt;</p>\n<p>Si estas leyendo este mensaje es por que tu estado actual es el siguiente:</p>\n<p>&nbsp;</p>\n<p>&lt;ol&gt;</p>\n<p>&lt;li&gt;Si ya entregaste tu carpeta solo debes esperar a que te llamemos para comenzar el proceso de admisi&oacute;n.&lt;/li&gt;</p>\n<p>&lt;li&gt;Si ya entregaste tu carpeta pero por la espera&nbsp; decidistes&nbsp; buscar otra alternativa,&nbsp; nos ayudar&iacute;a comunicanos de tu decision.&lt;/li&gt;</p>\n<p>&lt;li&gt;Si no has entragado tu carpeta a&uacute;n puedes hacerlo, hasta finales de este mes de junio.&lt;/li&gt;</p>\n<p>&lt;/ol&gt;</p>\n<p>Para m&aacute;s informaci&oacute;n de la maestria click &lt;a href=\" https://educaysoft.org/sica/MTI/doc/_build/html/\"&gt; Aqui&lt;/a&gt; &lt;br&gt;&lt;br&gt;</p>\n<p>&lt;b&gt;Contactos:&lt;b&gt;&lt;br&gt;</p>\n<p>Cordinador: Ing. Stalin Francis :&nbsp; 0801560517&lt;br&gt;</p>\n<p>Correos de&nbsp; Postgrados: &lt;br&gt;</p>\n<p>directora de postgrado ( johana.rodriguez@utelvt.edu.ec)&lt;br&gt;</p>\n<p>Recepci&oacute;n de carpetas (miguel.cueva.colorado@utelvt.edu.ec) &lt;br&gt;</p>\n<p>&nbsp;</p>\n<p>&nbsp;</p>'),
(27, 374, 33, '2022-06-17', 2, '<p>Saludo &lt;b&gt;Nedelke&lt;/b&gt;&lt;br&gt;</p>\n<p>Nos estamos renovando y preparando para iniciar la primera corte de la &lt;b&gt;Maestr&iacute;a en Tecnolog&iacute;a de la Informaci&oacute;n&lt;/b&gt;, las carpetas de los aspirantes a esta maestr&iacute;a estan siendo recibidas en la &lt;b&gt;Oficina de Postgrado&lt;b&gt; en la&nbsp; Sede Nuevos Horizontes.&lt;br&gt;</p>\n<p>Si estas leyendo este mensaje es por que tu estado actual es el siguiente:</p>\n<p>&nbsp;</p>\n<p>&lt;ol&gt;</p>\n<p>&lt;li&gt;Si ya entregaste tu carpeta solo debes esperar a que te llamemos para comenzar el proceso de admisi&oacute;n.&lt;/li&gt;</p>\n<p>&lt;li&gt;Si ya entregaste tu carpeta pero por la espera&nbsp; decidistes&nbsp; buscar otra alternativa,&nbsp; nos ayudar&iacute;a comunicanos de tu decision.&lt;/li&gt;</p>\n<p>&lt;li&gt;Si no has entragado tu carpeta a&uacute;n puedes hacerlo, hasta finales de este mes de junio.&lt;/li&gt;</p>\n<p>&lt;/ol&gt;</p>\n<p>Para m&aacute;s informaci&oacute;n de la maestria click &lt;a href=\" https://educaysoft.org/sica/MTI/doc/_build/html/\"&gt; Aqui&lt;/a&gt; &lt;br&gt;&lt;br&gt;</p>\n<p>&lt;b&gt;Contactos:&lt;b&gt;&lt;br&gt;</p>\n<p>Cordinador: Ing. Stalin Francis :&nbsp; 0801560517&lt;br&gt;</p>\n<p>Correos de&nbsp; Postgrados: &lt;br&gt;</p>\n<p>directora de postgrado ( johana.rodriguez@utelvt.edu.ec)&lt;br&gt;</p>\n<p>Recepci&oacute;n de carpetas (miguel.cueva.colorado@utelvt.edu.ec) &lt;br&gt;</p>\n<p>&nbsp;</p>'),
(28, 410, 33, '2022-06-17', 2, '<p>Saludo &lt;b&gt;Cecilia&lt;/b&gt;&lt;br&gt;</p>\n<p>Nos estamos renovando y preparando para iniciar la primera corte de la &lt;b&gt;Maestr&iacute;a en Tecnolog&iacute;a de la Informaci&oacute;n&lt;/b&gt;, las carpetas de los aspirantes a esta maestr&iacute;a estan siendo recibidas en la &lt;b&gt;Oficina de Postgrado&lt;b&gt; en la&nbsp; Sede Nuevos Horizontes.&lt;br&gt;</p>\n<p>Si estas leyendo este mensaje es por que tu estado actual es el siguiente:</p>\n<p>&nbsp;</p>\n<p>&lt;ol&gt;</p>\n<p>&lt;li&gt;Si ya entregaste tu carpeta solo debes esperar a que te llamemos para comenzar el proceso de admisi&oacute;n.&lt;/li&gt;</p>\n<p>&lt;li&gt;Si ya entregaste tu carpeta pero por la espera&nbsp; decidistes&nbsp; buscar otra alternativa,&nbsp; nos ayudar&iacute;a comunicanos de tu decision.&lt;/li&gt;</p>\n<p>&lt;li&gt;Si no has entragado tu carpeta a&uacute;n puedes hacerlo, hasta finales de este mes de junio.&lt;/li&gt;</p>\n<p>&lt;/ol&gt;</p>\n<p>Para m&aacute;s informaci&oacute;n de la maestria click &lt;a href=\" https://educaysoft.org/sica/MTI/doc/_build/html/\"&gt; Aqui&lt;/a&gt; &lt;br&gt;&lt;br&gt;</p>\n<p>&lt;b&gt;Contactos:&lt;b&gt;&lt;br&gt;</p>\n<p>Cordinador: Ing. Stalin Francis :&nbsp; 0801560517&lt;br&gt;</p>\n<p>Correos de&nbsp; Postgrados: &lt;br&gt;</p>\n<p>directora de postgrado ( johana.rodriguez@utelvt.edu.ec)&lt;br&gt;</p>\n<p>Recepci&oacute;n de carpetas (miguel.cueva.colorado@utelvt.edu.ec) &lt;br&gt;</p>\n<p>&nbsp;</p>\n<p>&nbsp;</p>'),
(29, 20, 33, '2022-06-17', 2, '<p>Saludo &lt;b&gt;Gerardo&lt;/b&gt;&lt;br&gt;</p>\n<p>Nos estamos renovando y preparando para iniciar la primera corte de la &lt;b&gt;Maestr&iacute;a en Tecnolog&iacute;a de la Informaci&oacute;n&lt;/b&gt;, las carpetas de los aspirantes a esta maestr&iacute;a estan siendo recibidas en la &lt;b&gt;Oficina de Postgrado&lt;b&gt; en la&nbsp; Sede Nuevos Horizontes.&lt;br&gt;</p>\n<p>Si estas leyendo este mensaje es por que tu estado actual es el siguiente:</p>\n<p>&nbsp;</p>\n<p>&lt;ol&gt;</p>\n<p>&lt;li&gt;Si ya entregaste tu carpeta solo debes esperar a que te llamemos para comenzar el proceso de admisi&oacute;n.&lt;/li&gt;</p>\n<p>&lt;li&gt;Si ya entregaste tu carpeta pero por la espera&nbsp; decidistes&nbsp; buscar otra alternativa,&nbsp; nos ayudar&iacute;a comunicanos de tu decision.&lt;/li&gt;</p>\n<p>&lt;li&gt;Si no has entragado tu carpeta a&uacute;n puedes hacerlo, hasta finales de este mes de junio.&lt;/li&gt;</p>\n<p>&lt;/ol&gt;</p>\n<p>Para m&aacute;s informaci&oacute;n de la maestria click &lt;a href=\" https://educaysoft.org/sica/MTI/doc/_build/html/\"&gt; Aqui&lt;/a&gt; &lt;br&gt;&lt;br&gt;</p>\n<p>&lt;b&gt;Contactos:&lt;b&gt;&lt;br&gt;</p>\n<p>Cordinador: Ing. Stalin Francis :&nbsp; 0801560517&lt;br&gt;</p>\n<p>Correos de&nbsp; Postgrados: &lt;br&gt;</p>\n<p>directora de postgrado ( johana.rodriguez@utelvt.edu.ec)&lt;br&gt;</p>\n<p>Recepci&oacute;n de carpetas (miguel.cueva.colorado@utelvt.edu.ec) &lt;br&gt;</p>\n<p>&nbsp;</p>\n<p>&nbsp;</p>\n<p>&nbsp;</p>'),
(30, 21, 33, '2022-06-17', 2, '<p>Saludo &lt;b&gt;Geovany&lt;/b&gt;&lt;br&gt;</p>\n<p>Nos estamos renovando y preparando para iniciar la primera corte de la &lt;b&gt;Maestr&iacute;a en Tecnolog&iacute;a de la Informaci&oacute;n&lt;/b&gt;, las carpetas de los aspirantes a esta maestr&iacute;a estan siendo recibidas en la &lt;b&gt;Oficina de Postgrado&lt;b&gt; en la&nbsp; Sede Nuevos Horizontes.&lt;br&gt;</p>\n<p>Si estas leyendo este mensaje es por que tu estado actual es el siguiente:</p>\n<p>&nbsp;</p>\n<p>&lt;ol&gt;</p>\n<p>&lt;li&gt;Si ya entregaste tu carpeta solo debes esperar a que te llamemos para comenzar el proceso de admisi&oacute;n.&lt;/li&gt;</p>\n<p>&lt;li&gt;Si ya entregaste tu carpeta pero por la espera&nbsp; decidistes&nbsp; buscar otra alternativa,&nbsp; nos ayudar&iacute;a comunicanos de tu decision.&lt;/li&gt;</p>\n<p>&lt;li&gt;Si no has entragado tu carpeta a&uacute;n puedes hacerlo, hasta finales de este mes de junio.&lt;/li&gt;</p>\n<p>&lt;/ol&gt;</p>\n<p>Para m&aacute;s informaci&oacute;n de la maestria click &lt;a href=\" https://educaysoft.org/sica/MTI/doc/_build/html/\"&gt; Aqui&lt;/a&gt; &lt;br&gt;&lt;br&gt;</p>\n<p>&lt;b&gt;Contactos:&lt;b&gt;&lt;br&gt;</p>\n<p>Cordinador: Ing. Stalin Francis :&nbsp; 0801560517&lt;br&gt;</p>\n<p>Correos de&nbsp; Postgrados: &lt;br&gt;</p>\n<p>directora de postgrado ( johana.rodriguez@utelvt.edu.ec)&lt;br&gt;</p>\n<p>Recepci&oacute;n de carpetas (miguel.cueva.colorado@utelvt.edu.ec) &lt;br&gt;</p>\n<p>&nbsp;</p>\n<p>&nbsp;</p>\n<p>&nbsp;</p>');
INSERT INTO `seguimiento` (`idseguimiento`, `idpersona`, `idevento`, `fecha`, `idtiposeguimiento`, `comentario`) VALUES
(31, 18, 33, '2022-06-17', 2, '<p>Saludo &lt;b&gt;Byron&lt;/b&gt;&lt;br&gt;</p>\n<p>Nos estamos renovando y preparando para iniciar la primera corte de la &lt;b&gt;Maestr&iacute;a en Tecnolog&iacute;a de la Informaci&oacute;n&lt;/b&gt;, las carpetas de los aspirantes a esta maestr&iacute;a estan siendo recibidas en la &lt;b&gt;Oficina de Postgrado&lt;b&gt; en la&nbsp; Sede Nuevos Horizontes.&lt;br&gt;</p>\n<p>Si estas leyendo este mensaje es por que tu estado actual es el siguiente:</p>\n<p>&nbsp;</p>\n<p>&lt;ol&gt;</p>\n<p>&lt;li&gt;Si ya entregaste tu carpeta solo debes esperar a que te llamemos para comenzar el proceso de admisi&oacute;n.&lt;/li&gt;</p>\n<p>&lt;li&gt;Si ya entregaste tu carpeta pero por la espera&nbsp; decidistes&nbsp; buscar otra alternativa,&nbsp; nos ayudar&iacute;a comunicanos de tu decision.&lt;/li&gt;</p>\n<p>&lt;li&gt;Si no has entragado tu carpeta a&uacute;n puedes hacerlo, hasta finales de este mes de junio.&lt;/li&gt;</p>\n<p>&lt;/ol&gt;</p>\n<p>Para m&aacute;s informaci&oacute;n de la maestria click &lt;a href=\" https://educaysoft.org/sica/MTI/doc/_build/html/\"&gt; Aqui&lt;/a&gt; &lt;br&gt;&lt;br&gt;</p>\n<p>&lt;b&gt;Contactos:&lt;b&gt;&lt;br&gt;</p>\n<p>Cordinador: Ing. Stalin Francis :&nbsp; 0801560517&lt;br&gt;</p>\n<p>Correos de&nbsp; Postgrados: &lt;br&gt;</p>\n<p>directora de postgrado ( johana.rodriguez@utelvt.edu.ec)&lt;br&gt;</p>\n<p>Recepci&oacute;n de carpetas (miguel.cueva.colorado@utelvt.edu.ec) &lt;br&gt;</p>\n<p>&nbsp;</p>\n<p>&nbsp;</p>\n<p>&nbsp;</p>'),
(32, 27, 33, '2022-06-17', 2, '<p>Saludo &lt;b&gt;Victor&lt;/b&gt;&lt;br&gt;</p>\n<p>Nos estamos renovando y preparando para iniciar la primera corte de la &lt;b&gt;Maestr&iacute;a en Tecnolog&iacute;a de la Informaci&oacute;n&lt;/b&gt;, las carpetas de los aspirantes a esta maestr&iacute;a estan siendo recibidas en la &lt;b&gt;Oficina de Postgrado&lt;b&gt; en la&nbsp; Sede Nuevos Horizontes.&lt;br&gt;</p>\n<p>Si estas leyendo este mensaje es por que tu estado actual es el siguiente:</p>\n<p>&nbsp;</p>\n<p>&lt;ol&gt;</p>\n<p>&lt;li&gt;Si ya entregaste tu carpeta solo debes esperar a que te llamemos para comenzar el proceso de admisi&oacute;n.&lt;/li&gt;</p>\n<p>&lt;li&gt;Si ya entregaste tu carpeta pero por la espera&nbsp; decidistes&nbsp; buscar otra alternativa,&nbsp; nos ayudar&iacute;a comunicanos de tu decision.&lt;/li&gt;</p>\n<p>&lt;li&gt;Si no has entragado tu carpeta a&uacute;n puedes hacerlo, hasta finales de este mes de junio.&lt;/li&gt;</p>\n<p>&lt;/ol&gt;</p>\n<p>Para m&aacute;s informaci&oacute;n de la maestria click &lt;a href=\" https://educaysoft.org/sica/MTI/doc/_build/html/\"&gt; Aqui&lt;/a&gt; &lt;br&gt;&lt;br&gt;</p>\n<p>&lt;b&gt;Contactos:&lt;b&gt;&lt;br&gt;</p>\n<p>Cordinador: Ing. Stalin Francis :&nbsp; 0801560517&lt;br&gt;</p>\n<p>Correos de&nbsp; Postgrados: &lt;br&gt;</p>\n<p>Cordinador: Ing. Stalin Francis :&nbsp; 0801560517&lt;br&gt;</p>\n<p>Correos de&nbsp; Postgrados: &lt;br&gt;</p>\n<p>directora de postgrado ( johana.rodriguez@utelvt.edu.ec)&lt;br&gt;</p>\n<p>Recepci&oacute;n de carpetas (miguel.cueva.colorado@utelvt.edu.ec) &lt;br&gt;</p>\n<p>&nbsp;</p>\n<p>&nbsp;</p>\n<p>&nbsp;</p>'),
(33, 24, 33, '2022-06-17', 2, '<p>Saludo &lt;b&gt;Maria Nela&lt;/b&gt;&lt;br&gt;</p>\n<p>Nos estamos renovando y preparando para iniciar la primera corte de la &lt;b&gt;Maestr&iacute;a en Tecnolog&iacute;a de la Informaci&oacute;n&lt;/b&gt;, las carpetas de los aspirantes a esta maestr&iacute;a estan siendo recibidas en la &lt;b&gt;Oficina de Postgrado&lt;b&gt; en la&nbsp; Sede Nuevos Horizontes.&lt;br&gt;</p>\n<p>Si estas leyendo este mensaje es por que tu estado actual es el siguiente:</p>\n<p>&nbsp;</p>\n<p>&lt;ol&gt;</p>\n<p>&lt;li&gt;Si ya entregaste tu carpeta solo debes esperar a que te llamemos para comenzar el proceso de admisi&oacute;n.&lt;/li&gt;</p>\n<p>&lt;li&gt;Si ya entregaste tu carpeta pero por la espera&nbsp; decidistes&nbsp; buscar otra alternativa,&nbsp; nos ayudar&iacute;a comunicanos de tu decision.&lt;/li&gt;</p>\n<p>&lt;li&gt;Si no has entragado tu carpeta a&uacute;n puedes hacerlo, hasta finales de este mes de junio.&lt;/li&gt;</p>\n<p>&lt;/ol&gt;</p>\n<p>Para m&aacute;s informaci&oacute;n de la maestria click &lt;a href=\" https://educaysoft.org/sica/MTI/doc/_build/html/\"&gt; Aqui&lt;/a&gt; &lt;br&gt;&lt;br&gt;</p>\n<p>&lt;b&gt;Contactos:&lt;b&gt;&lt;br&gt;</p>\n<p>Cordinador: Ing. Stalin Francis :&nbsp; 0801560517&lt;br&gt;</p>\n<p>Correos de&nbsp; Postgrados: &lt;br&gt;</p>\n<p>directora de postgrado ( johana.rodriguez@utelvt.edu.ec)&lt;br&gt;</p>\n<p>Recepci&oacute;n de carpetas (miguel.cueva.colorado@utelvt.edu.ec) &lt;br&gt;</p>\n<p>&nbsp;</p>\n<p>&nbsp;</p>\n<p>&nbsp;</p>'),
(34, 26, 33, '2022-06-17', 2, '<p>Saludo &lt;b&gt;Ingrid&lt;/b&gt;&lt;br&gt;</p>\n<p>Nos estamos renovando y preparando para iniciar la primera corte de la &lt;b&gt;Maestr&iacute;a en Tecnolog&iacute;a de la Informaci&oacute;n&lt;/b&gt;, las carpetas de los aspirantes a esta maestr&iacute;a estan siendo recibidas en la &lt;b&gt;Oficina de Postgrado&lt;b&gt; en la&nbsp; Sede Nuevos Horizontes.&lt;br&gt;</p>\n<p>Si estas leyendo este mensaje es por que tu estado actual es el siguiente:</p>\n<p>&nbsp;</p>\n<p>&lt;ol&gt;</p>\n<p>&lt;li&gt;Si ya entregaste tu carpeta solo debes esperar a que te llamemos para comenzar el proceso de admisi&oacute;n.&lt;/li&gt;</p>\n<p>&lt;li&gt;Si ya entregaste tu carpeta pero por la espera&nbsp; decidistes&nbsp; buscar otra alternativa,&nbsp; nos ayudar&iacute;a comunicanos de tu decision.&lt;/li&gt;</p>\n<p>&lt;li&gt;Si no has entragado tu carpeta a&uacute;n puedes hacerlo, hasta finales de este mes de junio.&lt;/li&gt;</p>\n<p>&lt;/ol&gt;</p>\n<p>Para m&aacute;s informaci&oacute;n de la maestria click &lt;a href=\" https://educaysoft.org/sica/MTI/doc/_build/html/\"&gt; Aqui&lt;/a&gt; &lt;br&gt;&lt;br&gt;</p>\n<p>&lt;b&gt;Contactos:&lt;b&gt;&lt;br&gt;</p>\n<p>Cordinador: Ing. Stalin Francis :&nbsp; 0801560517&lt;br&gt;</p>\n<p>Correos de&nbsp; Postgrados: &lt;br&gt;</p>\n<p>directora de postgrado ( johana.rodriguez@utelvt.edu.ec)&lt;br&gt;</p>\n<p>Recepci&oacute;n de carpetas (miguel.cueva.colorado@utelvt.edu.ec) &lt;br&gt;</p>\n<p>&nbsp;</p>\n<p>&nbsp;</p>'),
(35, 16, 33, '2022-06-17', 2, '<p>Saludo &lt;b&gt;Rafael&lt;/b&gt;&lt;br&gt;</p>\n<p>Nos estamos renovando y preparando para iniciar la primera corte de la &lt;b&gt;Maestr&iacute;a en Tecnolog&iacute;a de la Informaci&oacute;n&lt;/b&gt;, las carpetas de los aspirantes a esta maestr&iacute;a estan siendo recibidas en la &lt;b&gt;Oficina de Postgrado&lt;b&gt; en la&nbsp; Sede Nuevos Horizontes.&lt;br&gt;</p>\n<p>Si estas leyendo este mensaje es por que tu estado actual es el siguiente:</p>\n<p>&nbsp;</p>\n<p>&lt;ol&gt;</p>\n<p>&lt;li&gt;Si ya entregaste tu carpeta solo debes esperar a que te llamemos para comenzar el proceso de admisi&oacute;n.&lt;/li&gt;</p>\n<p>&lt;li&gt;Si ya entregaste tu carpeta pero por la espera&nbsp; decidistes&nbsp; buscar otra alternativa,&nbsp; nos ayudar&iacute;a comunicanos de tu decision.&lt;/li&gt;</p>\n<p>&lt;li&gt;Si no has entragado tu carpeta a&uacute;n puedes hacerlo, hasta finales de este mes de junio.&lt;/li&gt;</p>\n<p>&lt;/ol&gt;</p>\n<p>Para m&aacute;s informaci&oacute;n de la maestria click &lt;a href=\" https://educaysoft.org/sica/MTI/doc/_build/html/\"&gt; Aqui&lt;/a&gt; &lt;br&gt;&lt;br&gt;</p>\n<p>&lt;b&gt;Contactos:&lt;b&gt;&lt;br&gt;</p>\n<p>Cordinador: Ing. Stalin Francis :&nbsp; 0801560517&lt;br&gt;</p>\n<p>Correos de&nbsp; Postgrados: &lt;br&gt;</p>\n<p>directora de postgrado ( johana.rodriguez@utelvt.edu.ec)&lt;br&gt;</p>\n<p>Recepci&oacute;n de carpetas (miguel.cueva.colorado@utelvt.edu.ec) &lt;br&gt;</p>\n<p>&nbsp;</p>\n<p>&nbsp;</p>\n<p>&nbsp;</p>'),
(36, 23, 33, '2022-06-17', 2, '<p>Saludo &lt;b&gt;Patricio&lt;/b&gt;&lt;br&gt;</p>\n<p>Nos estamos renovando y preparando para iniciar la primera corte de la &lt;b&gt;Maestr&iacute;a en Tecnolog&iacute;a de la Informaci&oacute;n&lt;/b&gt;, las carpetas de los aspirantes a esta maestr&iacute;a estan siendo recibidas en la &lt;b&gt;Oficina de Postgrado&lt;b&gt; en la&nbsp; Sede Nuevos Horizontes.&lt;br&gt;</p>\n<p>Si estas leyendo este mensaje es por que tu estado actual es el siguiente:</p>\n<p>&nbsp;</p>\n<p>&lt;ol&gt;</p>\n<p>&lt;li&gt;Si ya entregaste tu carpeta solo debes esperar a que te llamemos para comenzar el proceso de admisi&oacute;n.&lt;/li&gt;</p>\n<p>&lt;li&gt;Si ya entregaste tu carpeta pero por la espera&nbsp; decidistes&nbsp; buscar otra alternativa,&nbsp; nos ayudar&iacute;a comunicanos de tu decision.&lt;/li&gt;</p>\n<p>&lt;li&gt;Si no has entragado tu carpeta a&uacute;n puedes hacerlo, hasta finales de este mes de junio.&lt;/li&gt;</p>\n<p>&lt;/ol&gt;</p>\n<p>Para m&aacute;s informaci&oacute;n de la maestria click &lt;a href=\" https://educaysoft.org/sica/MTI/doc/_build/html/\"&gt; Aqui&lt;/a&gt; &lt;br&gt;&lt;br&gt;</p>\n<p>&lt;b&gt;Contactos:&lt;b&gt;&lt;br&gt;</p>\n<p>Cordinador: Ing. Stalin Francis :&nbsp; 0801560517&lt;br&gt;</p>\n<p>Correos de&nbsp; Postgrados: &lt;br&gt;</p>\n<p>directora de postgrado ( johana.rodriguez@utelvt.edu.ec)&lt;br&gt;</p>\n<p>Recepci&oacute;n de carpetas (miguel.cueva.colorado@utelvt.edu.ec) &lt;br&gt;</p>\n<p>&nbsp;</p>\n<p>&nbsp;</p>'),
(37, 49, 33, '2022-06-17', 2, '<p>Saludo &lt;b&gt;Gilberto&lt;/b&gt;&lt;br&gt;</p>\n<p>Nos estamos renovando y preparando para iniciar la primera corte de la &lt;b&gt;Maestr&iacute;a en Tecnolog&iacute;a de la Informaci&oacute;n&lt;/b&gt;, las carpetas de los aspirantes a esta maestr&iacute;a estan siendo recibidas en la &lt;b&gt;Oficina de Postgrado&lt;b&gt; en la&nbsp; Sede Nuevos Horizontes.&lt;br&gt;</p>\n<p>Si estas leyendo este mensaje es por que tu estado actual es el siguiente:</p>\n<p>&nbsp;</p>\n<p>&lt;ol&gt;</p>\n<p>&lt;li&gt;Si ya entregaste tu carpeta solo debes esperar a que te llamemos para comenzar el proceso de admisi&oacute;n.&lt;/li&gt;</p>\n<p>&lt;li&gt;Si ya entregaste tu carpeta pero por la espera&nbsp; decidistes&nbsp; buscar otra alternativa,&nbsp; nos ayudar&iacute;a comunicanos de tu decision.&lt;/li&gt;</p>\n<p>&lt;li&gt;Si no has entragado tu carpeta a&uacute;n puedes hacerlo, hasta finales de este mes de junio.&lt;/li&gt;</p>\n<p>&lt;/ol&gt;</p>\n<p>Para m&aacute;s informaci&oacute;n de la maestria click &lt;a href=\" https://educaysoft.org/sica/MTI/doc/_build/html/\"&gt; Aqui&lt;/a&gt; &lt;br&gt;&lt;br&gt;</p>\n<p>&lt;b&gt;Contactos:&lt;b&gt;&lt;br&gt;</p>\n<p>Cordinador: Ing. Stalin Francis :&nbsp; 0801560517&lt;br&gt;</p>\n<p>Correos de&nbsp; Postgrados: &lt;br&gt;</p>\n<p>directora de postgrado ( johana.rodriguez@utelvt.edu.ec)&lt;br&gt;</p>\n<p>Recepci&oacute;n de carpetas (miguel.cueva.colorado@utelvt.edu.ec) &lt;br&gt;</p>\n<p>&nbsp;</p>\n<p>&nbsp;</p>'),
(38, 15, 33, '2022-06-17', 2, '<p>Saludo &lt;b&gt;Roxana&lt;/b&gt;&lt;br&gt;</p>\n<p>Nos estamos renovando y preparando para iniciar la primera corte de la &lt;b&gt;Maestr&iacute;a en Tecnolog&iacute;a de la Informaci&oacute;n&lt;/b&gt;, las carpetas de los aspirantes a esta maestr&iacute;a estan siendo recibidas en la &lt;b&gt;Oficina de Postgrado&lt;b&gt; en la&nbsp; Sede Nuevos Horizontes.&lt;br&gt;</p>\n<p>Si estas leyendo este mensaje es por que tu estado actual es el siguiente:</p>\n<p>&nbsp;</p>\n<p>&lt;ol&gt;</p>\n<p>&lt;li&gt;Si ya entregaste tu carpeta solo debes esperar a que te llamemos para comenzar el proceso de admisi&oacute;n.&lt;/li&gt;</p>\n<p>&lt;li&gt;Si ya entregaste tu carpeta pero por la espera&nbsp; decidistes&nbsp; buscar otra alternativa,&nbsp; nos ayudar&iacute;a comunicanos de tu decision.&lt;/li&gt;</p>\n<p>&lt;li&gt;Si no has entragado tu carpeta a&uacute;n puedes hacerlo, hasta finales de este mes de junio.&lt;/li&gt;</p>\n<p>&lt;/ol&gt;</p>\n<p>Para m&aacute;s informaci&oacute;n de la maestria click &lt;a href=\" https://educaysoft.org/sica/MTI/doc/_build/html/\"&gt; Aqui&lt;/a&gt; &lt;br&gt;&lt;br&gt;</p>\n<p>&lt;b&gt;Contactos:&lt;b&gt;&lt;br&gt;</p>\n<p>Cordinador: Ing. Stalin Francis :&nbsp; 0801560517&lt;br&gt;</p>\n<p>Correos de&nbsp; Postgrados: &lt;br&gt;</p>\n<p>directora de postgrado ( johana.rodriguez@utelvt.edu.ec)&lt;br&gt;</p>\n<p>Recepci&oacute;n de carpetas (miguel.cueva.colorado@utelvt.edu.ec) &lt;br&gt;</p>\n<p>&nbsp;</p>\n<p>&nbsp;</p>'),
(39, 126, 33, '2022-06-17', 2, '<p>Saludo &lt;b&gt;Nelson&lt;/b&gt;&lt;br&gt;</p>\n<p>Nos estamos renovando y preparando para iniciar la primera corte de la &lt;b&gt;Maestr&iacute;a en Tecnolog&iacute;a de la Informaci&oacute;n&lt;/b&gt;, las carpetas de los aspirantes a esta maestr&iacute;a estan siendo recibidas en la &lt;b&gt;Oficina de Postgrado&lt;b&gt; en la&nbsp; Sede Nuevos Horizontes.&lt;br&gt;</p>\n<p>Si estas leyendo este mensaje es por que tu estado actual es el siguiente:</p>\n<p>&nbsp;</p>\n<p>&lt;ol&gt;</p>\n<p>&lt;li&gt;Si ya entregaste tu carpeta solo debes esperar a que te llamemos para comenzar el proceso de admisi&oacute;n.&lt;/li&gt;</p>\n<p>&lt;li&gt;Si ya entregaste tu carpeta pero por la espera&nbsp; decidistes&nbsp; buscar otra alternativa,&nbsp; nos ayudar&iacute;a comunicanos de tu decision.&lt;/li&gt;</p>\n<p>&lt;li&gt;Si no has entragado tu carpeta a&uacute;n puedes hacerlo, hasta finales de este mes de junio.&lt;/li&gt;</p>\n<p>&lt;/ol&gt;</p>\n<p>Para m&aacute;s informaci&oacute;n de la maestria click &lt;a href=\" https://educaysoft.org/sica/MTI/doc/_build/html/\"&gt; Aqui&lt;/a&gt; &lt;br&gt;&lt;br&gt;</p>\n<p>&lt;b&gt;Contactos:&lt;b&gt;&lt;br&gt;</p>\n<p>Cordinador: Ing. Stalin Francis :&nbsp; 0801560517&lt;br&gt;</p>\n<p>Correos de&nbsp; Postgrados: &lt;br&gt;</p>\n<p>directora de postgrado ( johana.rodriguez@utelvt.edu.ec)&lt;br&gt;</p>\n<p>Recepci&oacute;n de carpetas (miguel.cueva.colorado@utelvt.edu.ec) &lt;br&gt;</p>\n<p>&nbsp;</p>\n<p>&nbsp;</p>'),
(40, 14, 33, '2022-06-17', 2, '<p>Saludo &lt;b&gt;Betty&lt;/b&gt;&lt;br&gt;</p>\n<p>Nos estamos renovando y preparando para iniciar la primera corte de la &lt;b&gt;Maestr&iacute;a en Tecnolog&iacute;a de la Informaci&oacute;n&lt;/b&gt;, las carpetas de los aspirantes a esta maestr&iacute;a estan siendo recibidas en la &lt;b&gt;Oficina de Postgrado&lt;b&gt; en la&nbsp; Sede Nuevos Horizontes.&lt;br&gt;</p>\n<p>Si estas leyendo este mensaje es por que tu estado actual es el siguiente:</p>\n<p>&nbsp;</p>\n<p>&lt;ol&gt;</p>\n<p>&lt;li&gt;Si ya entregaste tu carpeta solo debes esperar a que te llamemos para comenzar el proceso de admisi&oacute;n.&lt;/li&gt;</p>\n<p>&lt;li&gt;Si ya entregaste tu carpeta pero por la espera&nbsp; decidistes&nbsp; buscar otra alternativa,&nbsp; nos ayudar&iacute;a comunicanos de tu decision.&lt;/li&gt;</p>\n<p>&lt;li&gt;Si no has entragado tu carpeta a&uacute;n puedes hacerlo, hasta finales de este mes de junio.&lt;/li&gt;</p>\n<p>&lt;/ol&gt;</p>\n<p>Para m&aacute;s informaci&oacute;n de la maestria click &lt;a href=\" https://educaysoft.org/sica/MTI/doc/_build/html/\"&gt; Aqui&lt;/a&gt; &lt;br&gt;&lt;br&gt;</p>\n<p>&lt;b&gt;Contactos:&lt;b&gt;&lt;br&gt;</p>\n<p>Cordinador: Ing. Stalin Francis :&nbsp; 0801560517&lt;br&gt;</p>\n<p>Correos de&nbsp; Postgrados: &lt;br&gt;</p>\n<p>directora de postgrado ( johana.rodriguez@utelvt.edu.ec)&lt;br&gt;</p>\n<p>Recepci&oacute;n de carpetas (miguel.cueva.colorado@utelvt.edu.ec) &lt;br&gt;</p>\n<p>&nbsp;</p>\n<p>&nbsp;</p>'),
(41, 9, 33, '2022-06-17', 2, '<p>Saludo &lt;b&gt;Ilci&lt;/b&gt;&lt;br&gt;</p>\n<p>Nos estamos renovando y preparando para iniciar la primera corte de la &lt;b&gt;Maestr&iacute;a en Tecnolog&iacute;a de la Informaci&oacute;n&lt;/b&gt;, las carpetas de los aspirantes a esta maestr&iacute;a estan siendo recibidas en la &lt;b&gt;Oficina de Postgrado&lt;b&gt; en la&nbsp; Sede Nuevos Horizontes.&lt;br&gt;</p>\n<p>Si estas leyendo este mensaje es por que tu estado actual es el siguiente:</p>\n<p>&nbsp;</p>\n<p>&lt;ol&gt;</p>\n<p>&lt;li&gt;Si ya entregaste tu carpeta solo debes esperar a que te llamemos para comenzar el proceso de admisi&oacute;n.&lt;/li&gt;</p>\n<p>&lt;li&gt;Si ya entregaste tu carpeta pero por la espera&nbsp; decidistes&nbsp; buscar otra alternativa,&nbsp; nos ayudar&iacute;a comunicanos de tu decision.&lt;/li&gt;</p>\n<p>&lt;li&gt;Si no has entragado tu carpeta a&uacute;n puedes hacerlo, hasta finales de este mes de junio.&lt;/li&gt;</p>\n<p>&lt;/ol&gt;</p>\n<p>Para m&aacute;s informaci&oacute;n de la maestria click &lt;a href=\" https://educaysoft.org/sica/MTI/doc/_build/html/\"&gt; Aqui&lt;/a&gt; &lt;br&gt;&lt;br&gt;</p>\n<p>&lt;b&gt;Contactos:&lt;b&gt;&lt;br&gt;</p>\n<p>Cordinador: Ing. Stalin Francis :&nbsp; 0801560517&lt;br&gt;</p>\n<p>Correos de&nbsp; Postgrados: &lt;br&gt;</p>\n<p>directora de postgrado ( johana.rodriguez@utelvt.edu.ec)&lt;br&gt;</p>\n<p>Recepci&oacute;n de carpetas (miguel.cueva.colorado@utelvt.edu.ec) &lt;br&gt;</p>\n<p>&nbsp;</p>\n<p>&nbsp;</p>'),
(42, 12, 33, '2022-06-17', 2, '<p>Saludo &lt;b&gt;Yimmi&lt;/b&gt;&lt;br&gt;</p>\n<p>Nos estamos renovando y preparando para iniciar la primera corte de la &lt;b&gt;Maestr&iacute;a en Tecnolog&iacute;a de la Informaci&oacute;n&lt;/b&gt;, las carpetas de los aspirantes a esta maestr&iacute;a estan siendo recibidas en la &lt;b&gt;Oficina de Postgrado&lt;b&gt; en la&nbsp; Sede Nuevos Horizontes.&lt;br&gt;</p>\n<p>Si estas leyendo este mensaje es por que tu estado actual es el siguiente:</p>\n<p>&nbsp;</p>\n<p>&lt;ol&gt;</p>\n<p>&lt;li&gt;Si ya entregaste tu carpeta solo debes esperar a que te llamemos para comenzar el proceso de admisi&oacute;n.&lt;/li&gt;</p>\n<p>&lt;li&gt;Si ya entregaste tu carpeta pero por la espera&nbsp; decidistes&nbsp; buscar otra alternativa,&nbsp; nos ayudar&iacute;a comunicanos de tu decision.&lt;/li&gt;</p>\n<p>&lt;li&gt;Si no has entragado tu carpeta a&uacute;n puedes hacerlo, hasta finales de este mes de junio.&lt;/li&gt;</p>\n<p>&lt;/ol&gt;</p>\n<p>Para m&aacute;s informaci&oacute;n de la maestria click &lt;a href=\" https://educaysoft.org/sica/MTI/doc/_build/html/\"&gt; Aqui&lt;/a&gt; &lt;br&gt;&lt;br&gt;</p>\n<p>&lt;b&gt;Contactos:&lt;b&gt;&lt;br&gt;</p>\n<p>Cordinador: Ing. Stalin Francis :&nbsp; 0801560517&lt;br&gt;</p>\n<p>Correos de&nbsp; Postgrados: &lt;br&gt;</p>\n<p>directora de postgrado ( johana.rodriguez@utelvt.edu.ec)&lt;br&gt;</p>\n<p>Recepci&oacute;n de carpetas (miguel.cueva.colorado@utelvt.edu.ec) &lt;br&gt;</p>\n<p>&nbsp;</p>\n<p>&nbsp;</p>'),
(43, 34, 31, '2022-05-13', 2, '<p>&lt;div style=\"text-align:center; padding:10px\"&gt;</p>\n<p>Esta es el link para descargar su cartificado &lt;a href=\"#\"&gt; AQUI&lt;/a&gt;</p>\n<p>&lt;/div&gt;</p>'),
(44, 551, 35, '2022-07-04', 2, '<p>&lt;div style=\"padding:20px\"&gt; &lt;br&gt;&lt;br&gt; GRACIAS POR INSCRIBIRTE A ESTE TALLER BASICO SOBRE LINUX, EL LUNES EMPEZAMOS DE 9 A 11,&nbsp;&nbsp; NO TE OLVIDES QUE LA CAPACITACI&Oacute;N ES TOTALMENTE GRATUIDA CON LA FINALIDAD DE DIFUNDIR EL USO DE ESTE SISTEMAS OPERATIVOS QUE CADA VEZ ES MAS POPULAR ENTRE LA CUMUNIDAD INFORMATICA &lt;/div&gt;</p>'),
(45, 552, 35, '2022-07-04', 2, '<p>&lt;div style=\"padding:20px\"&gt; &lt;br&gt;&lt;br&gt; GRACIAS POR INSCRIBIRTE A ESTE TALLER B&Aacute;SICO SOBRE LINUX, EL LUNES EMPEZAMOS DE 9 A 11,&nbsp;&nbsp; NO TE OLVIDES QUE LA CAPACITACI&Oacute;N ES TOTALMENTE GRATUITA CON LA FINALIDAD DE DIFUNDIR EN EL USO DE ESTE SISTEMAS OPERATIVO QUE CADA VEZ ES M&Aacute;S POPULAR ENTRE LA CUMUNIDAD INFORM&Aacute;TICA &lt;/div&gt;</p>'),
(46, 557, 35, '2022-07-04', 2, '<p>&lt;div style=\"padding:20px\"&gt; &lt;br&gt;&lt;br&gt; GRACIAS POR INSCRIBIRTE A ESTE TALLER B&Aacute;SICO SOBRE LINUX, EL LUNES EMPEZAMOS DE 9 A 11,&nbsp;&nbsp; NO TE OLVIDES QUE LA CAPACITACI&Oacute;N ES TOTALMENTE GRATUITA CON LA FINALIDAD DE DIFUNDIR EN EL USO DE ESTE SISTEMAS OPERATIVO QUE CADA VEZ ES M&Aacute;S POPULAR ENTRE LA CUMUNIDAD INFORM&Aacute;TICA &lt;/div&gt;</p>'),
(47, 556, 35, '2022-07-04', 2, '<p>&lt;div style=\"padding:20px\"&gt; &lt;br&gt;&lt;br&gt; GRACIAS POR INSCRIBIRTE A ESTE TALLER B&Aacute;SICO SOBRE LINUX, EL LUNES EMPEZAMOS DE 9 A 11,&nbsp;&nbsp; NO TE OLVIDES QUE LA CAPACITACI&Oacute;N ES TOTALMENTE GRATUITA CON LA FINALIDAD DE DIFUNDIR EN EL USO DE ESTE SISTEMAS OPERATIVO QUE CADA VEZ ES M&Aacute;S POPULAR ENTRE LA CUMUNIDAD INFORM&Aacute;TICA &lt;/div&gt;</p>'),
(48, 553, 35, '2022-07-04', 2, '<p>&lt;div style=\"padding:20px\"&gt; &lt;br&gt;&lt;br&gt; GRACIAS POR INSCRIBIRTE A ESTE TALLER B&Aacute;SICO SOBRE LINUX, EL LUNES EMPEZAMOS DE 9 A 11,&nbsp;&nbsp; NO TE OLVIDES QUE LA CAPACITACI&Oacute;N ES TOTALMENTE GRATUITA CON LA FINALIDAD DE DIFUNDIR EN EL USO DE ESTE SISTEMAS OPERATIVO QUE CADA VEZ ES M&Aacute;S POPULAR ENTRE LA CUMUNIDAD INFORM&Aacute;TICA &lt;/div&gt;</p>'),
(49, 83, 35, '2022-07-04', 2, '<p>&lt;div style=\"padding:20px\"&gt; &lt;br&gt;&lt;br&gt; GRACIAS POR INSCRIBIRTE A ESTE TALLER B&Aacute;SICO SOBRE LINUX, EL LUNES EMPEZAMOS DE 9 A 11,&nbsp;&nbsp; NO TE OLVIDES QUE LA CAPACITACI&Oacute;N ES TOTALMENTE GRATUITA CON LA FINALIDAD DE DIFUNDIR EN EL USO DE ESTE SISTEMAS OPERATIVO QUE CADA VEZ ES M&Aacute;S POPULAR ENTRE LA CUMUNIDAD INFORM&Aacute;TICA &lt;/div&gt;</p>'),
(50, 555, 35, '2022-07-04', 2, '<p>&lt;div style=\"padding:20px\"&gt; &lt;br&gt;&lt;br&gt; GRACIAS POR INSCRIBIRTE A ESTE TALLER B&Aacute;SICO SOBRE LINUX, EL LUNES EMPEZAMOS DE 9 A 11,&nbsp;&nbsp; NO TE OLVIDES QUE LA CAPACITACI&Oacute;N ES TOTALMENTE GRATUITA CON LA FINALIDAD DE DIFUNDIR EN EL USO DE ESTE SISTEMAS OPERATIVO QUE CADA VEZ ES M&Aacute;S POPULAR ENTRE LA CUMUNIDAD INFORM&Aacute;TICA &lt;/div&gt;</p>'),
(51, 554, 35, '2022-07-04', 2, '<p>&lt;div style=\"padding:20px\"&gt; &lt;br&gt;&lt;br&gt; GRACIAS POR INSCRIBIRTE A ESTE TALLER B&Aacute;SICO SOBRE LINUX, EL LUNES EMPEZAMOS DE 9 A 11,&nbsp;&nbsp; NO TE OLVIDES QUE LA CAPACITACI&Oacute;N ES TOTALMENTE GRATUITA CON LA FINALIDAD DE DIFUNDIR EN EL USO DE ESTE SISTEMAS OPERATIVO QUE CADA VEZ ES M&Aacute;S POPULAR ENTRE LA CUMUNIDAD INFORM&Aacute;TICA &lt;/div&gt;</p>'),
(52, 560, 35, '2022-07-04', 2, '<p>&lt;div style=\"padding:20px\"&gt; &lt;br&gt;&lt;br&gt; GRACIAS POR INSCRIBIRTE A ESTE TALLER B&Aacute;SICO SOBRE LINUX, EL LUNES EMPEZAMOS DE 9 A 11,&nbsp;&nbsp; NO TE OLVIDES QUE LA CAPACITACI&Oacute;N ES TOTALMENTE GRATUITA CON LA FINALIDAD DE DIFUNDIR EN EL USO DE ESTE SISTEMAS OPERATIVO QUE CADA VEZ ES M&Aacute;S POPULAR ENTRE LA CUMUNIDAD INFORM&Aacute;TICA &lt;/div&gt;</p>'),
(53, 82, 35, '2022-07-04', 2, '<p>&lt;div style=\"padding:20px\"&gt; &lt;br&gt;&lt;br&gt; GRACIAS POR INSCRIBIRTE A ESTE TALLER B&Aacute;SICO SOBRE LINUX, EL LUNES EMPEZAMOS DE 9 A 11,&nbsp;&nbsp; NO TE OLVIDES QUE LA CAPACITACI&Oacute;N ES TOTALMENTE GRATUITA CON LA FINALIDAD DE DIFUNDIR EN EL USO DE ESTE SISTEMAS OPERATIVO QUE CADA VEZ ES M&Aacute;S POPULAR ENTRE LA CUMUNIDAD INFORM&Aacute;TICA &lt;/div&gt;</p>'),
(54, 559, 35, '2022-07-04', 2, '<p>&lt;div style=\"padding:20px\"&gt; &lt;br&gt;&lt;br&gt; GRACIAS POR INSCRIBIRTE A ESTE TALLER B&Aacute;SICO SOBRE LINUX, EL LUNES EMPEZAMOS DE 9 A 11,&nbsp;&nbsp; NO TE OLVIDES QUE LA CAPACITACI&Oacute;N ES TOTALMENTE GRATUITA CON LA FINALIDAD DE DIFUNDIR EN EL USO DE ESTE SISTEMAS OPERATIVO QUE CADA VEZ ES M&Aacute;S POPULAR ENTRE LA CUMUNIDAD INFORM&Aacute;TICA &lt;/div&gt;</p>'),
(55, 558, 35, '2022-07-04', 2, '<p>&lt;div style=\"padding:20px\"&gt; &lt;br&gt;&lt;br&gt; GRACIAS POR INSCRIBIRTE A ESTE TALLER B&Aacute;SICO SOBRE LINUX, EL LUNES EMPEZAMOS DE 9 A 11,&nbsp;&nbsp; NO TE OLVIDES QUE LA CAPACITACI&Oacute;N ES TOTALMENTE GRATUITA CON LA FINALIDAD DE DIFUNDIR EN EL USO DE ESTE SISTEMAS OPERATIVO QUE CADA VEZ ES M&Aacute;S POPULAR ENTRE LA CUMUNIDAD INFORM&Aacute;TICA &lt;/div&gt;</p>');

-- --------------------------------------------------------

--
-- Stand-in structure for view `seguimiento1`
-- (See below for the actual view)
--
CREATE TABLE `seguimiento1` (
`idseguimiento` int(11)
,`idevento` int(11)
,`elevento` varchar(200)
,`idpersona` int(11)
,`lapersona` varchar(101)
,`fecha` date
,`idtiposeguimiento` int(11)
,`tiposeguimiento` varchar(100)
,`comentario` text
,`correo` varchar(45)
);

-- --------------------------------------------------------

--
-- Table structure for table `telefono`
--

CREATE TABLE `telefono` (
  `idtelefono` int(11) NOT NULL,
  `numero` varchar(15) DEFAULT NULL,
  `idpersona` int(11) NOT NULL,
  `idoperadora` int(11) NOT NULL,
  `idtelefono_estado` int(11) NOT NULL
) ENGINE=InnoDB DEFAULT CHARSET=utf8mb4;

--
-- Dumping data for table `telefono`
--

INSERT INTO `telefono` (`idtelefono`, `numero`, `idpersona`, `idoperadora`, `idtelefono_estado`) VALUES
(2, '0968619870', 10, 1, 1),
(3, '0986442331', 11, 1, 1),
(4, '0967653764', 12, 1, 1),
(5, '0989678140', 27, 1, 1),
(6, '0999168280', 26, 1, 1),
(7, '0920298460', 25, 1, 1),
(9, '0967774874', 21, 1, 1),
(10, '0997100105', 20, 1, 1),
(11, '0994673447', 19, 1, 1),
(12, '0996705278', 18, 1, 1),
(13, '0939734500', 17, 1, 1),
(14, '0997335572', 14, 1, 1),
(15, '0987524609', 16, 1, 1),
(16, '0997153938', 15, 1, 1),
(19, '0989891748', 13, 1, 1),
(20, '0988685744', 28, 1, 1),
(21, '0990377244', 9, 1, 1),
(22, '0997627379', 24, 1, 1),
(23, '0985418026', 29, 1, 1),
(24, '08093833454', 32, 1, 1),
(25, '0938373', 33, 1, 1),
(26, '0997919650', 34, 1, 1),
(27, '062017660', 12, 1, 1),
(28, '0968672170', 24, 1, 1),
(29, '2454472', 24, 2, 1),
(30, '062460774', 26, 2, 1),
(31, '062737020', 13, 2, 1),
(32, '0986259779', 25, 1, 1),
(33, '062450727', 21, 2, 1),
(34, '062731684', 21, 2, 1),
(35, '0996277763', 21, 1, 1),
(36, '062453335', 19, 2, 1),
(37, '062016049', 18, 2, 1),
(38, '0982581469', 49, 1, 1),
(39, '062723236', 17, 2, 1),
(40, '0802169581', 14, 1, 1),
(41, '062453200', 14, 2, 1),
(42, '062452853', 14, 2, 1),
(43, '23270364', 16, 2, 1),
(44, '062453180', 15, 2, 1),
(45, '0997022029', 23, 1, 1),
(46, '062766262', 23, 2, 1),
(47, '0981035944', 51, 1, 1),
(48, '039404033', 52, 1, 1),
(49, '0939876596', 53, 1, 1),
(50, ' 0986157738', 54, 1, 1),
(51, '0979823101', 55, 1, 1),
(52, '0967217146', 56, 1, 1),
(53, '0991350971', 57, 1, 1),
(54, '0993665947', 58, 1, 1),
(55, '0989377894', 59, 1, 1),
(56, '0959133782', 61, 1, 1),
(58, '0999773903', 62, 1, 1),
(59, '0993317280', 63, 1, 1),
(60, '0991464002', 64, 1, 1),
(61, '09933724298', 65, 1, 1),
(62, '0991389844', 66, 1, 1),
(63, '0997811214', 67, 1, 1),
(64, '0979361308', 68, 1, 1),
(65, '0990072947', 69, 1, 1),
(66, '0990562930', 70, 1, 1),
(67, '0968295016', 71, 1, 1),
(68, '0994626312', 72, 1, 1),
(69, '0959663175', 73, 1, 1),
(70, '0980687708', 74, 1, 1),
(71, '0991102094', 75, 1, 1),
(72, '0989773593', 76, 1, 1),
(73, '0991378114', 77, 1, 1),
(74, '0988855082', 78, 1, 1),
(75, '0982271697', 79, 1, 1),
(76, '0993925476', 80, 1, 1),
(77, '0986139912', 81, 1, 1),
(78, '0997919650', 8, 1, 1),
(79, '0990309492', 82, 1, 1),
(80, '0939562001', 83, 1, 1),
(81, '0999999999', 84, 1, 1),
(82, '0999999999', 85, 1, 1),
(83, '0999999999', 86, 1, 1),
(84, '0939689901', 87, 1, 1),
(85, '0999999999', 88, 1, 1),
(86, '0999999999', 90, 1, 1),
(87, '0999999999', 91, 1, 1),
(88, '0939244396', 92, 1, 1),
(89, '0999999999', 93, 1, 1),
(90, '0999999999', 94, 1, 1),
(91, '0997940019 ', 95, 1, 1),
(92, '0999999999', 96, 1, 1),
(93, '0999999999', 97, 1, 1),
(94, '0999999999', 98, 1, 1),
(95, '0999999999', 99, 1, 1),
(96, ' 0986157738 ', 100, 1, 1),
(97, '0999999999', 101, 1, 1),
(98, '0999999999', 102, 1, 1),
(99, '0999999999', 103, 1, 1),
(100, '0999999999', 105, 1, 1),
(101, '0999999999', 106, 1, 1),
(102, '0939689901', 107, 1, 1),
(103, '0999999999', 108, 1, 1),
(104, '0999999999', 109, 1, 1),
(105, ' 0967217146 ', 110, 1, 1),
(106, '0999999999', 111, 1, 1),
(107, '0999999999', 112, 1, 1),
(108, '0991350971 ', 113, 1, 1),
(109, '0991350971', 114, 1, 1),
(110, '0991350971 ', 115, 1, 1),
(111, '0993665947', 117, 1, 1),
(112, '0999999999', 118, 1, 1),
(113, '0939244396 ', 119, 1, 1),
(114, ' 0993317280 ', 120, 1, 1),
(115, '0993317280 ', 121, 1, 1),
(116, ' 09933724298 ', 122, 1, 1),
(117, ' 0991389844 ', 123, 1, 1),
(118, ' 0997811214 ', 124, 1, 1),
(119, '0939562001', 125, 1, 1),
(120, '0930562001', 126, 1, 1),
(121, '0999999999', 127, 1, 1),
(122, '09396096008', 128, 1, 1),
(123, '0980124473', 129, 1, 1),
(124, ' 0994879215 ', 131, 1, 1),
(125, '0986433385', 132, 1, 1),
(126, '0000000000', 133, 1, 1),
(127, '0000000000', 134, 1, 1),
(128, '0000000000', 135, 1, 1),
(129, '0000000000', 136, 1, 1),
(130, '0000000000', 137, 1, 1),
(131, '0000000000', 138, 1, 1),
(132, '0000000000', 139, 1, 1),
(133, '0000000000', 140, 1, 1),
(134, '0991014880', 141, 1, 1),
(135, '0990729898', 142, 1, 1),
(136, '0959153813', 143, 1, 1),
(137, '0000000000', 144, 1, 1),
(138, '0990375609', 145, 1, 1),
(139, '0993038713', 146, 1, 1),
(140, '0985403421', 147, 1, 1),
(141, '0986988618', 148, 1, 1),
(142, '0000000000', 149, 1, 1),
(143, '0000000000', 150, 1, 1),
(144, '0000000000', 151, 1, 1),
(145, '0000000000', 152, 1, 1),
(146, '0000000000', 153, 1, 1),
(147, '0000000000', 154, 1, 1),
(148, '0000000000', 155, 1, 1),
(149, '0991047213', 156, 1, 1),
(150, '0969960466', 157, 1, 1),
(151, '0982239898', 158, 1, 1),
(152, '0991642302', 159, 1, 1),
(153, '0979464179', 160, 1, 1),
(154, '0988045847', 161, 1, 1),
(155, '0968159133', 162, 1, 1),
(156, '0994175083', 163, 1, 1),
(157, '0986766495', 164, 1, 1),
(158, '0982436028', 165, 1, 1),
(159, '0997521212', 166, 1, 1),
(160, '0993958512', 167, 1, 1),
(161, '0996175438', 168, 1, 1),
(162, '0996462688', 169, 1, 1),
(163, '0967841180', 170, 1, 1),
(164, '0986921391', 171, 1, 1),
(165, '0997841350', 173, 1, 1),
(166, '0960674055', 174, 1, 1),
(167, '0989731830', 175, 1, 1),
(168, '0989382565', 176, 1, 1),
(169, '0968031178', 177, 1, 1),
(170, '0982920867', 179, 1, 1),
(171, '0988734839', 180, 1, 1),
(172, '0939057223', 181, 1, 1),
(173, '0990329651', 182, 1, 1),
(174, '0994325915', 183, 1, 1),
(175, '0979810767', 184, 1, 1),
(176, '0981425312', 185, 1, 1),
(177, '0939689254', 186, 1, 1),
(178, '099 801 6361', 187, 1, 1),
(179, '0999589764 ', 188, 1, 1),
(180, '0991904612', 189, 1, 1),
(181, '0981593955', 190, 1, 1),
(182, '0988609644', 191, 1, 1),
(183, '0990194095', 192, 1, 1),
(184, '0979348109', 193, 1, 1),
(185, '0982564168', 194, 1, 1),
(186, '0967531907', 195, 1, 1),
(187, '0939503331', 196, 1, 1),
(188, '0967993061', 197, 1, 1),
(189, '0980019949', 198, 1, 1),
(190, '0994806186', 199, 1, 1),
(191, '0996360205', 200, 1, 1),
(192, '0978694067', 201, 1, 1),
(193, '0961713119', 202, 1, 1),
(194, '0959284877', 203, 1, 1),
(195, '0990492582', 204, 1, 1),
(196, '0996430250', 206, 1, 1),
(197, '0986241875', 207, 1, 1),
(198, '0980848478', 208, 1, 1),
(199, '0967339611', 209, 1, 1),
(200, '099581948', 210, 1, 1),
(201, '0961474382', 211, 1, 1),
(202, '0981334918', 212, 1, 1),
(205, '098 537 4052 ', 216, 1, 1),
(206, '098 537 4052 ', 217, 1, 1),
(207, '0985037934', 220, 1, 1),
(208, '0985375415', 221, 1, 1),
(209, '0967410310', 222, 1, 1),
(210, '0939458906', 223, 1, 1),
(211, '0994988871', 224, 1, 1),
(212, '0992416328', 225, 1, 1),
(213, '0964173228', 226, 1, 1),
(214, '0939331834', 227, 1, 1),
(215, '0961681150', 228, 1, 1),
(216, '0968766488', 229, 1, 1),
(217, '0959893540', 230, 1, 1),
(218, '0985282437', 232, 1, 1),
(219, '0997028769', 233, 1, 1),
(220, '0993635350', 234, 1, 1),
(221, '0939520330', 235, 1, 1),
(222, '0981370351', 236, 1, 1),
(223, '', 237, 1, 1),
(224, '', 238, 1, 1),
(225, '0986445786', 239, 1, 1),
(226, '0980173180 ', 240, 1, 1),
(227, '0969500918', 241, 1, 1),
(228, ' 0992117595', 242, 1, 1),
(229, ' 0992117595', 243, 1, 1),
(230, '0994989266', 244, 1, 1),
(231, '0987118364', 246, 1, 1),
(232, '0989023524', 247, 1, 1),
(233, '0959554604', 248, 1, 1),
(234, '000000000', 249, 1, 1),
(235, '00000000', 250, 1, 1),
(236, '000000000', 251, 1, 1),
(237, '000000000', 252, 1, 1),
(238, '000000000', 253, 1, 1),
(239, '0997785421', 159, 1, 1),
(240, '0992402858', 254, 1, 1),
(241, '0969670492', 255, 1, 1),
(242, '0967870465', 256, 1, 1),
(243, '0985027647', 257, 1, 1),
(244, '0991249975', 258, 1, 1),
(245, '', 259, 1, 1),
(246, '0997543112 ', 260, 1, 1),
(247, '', 261, 1, 1),
(248, '0961023406', 262, 1, 1),
(249, '0997976347', 263, 1, 1),
(250, '0995585034', 264, 1, 1),
(251, '0959742079', 265, 1, 1),
(252, '0968854695', 266, 1, 1),
(253, '0985778289', 267, 1, 1),
(254, '0961592832', 268, 1, 1),
(255, '0994077846', 269, 1, 1),
(256, '0963485574', 270, 1, 1),
(257, '09903863389', 271, 1, 1),
(258, '0988021142', 272, 1, 1),
(259, '0986593495', 273, 1, 1),
(260, '0991017687', 274, 1, 1),
(261, '098631417732', 275, 1, 1),
(262, '0939887461', 276, 1, 1),
(263, '0967402551', 277, 1, 1),
(264, '0997038653', 278, 1, 1),
(265, '0939583987', 279, 1, 1),
(266, '0993719815', 280, 1, 1),
(267, '0980826408', 249, 1, 1),
(268, '0993445236', 253, 1, 1),
(269, '0968509800', 227, 1, 1),
(270, '0996423065', 281, 1, 1),
(271, '+593 99 795 113', 282, 1, 1),
(272, '0990476720', 283, 1, 1),
(273, '0986092512 ', 284, 1, 1),
(274, '0967461252', 285, 1, 1),
(275, '0967393671-0985', 286, 1, 1),
(276, '0997006756', 287, 1, 1),
(277, '0991747552', 288, 1, 1),
(278, '0997802981', 289, 1, 1),
(279, '0979928349 ', 290, 1, 1),
(280, '0991553852', 291, 1, 1),
(281, '0960559736', 292, 1, 1),
(282, '0989170415', 293, 1, 1),
(283, '0986883694', 294, 1, 1),
(284, '0959259385', 297, 1, 1),
(285, '0939673910', 298, 1, 1),
(286, '0969988241', 299, 1, 1),
(287, '0979585405', 300, 1, 1),
(288, '0939073848', 302, 1, 1),
(289, '0981298315', 303, 1, 1),
(290, '+593 964164319', 304, 1, 1),
(291, '0968515791', 308, 1, 1),
(292, '0994751222', 309, 1, 1),
(293, '0959441557', 310, 1, 1),
(294, '0990619321', 311, 1, 1),
(295, '0992278053', 312, 1, 1),
(296, '0992166279', 314, 1, 1),
(297, '0967315977 ', 316, 1, 1),
(298, '0981721638', 317, 1, 1),
(299, '0989962914', 318, 1, 1),
(300, '0959009256', 319, 1, 1),
(301, '0967719287', 320, 1, 1),
(302, '0989362341 ', 321, 1, 1),
(303, '0939250495', 322, 1, 1),
(304, '0993181689', 323, 1, 1),
(305, '2455095', 327, 1, 1),
(306, '000000000', 328, 1, 1),
(307, '000000000', 329, 1, 1),
(308, '000000000', 330, 1, 1),
(309, '0991404392', 331, 1, 1),
(310, '0939226629', 332, 1, 1),
(311, '0969769143', 179, 1, 1),
(312, '0803975432', 198, 1, 1),
(313, '0993470197', 333, 1, 1),
(314, '0939232056', 334, 1, 1),
(315, '967398943', 335, 1, 1),
(316, '0939648894', 337, 1, 1),
(317, '0984512505', 338, 1, 1),
(318, '0995488560', 339, 1, 1),
(319, '0967415020', 250, 1, 1),
(320, '0986180938', 340, 1, 1),
(321, '0994280283 ', 341, 1, 1),
(322, '0969670492', 342, 1, 1),
(323, '0994811142', 343, 1, 1),
(324, '0980404062', 344, 1, 1),
(325, '0939562001', 345, 1, 1),
(326, '0980459443', 346, 1, 1),
(327, '0959880226', 347, 1, 1),
(328, '0959641506', 348, 1, 1),
(329, '0963484297', 349, 1, 1),
(330, '0999135998', 350, 1, 1),
(331, '0988181692', 351, 1, 1),
(332, '0997203984', 352, 1, 1),
(333, '0986314177', 275, 1, 1),
(334, '0985074324', 252, 1, 1),
(335, '0999477293', 353, 1, 1),
(336, '0939537218', 354, 1, 1),
(337, '0991345743', 355, 1, 1),
(338, '0969426584', 356, 1, 1),
(339, '0987595820', 357, 1, 1),
(340, '0992039745', 358, 1, 1),
(341, '0986427690', 359, 1, 1),
(342, '0987826848', 251, 1, 1),
(343, '0938280249', 361, 1, 1),
(344, '0939383123', 362, 1, 1),
(345, '0991233453', 363, 1, 1),
(346, '0997988371', 364, 1, 1),
(347, '0961298081', 365, 1, 1),
(348, '0958845342', 369, 1, 1),
(349, '0999503756', 370, 1, 1),
(350, '0000000000', 371, 1, 1),
(351, '0983044376', 372, 1, 1),
(352, '0802644153', 374, 1, 1),
(353, '0996145125', 375, 1, 1),
(354, '000000000', 376, 1, 1),
(355, '000000000', 377, 1, 1),
(356, '0000000000', 378, 1, 1),
(357, '000000000', 379, 1, 1),
(358, '0000000000', 380, 1, 1),
(359, '000000000', 381, 1, 1),
(360, '000000000', 382, 1, 1),
(361, '0982911014', 383, 1, 1),
(362, '0959133008', 384, 1, 1),
(363, '0986772672', 385, 1, 1),
(364, '0967577320', 386, 1, 1),
(365, '0991464355', 387, 1, 1),
(366, '0939801096', 388, 1, 1),
(367, '0991768318', 389, 1, 1),
(368, '0801560517', 8, 1, 1),
(369, '0988454251', 390, 1, 1),
(370, '0982153960', 391, 1, 1),
(371, '0993588001', 392, 1, 1),
(372, '0991481683', 393, 1, 1),
(373, '0993087091', 394, 1, 1),
(374, '0000000000', 395, 1, 1),
(375, '0000000000', 396, 1, 1),
(376, '0000000000', 397, 1, 1),
(377, '0000000000', 398, 1, 1),
(378, '0000000000', 399, 1, 1),
(379, '0000000000', 400, 1, 1),
(380, '0000000000', 401, 1, 1),
(381, '0000000000', 402, 1, 1),
(382, '0000000000', 403, 1, 1),
(383, '000000000', 405, 1, 1),
(384, '000000000', 406, 1, 1),
(385, '000000000', 407, 1, 1),
(386, '000000000', 408, 1, 1),
(387, '000000000', 409, 1, 1),
(388, '0980389504', 410, 1, 1),
(389, '0993231956', 373, 1, 1),
(390, '0989227980', 412, 1, 1),
(391, '0993291851', 413, 1, 1),
(392, '0980864549', 414, 1, 1),
(393, '0991312751', 415, 1, 1),
(394, '0997053205', 416, 1, 1),
(395, '0997529789', 417, 1, 1),
(396, '0968662464', 418, 1, 1),
(397, '0985966167', 419, 1, 1),
(398, '0990445115', 420, 1, 1),
(399, '0999302223', 421, 1, 1),
(400, '0959905262', 422, 1, 1),
(401, '0997484881', 423, 1, 1),
(402, '0991104651', 424, 1, 1),
(403, '0968474025', 425, 1, 1),
(404, '0988944418', 426, 1, 1),
(405, '0994711299', 427, 1, 1),
(406, '0979613134', 428, 1, 1),
(407, '0995488425', 429, 1, 1),
(408, '0989561695', 430, 1, 1),
(409, '0981469650', 431, 1, 1),
(410, '593988361929', 432, 1, 1),
(411, '099762 0111', 433, 1, 1),
(412, '0998425087', 434, 1, 1),
(413, '0989356747', 435, 1, 1),
(414, '0994179190', 436, 1, 1),
(415, '0994650289', 437, 1, 1),
(416, '0995361369', 438, 1, 1),
(417, '0967587251', 439, 1, 1),
(418, '0990039618', 440, 1, 1),
(419, '0997013590', 441, 1, 1),
(420, '0982753393', 442, 1, 1),
(421, '0967248478', 443, 1, 1),
(422, '0999467051', 444, 1, 1),
(423, '0959715784', 445, 1, 1),
(424, '0985685920', 446, 1, 1),
(425, '0985473920', 447, 1, 1),
(426, '0989755906', 448, 1, 1),
(427, '0997741067', 449, 1, 1),
(428, '0969918841', 450, 1, 1),
(429, '0990645449', 451, 1, 1),
(430, '0990168325', 452, 1, 1),
(431, '0985362363', 453, 1, 1),
(432, '0990623936', 454, 1, 1),
(433, '0985085920', 455, 1, 1),
(434, '0985145772', 456, 1, 1),
(435, '0988307341', 457, 1, 1),
(436, '0996672708', 458, 1, 1),
(437, '0963482918', 459, 1, 1),
(438, '0997874761', 460, 1, 1),
(439, '0989076817', 461, 1, 1),
(440, '0959278199', 462, 1, 1),
(441, '0980085871', 463, 1, 1),
(442, '0939587724', 464, 1, 1),
(443, '0985133424', 465, 1, 1),
(444, '0993767989', 466, 1, 1),
(445, '0982229465', 467, 1, 1),
(446, '0985050358', 468, 1, 1),
(447, '0988332158', 469, 1, 1),
(448, '0985773220', 470, 1, 1),
(449, '0994027867', 471, 1, 1),
(450, '0980294785', 472, 1, 1),
(451, '0960639864', 473, 1, 1),
(452, '0989395678', 474, 1, 1),
(453, '0939921123', 475, 1, 1),
(454, '0994519538', 476, 1, 1),
(455, '0994420061', 477, 1, 1),
(456, '0980646156', 478, 1, 1),
(457, '0999152043', 479, 1, 1),
(458, '0989942052', 480, 1, 1),
(459, '0997673708', 481, 1, 1),
(460, '0989769148', 482, 1, 1),
(461, '0801580804', 483, 1, 1),
(462, '0999390600', 484, 1, 1),
(463, '0986791632', 485, 1, 1),
(464, '0999561286', 486, 1, 1),
(465, '0981235716', 487, 1, 1),
(466, '0984429798', 488, 1, 1),
(467, '0992111685', 489, 1, 1),
(468, '0989197087', 490, 1, 1),
(469, '0967791945', 491, 1, 1),
(470, '0987598083', 492, 1, 1),
(471, '0962665807', 493, 1, 1),
(472, '0939806116', 494, 1, 1),
(473, '0985443541', 495, 1, 1),
(474, '0995734441', 496, 1, 1),
(475, '0994676308', 497, 1, 1),
(476, '0997637033', 498, 1, 1),
(477, '0989600510', 499, 1, 1),
(478, '0986850574', 500, 1, 1),
(479, '0939121796', 501, 1, 1),
(480, '0989538473', 502, 1, 1),
(481, '0980395854', 503, 1, 1),
(482, '0959165246', 504, 1, 1),
(483, '0983282794', 505, 1, 1),
(484, '0098685574', 500, 1, 1),
(485, '0993737633', 506, 1, 1),
(486, '0991303138', 507, 1, 1),
(487, '0960446205', 508, 1, 1),
(488, '0969654816', 509, 1, 1),
(489, '0993328396', 510, 1, 1),
(490, '0997625727', 511, 1, 1),
(491, '0982641334', 512, 1, 1),
(492, '0994637620', 513, 1, 1),
(493, '0993602834', 514, 1, 1),
(494, '0959727896', 515, 1, 1),
(495, '0959058280', 516, 1, 1),
(496, '0969332865', 517, 1, 1),
(497, '0997224388', 518, 1, 1),
(498, '0989371104', 519, 1, 1),
(499, '0968089144', 520, 1, 1),
(500, '0981774569', 521, 1, 1),
(501, '0939272704', 522, 1, 1),
(502, '0985875873', 523, 1, 1),
(503, '0958964311', 524, 1, 1),
(504, '0987220131', 525, 1, 1),
(505, '0989797127', 526, 1, 1),
(506, '0989009741', 527, 1, 1),
(507, '0980408213', 528, 1, 1),
(508, '0989553453', 529, 1, 1),
(509, '0984162351', 530, 1, 1),
(510, '0991640300', 531, 1, 1),
(511, '0995422826', 532, 1, 1),
(512, '0994523780', 533, 1, 1),
(513, '0968672158', 534, 1, 1),
(514, '593981330125', 535, 1, 1),
(515, '09 882 3686 1 ', 536, 1, 1),
(516, '0981099697', 537, 1, 1),
(517, '0989715269', 538, 1, 1),
(518, '0988023000', 539, 1, 1),
(519, '0988828918', 540, 1, 1),
(520, '0988339519', 541, 1, 1),
(521, '0939830973', 542, 1, 1),
(522, '0994511872', 543, 1, 1),
(523, '0981403688', 544, 1, 1),
(524, '0960587050', 545, 1, 1),
(525, '0997102532', 546, 1, 1),
(526, '0993281093', 547, 1, 1),
(527, '0982673938', 548, 1, 1),
(528, '0980685863', 549, 1, 1),
(529, '0994291399', 550, 1, 1),
(530, '0939050448', 551, 1, 1),
(531, '0992765444', 552, 1, 1),
(532, '0959155657', 553, 1, 1),
(533, '0992697760', 554, 1, 1),
(534, '0968834827', 555, 1, 1),
(535, '0968889405', 556, 1, 1),
(536, '0996432606', 557, 1, 1),
(537, '0958854137', 558, 1, 1),
(538, '0939773962', 559, 1, 1),
(539, '0981884677', 560, 1, 1),
(540, '0993917704', 561, 1, 1);

-- --------------------------------------------------------

--
-- Stand-in structure for view `telefono1`
-- (See below for the actual view)
--
CREATE TABLE `telefono1` (
`idtelefono` int(11)
,`numero` varchar(15)
,`lapersona` varchar(102)
);

-- --------------------------------------------------------

--
-- Table structure for table `telefono_estado`
--

CREATE TABLE `telefono_estado` (
  `idtelefono_estado` int(11) NOT NULL,
  `nombre` varchar(45) DEFAULT NULL
) ENGINE=InnoDB DEFAULT CHARSET=utf8mb4;

--
-- Dumping data for table `telefono_estado`
--

INSERT INTO `telefono_estado` (`idtelefono_estado`, `nombre`) VALUES
(1, 'ENLINEA');

-- --------------------------------------------------------

--
-- Table structure for table `tipoasistencia`
--

CREATE TABLE `tipoasistencia` (
  `idtipoasistencia` int(11) NOT NULL,
  `nombre` varchar(100) DEFAULT NULL
) ENGINE=MyISAM DEFAULT CHARSET=latin1;

--
-- Dumping data for table `tipoasistencia`
--

INSERT INTO `tipoasistencia` (`idtipoasistencia`, `nombre`) VALUES
(1, 'PUNTUAL'),
(2, 'ATRASO'),
(3, 'FALTA INJUSTIFICADA'),
(4, 'FALTA JUSTIFICADA');

-- --------------------------------------------------------

--
-- Table structure for table `tipodocu`
--

CREATE TABLE `tipodocu` (
  `idtipodocu` int(11) NOT NULL,
  `descripcion` varchar(45) DEFAULT NULL,
  `cantidad` int(11) DEFAULT NULL
) ENGINE=InnoDB DEFAULT CHARSET=utf8mb4;

--
-- Dumping data for table `tipodocu`
--

INSERT INTO `tipodocu` (`idtipodocu`, `descripcion`, `cantidad`) VALUES
(1, 'OFICIO RECIBIDO', NULL),
(2, 'OFICIO ENTREGADOS', NULL),
(3, 'OFICIO DE RECLAMO', NULL),
(6, 'CERTIFICADO ENTREGADO', NULL),
(7, 'TESIS DE GRADO', NULL),
(8, 'INFORME TCNICO DE EXAMEN COMPLEXIVO', NULL),
(9, 'SILABOS', NULL),
(10, 'Guia de Aprendizaje', NULL),
(11, 'INFORME DE PROYECTO DE INVESTIGACIN', NULL),
(12, 'PROYECTO TCNICO DE GRADO', NULL),
(13, 'Modelo de Certificado', NULL),
(14, 'CERTIFICADO', NULL),
(15, 'DESCRIPCION DE PROGRAMA ACADEMICO', NULL),
(16, 'Informe de asignatura dictada', NULL),
(17, 'PORTAFOLIO', NULL);

-- --------------------------------------------------------

--
-- Stand-in structure for view `tipodocu1`
-- (See below for the actual view)
--
CREATE TABLE `tipodocu1` (
`idtipodocu` int(11)
,`descripcion` varchar(45)
,`cantidad` bigint(21)
);

-- --------------------------------------------------------

--
-- Table structure for table `tipoparticipacion`
--

CREATE TABLE `tipoparticipacion` (
  `idtipoparticipacion` int(11) NOT NULL,
  `nombre` varchar(100) DEFAULT NULL
) ENGINE=MyISAM DEFAULT CHARSET=latin1;

--
-- Dumping data for table `tipoparticipacion`
--

INSERT INTO `tipoparticipacion` (`idtipoparticipacion`, `nombre`) VALUES
(1, 'EVALUACION'),
(2, 'PARTICIPACION EN CLASE'),
(3, 'A1:PROYECTO'),
(4, 'E1: Evaluacin');

-- --------------------------------------------------------

--
-- Table structure for table `tiposeguimiento`
--

CREATE TABLE `tiposeguimiento` (
  `idtiposeguimiento` int(11) NOT NULL,
  `nombre` varchar(100) DEFAULT NULL
) ENGINE=MyISAM DEFAULT CHARSET=latin1;

--
-- Dumping data for table `tiposeguimiento`
--

INSERT INTO `tiposeguimiento` (`idtiposeguimiento`, `nombre`) VALUES
(1, 'borrador'),
(2, 'enviado por email'),
(3, 'Llamada telefnica');

-- --------------------------------------------------------

--
-- Table structure for table `unidad`
--

CREATE TABLE `unidad` (
  `idunidad` int(11) NOT NULL,
  `nombre` varchar(45) DEFAULT NULL,
  `idinstitucion` int(11) NOT NULL
) ENGINE=InnoDB DEFAULT CHARSET=utf8mb4;

--
-- Dumping data for table `unidad`
--

INSERT INTO `unidad` (`idunidad`, `nombre`, `idinstitucion`) VALUES
(1, 'Facultad de Ingenierias', 1),
(2, 'FACULTAD FACPED', 1),
(3, 'FACAE', 1),
(4, 'Post-Grado', 1);

-- --------------------------------------------------------

--
-- Stand-in structure for view `unidad1`
-- (See below for the actual view)
--
CREATE TABLE `unidad1` (
`idunidad` int(11)
,`idinstitucion` int(11)
,`lainstitucion` varchar(45)
,`nombre` varchar(45)
);

-- --------------------------------------------------------

--
-- Table structure for table `usuario`
--

CREATE TABLE `usuario` (
  `idusuario` int(10) UNSIGNED NOT NULL,
  `password` varchar(45) DEFAULT NULL,
  `idpersona` int(11) DEFAULT NULL,
  `email` varchar(50) DEFAULT NULL,
  `idperfil` int(11) NOT NULL,
  `inicio` varchar(100) DEFAULT NULL,
  `idinstitucion` int(11) DEFAULT NULL
) ENGINE=InnoDB DEFAULT CHARSET=utf8mb4;

--
-- Dumping data for table `usuario`
--

INSERT INTO `usuario` (`idusuario`, `password`, `idpersona`, `email`, `idperfil`, `inicio`, `idinstitucion`) VALUES
(3, '123456', 7, 'damaris.miranda@utelvt.edu.ec', 1, NULL, 1),
(4, 'PIWIIB1234', 8, 'educaysoft@gmail.com', 1, 'educaysoft.org/sica/documento/listar', 1),
(5, 'congresoutlvte', 32, 'congresoutlvte@utelvte.edu.ec', 3, NULL, 1),
(6, 'admin', 33, 'admin', 3, 'certificado/listar', 1),
(7, 'PIWIIB1234', 34, 'francis.christopher@egbfcristorey.edu.ec', 1, 'certificado/listar', 1),
(8, 'PIWIIB1234', 37, 'highkickesmeraldas@gmail.com', 1, 'institucion', 1),
(10, 'PIWIIB1234', 8, 'maestria.ti@utelvt.edu.ec', 1, 'educaysoft.org/sica/documento/listar', 1),
(11, 'PIWIIB1234', 8, 'stalin.francis@utelvt.edu.ec', 1, 'principal', 1),
(12, '12345678', 51, 'edison.capurro@utelvt.edu.ec', 1, 'educaysoft.org/sica/documento/listar', 1),
(13, '12345678', 82, 'quinterojosy@gmail.com', 1, 'documento', 1),
(14, '12345678', 83, 'nelson.mora.caicedo@utelvt.edu.ec', 1, 'evento/listar_participantes/32', 1),
(15, '0801633504', 166, 'diego.hurtado@utelvt.edu.ec', 1, 'documento/listarxtipodocu/12', 1),
(16, 'alison8901', 167, 'alison.valencia.silva@utelvt.edu.ec', 1, 'educaysoft.org/sica/documento/listar', NULL),
(17, '12345678', 168, 'harol.quinonez@utelvt.edu.ec', 1, 'educaysoft.org/sica/documento/listar', NULL),
(18, 'Alahia3018', 169, 'paulsolis41@gmail.com', 1, 'educaysoft.org/sica/documento/listar', NULL),
(19, 'manuco232323', 170, 'bonem39@gmail.com', 1, 'educaysoft.org/sica/documento/listar', NULL),
(20, '88466201Ro', 171, 'juanfrankiller@gmail.com', 1, 'educaysoft.org/sica/documento/listar', 1),
(22, '@gael12', 173, 'eliana.vera@utelvt.edu.ec', 1, 'educaysoft.org/sica/documento/listar', NULL),
(23, '087704373pao', 174, 'viviana.olguin@utelvt.edu.ec', 1, 'educaysoft.org/sica/documento/listar', NULL),
(24, 'ili290816', 175, 'iliana.mendoza@utelvt.edu.ec', 1, 'educaysoft.org/sica/documento/listar', NULL),
(25, '199127', 176, 'alvaroz.cacierra56@gmail.com', 1, 'educaysoft.org/sica/documento/listar', 1),
(26, 'germania15', 177, 'clarissa.vera.tello@utelvt.edu.ec', 1, 'educaysoft.org/sica/documento/listar', NULL),
(28, 'Janel.,Fernando', 179, 'kenfer593@hotmail.com', 1, 'educaysoft.org/sica/documento/listar', NULL),
(29, '1996', 180, 'cristina.nazareno@utelvt.edu.ec', 1, 'educaysoft.org/sica/documento/listar', NULL),
(30, 'teso2019', 181, 'homero.ortiz@utelvt.edu.ec', 1, 'educaysoft.org/sica/documento/listar', NULL),
(31, 'Leidy12345', 182, 'leiida25linjoy@gmail.com', 1, 'educaysoft.org/sica/documento/listar', NULL),
(32, 'kemadi2002', 183, 'lida.guerrero@utelvt.edu.ec', 1, 'educaysoft.org/sica/documento/listar', NULL),
(33, 'angelymagali1', 184, 'the.tito.1992@gmail.com', 1, 'educaysoft.org/sica/documento/listar', NULL),
(34, '03081997', 185, 'marlonblady@hotmail.es', 1, 'educaysoft.org/sica/documento/listar', NULL),
(35, '0804151181vico', 186, 'joselyn.mero@utelvt.edu.ec', 1, 'educaysoft.org/sica/documento/listar', NULL),
(36, 'isaiaspanezo25', 187, 'angelo.panezo.barboza@utelvt.edu.ec', 1, 'educaysoft.org/sica/documento/listar', NULL),
(37, 'jacobito', 188, 'rojasmaritza03@gmail.com', 1, 'educaysoft.org/sica/documento/listar', NULL),
(38, 'kensogm18096', 189, 'kenso.guerrero@utelvt.edu.ec', 1, 'educaysoft.org/sica/documento/listar', NULL),
(39, 'Dqrio779802', 190, 'dariosan1998@gmail.com', 1, 'educaysoft.org/sica/documento/listar', NULL),
(40, 'Morgiana1950', 191, 'jandri.ganchozo.bennett@utelvt.edu.ec', 1, 'educaysoft.org/sica/documento/listar', 1),
(41, '0804363539', 192, 'carmen.giler@utelvt.edu.ec', 1, 'educaysoft.org/sica/documento/listar', NULL),
(42, 'Erick1995', 193, 'erick.estupinan@utelvt.edu.ec', 1, 'educaysoft.org/sica/documento/listar', NULL),
(43, 'adrianazukida02', 194, 'fidel.garcia@utelvt.edu.ec', 1, 'educaysoft.org/sica/documento/listar', NULL),
(44, 'manucho0507', 195, 'manuel.espana.corozo@utelvt.edu.ec', 1, 'http://educaysoft.org/sica/documento/listar/', 1),
(45, '08043151413001', 196, 'jexi.valencia.angulo@utelvt.edu.ec', 1, 'educaysoft.org/sica/documento/listar', NULL),
(46, 'carolinate97', 197, 'alexandra.tenorio@telvt.edu.ec', 1, 'educaysoft.org/sica/documento/listar', NULL),
(47, '12345m', 198, 'marcelo.largo@utelvt.edu.ec', 1, 'educaysoft.org/sica/documento/listar', NULL),
(48, 'IXEL2013', 199, 'cinthya.llumiquinga@utelvt.edu.ec', 1, 'educaysoft.org/sica/documento/listar', NULL),
(49, 'kfc11198', 200, 'kevin.flores.chica@utelvt.edu.ec', 1, 'educaysoft.org/sica/documento/listar', NULL),
(50, 'corinita24', 201, 'joselyn.mosquera@utelvt.edu.ec', 1, 'educaysoft.org/sica/documento/listar', NULL),
(51, '2chicho2', 202, 'bryan.farias@utelvt.edu.ec', 1, 'educaysoft.org/sica/documento/listar', NULL),
(52, 'erick360', 203, 'erick.preciado@utelvt.edu.ec', 1, 'educaysoft.org/sica/documento/listar', NULL),
(53, '080349063010', 204, 'raquel.pianchiche@utelvt.edu.ec', 1, 'educaysoft.org/sica/documento/listar', NULL),
(55, 'walter2020', 206, 'walter.gallegos@utelvt.edu.ec', 1, 'educaysoft.org/sica/documento/listar', NULL),
(56, 'Anthony1998', 207, 'anthony.kratos@hotmail.com', 1, 'educaysoft.org/sica/documento/listar', NULL),
(57, '2569478', 208, 'oswaldo.roman@utelvt.edu.ec', 1, 'educaysoft.org/sica/documento/listar', 1),
(58, '123456', 209, 'ivrofrca1@gmail.com', 1, 'documento/listar', 1),
(61, 'Corviche2021', 220, 'niurka.ramirez.castro@utelvt.edu.ec', 1, 'principal', NULL),
(62, 'ELMejor463.', 221, 'isaac.tafur.leon@utelvt.edu.ec', 1, 'principal', NULL),
(63, 'Kimberly09', 222, 'kimberly.angulo@utelvt.edu.ec', 1, 'principal', 1),
(64, 'Emikito123', 223, 'emiherre1@gmail.com', 1, 'principal', NULL),
(65, 'jean_28112019', 224, 'jean.angulo.cedeno@utelvt.edu.ec', 1, 'principal', NULL),
(66, 'javierlucas2003', 225, 'joseph.lucas.angulo@utelvt.edu.ec', 1, 'principal', 1),
(67, 'JULIETTKARIME', 226, 'fabian.garces.portes@utelvt.edu.ec', 1, 'principal', NULL),
(68, '0851510040', 227, 'emily.realpe.estupinan@utelvt.edu.ec', 1, 'principal', NULL),
(69, 'maximo123', 228, 'isaac.gonzalez.sanchez@utelvt.edu.ec', 1, 'principal', NULL),
(70, '0850036856rb', 229, 'carlos.balseca.nevarez@utelvt.edu.ec', 1, 'principal', NULL),
(71, 'ANGC/2004', 230, 'ada.galarza.caicedo@utelvt.edu.ec', 1, 'principal', NULL),
(73, 'samy202098123321', 232, 'aymar.velez.carrera@utelvt.edu.ec', 1, 'principal', NULL),
(74, 'lizbeth03', 233, 'genessis.gracia.diaz@utelvt.edu.ec', 1, 'principal', NULL),
(75, 'andreina30p', 234, 'andreina.penafiel.ramirez@utelvt.edu.ec', 1, 'principal', NULL),
(76, '0850179698Pa', 235, 'jenniffer.torres.ayovi@utelvt.edu.ec', 1, 'principal', NULL),
(77, 'Katherin18', 236, 'katherin.zambrano.neira@utelvt.edu.ec', 1, 'principal', NULL),
(78, '08SePTIeMBRe199@_/', 237, 'joseph.ruano.jama@utelvt.edu.ec', 1, 'principal', NULL),
(79, 'helltakerharem2003', 238, 'jharol.ruano.jama@utelvt.edu.ec', 1, 'principal', NULL),
(80, '230920', 239, 'maroly.anapa.corozo@utelvt.edu.ec', 1, 'principal', NULL),
(81, '1987jose', 240, 'mastercompuluis@gmail.com', 1, 'principal', NULL),
(82, 'bianka16', 241, 'bianka.martinez.endara@utelvt.edu.ec', 1, 'principal', NULL),
(83, '123456', 244, 'mczcamacho@gmail.com', 1, 'documento/listar/', 1),
(85, '123456', 246, 'frfq2010@hotmail.com', 1, 'principal', 1),
(86, '123456', 247, 'maria.angulo@gmail.com', 1, 'detalle/24', 1),
(87, '123456', 35, 'william.chanba@gmail.com', 1, 'evento/detalle/24', 1),
(88, 'JOSELYN2002', 248, 'joselyn.oviedo.gamez@utelvt.edu.ec', 1, 'detalle/24', 1),
(89, '123456', 252, 'erickcaldaangulo@utelvt.edu.ec', 1, 'evento/detalle/26', 1),
(90, '123456', 253, 'dana.capurro.mendoza@utelvt.edu.ec', 1, 'evento/detalle/26', 1),
(92, '123456', 159, 'kevin.garrido@utelvt.edu.ec', 1, 'evento/detalle/27', 1),
(93, 'genesis2217', 254, 'genesis.giron.lupu@utelvt.edu.ec', 1, 'evento/detalle/25', 1),
(95, 'Jamilethe', 256, 'gady.angulo.alarcon@utelvt.edu.ec', 1, 'evento/detalle/25', 1),
(96, 'TUAREZVARGAS312', 257, 'roshiitoral312@gmail.com', 1, 'evento/detalle/25', 1),
(97, 'jugadores11', 258, 'erickmanzaba@hotmail.com', 1, 'evento/detalle/25', 1),
(98, '13022002', 259, 'britney.garcia.arroyo@utelvt.edu.ec', 1, 'evento/detalle/25', 1),
(99, 'dianaliseth', 260, 'diana.campos.castillo@utlevt.edu.ec', 1, 'evento/detalle/25', 1),
(100, 'andresito07', 261, 'carlos.rivero.ortiz@utelvt.edu.ec', 1, 'evento/detalle/25', 1),
(101, 'Rodrigo29032003', 262, 'rodrigo.teixeira.gonzalez@utelvt.edu.ec', 1, 'evento/detalle/25', 1),
(102, '12pervi12', 263, 'pervis.zurita.valencia@utelvt.edu.ec', 1, 'http://educaysoft.org/sica/evento/listar_participantes/24', 1),
(103, '85Jj9B6YrvPtrXD', 264, 'luis.preciado.montezuma@utelvt.edu.ec', 1, 'evento/detalle/25', 1),
(104, 'Cn092006654', 265, 'carolina.nazareno.chila@utelvt.edu.ec', 1, 'evento/detalle/25', 1),
(105, 'Diosesamor', 266, 'sandy.mera.guerrero@utelvt.edu.ec', 1, 'evento/detalle/25', 1),
(106, 'elangelnegro', 267, 'sergio.guerron.rodriguez@utelvt.edu.ec', 1, 'evento/detalle/25', 1),
(107, '0961592832', 268, 'cesar.mocha.zambrano@utelvt.edu.ec', 1, 'evento/detalle/25', 1),
(108, 'rocio20', 269, 'lely.alvarado.gruezo@utelvt.edu.ec', 1, 'evento/detalle/25', 1),
(109, 'ARTI3101*', 270, 'ariel.ance.alarcon@utelvt.edu.ec', 1, 'evento/detalle/25', 1),
(110, 'joseporoz4', 271, 'jose.porozo.caicedo@utelvt.edu.ec', 1, 'evento/detalle/25', 1),
(111, '0988021142', 272, 'josselyn.banguera.tircio@utelvt.edu.ec', 1, 'evento/detalle/25', 1),
(112, '3deinformatica', 273, 'alisson.quinone.canchingre@utevlt.edu.ec', 1, 'evento/detalle/25', 1),
(113, '0850043704m', 274, 'miguel.tigreros.estacio@utelvt.edu.ec', 1, 'evento/detalle/25', 1),
(114, '0805354180', 275, 'brittany.bone.campas@utelvt', 1, 'evento/detalle/25', 1),
(115, '20030402', 276, 'garcia.sylka343@gmail.com', 1, 'evento/detalle/25', 1),
(116, 'dc0804156404', 277, 'zaira.mendez.jaen@utelvt.edu.ec', 1, 'http://educaysoft.org/sica/evento/listar_participantes/8', 1),
(117, '3S48K2xmqBx9Q29', 264, 'luisdavidpremon@gmail.com', 1, 'detalle/24', 1),
(118, '28061997mayra', 278, 'mayra.tigua.rodriguez@utelvt.edu.ec', 1, 'evento/detalle/25', 1),
(119, 'C69cThUfuT4LQW5', 277, 'mendezzaira351@gmail.com', 1, 'principal', NULL),
(120, '16042003', 279, 'arturokevind@gmail.com', 1, 'principal', 1),
(121, 'mejiamicolta10', 280, 'jose.mejia.micolta@utelvt.edu.ec', 1, 'evento/detalle/26', 1),
(122, '1987jose1987', 240, 'jose.proano.tenorio@utelvt.edu.ec', 1, 'evento/detalle/26', 1),
(123, 'Kiarita2003@', 249, 'kiara.barrera.garcia@utelvt.edu.ec', 1, 'evento/detalle/26', 1),
(124, 'capurromendoza2004', 253, 'danna.capurro.mendoza@utelvt.edu.ec', 1, 'evento/detalle/26', 1),
(125, 'emily2002', 227, 'emilyrealpe9@gmail.com', 1, 'evento/detalle/26', 1),
(126, 'gabriela20022002', 281, 'emily.sevilla.falconi@utelvt.edu.ec', 1, 'evento/detalle/26', 1),
(127, 'camilapelotuda182408', 282, 'camily.muso.diaz@utelvt.edu.ec', 1, 'evento/detalle/26', 1),
(128, 'BJPianchiche23', 283, 'byron.quinonez.pianchiche@utelvt.edu.ec', 1, 'evento/detalle/26', 1),
(129, 'kataleya2017', 284, 'estefaniagranja26@gmail.com', 1, 'evento/detalle/26', 1),
(130, 'ISMAWIPE', 285, 'kevin.valencia.castillo.@utelvt.edu.ec', 1, 'evento/detalle/26', 1),
(131, 'Kaivdob180VVP', 286, 'andrea.ordonez.valencia@utelvt.edu.ec', 1, 'evento/detalle/26', 1),
(132, 'jamileth28', 287, 'eugenia.chichande.mendez@utelvt.edu.ec', 1, 'evento/detalle/26', 1),
(133, '123456', 288, 'galo.maldonado@utelvt.edu.ec', 1, 'detalle/24', 1),
(134, 'Jaen1997', 289, 'naly_18@outlook.com', 1, 'http://educaysoft.org/sica/evento/listar_participantes/8', 1),
(135, 'isabela02', 290, 'alexandra.vizcaino.velis@utlevt.edu', 1, 'evento/detalle/25', 1),
(136, 'aprovechamiento', 291, 'danielachila27@gmail.com', 1, 'http://educaysoft.org/sica/evento/listar_participantes/8', 1),
(137, '0995157703', 292, 'carlos.trejo.zambrano@utelvt.edu.ec', 1, 'evento/detalle/26', 1),
(138, '7HX3zBHc26m2QDB', 293, 'camilapanezo@gmail.com', 1, 'evento/detalle/25', 1),
(139, '19032004@', 294, 'hector.lozada.escobar@utelvt.edu.ec', 1, 'evento/detalle/25', 1),
(142, 'Dayana28', 297, 'evelynchichande1@gmail.com', 1, 'evento/detalle/25', 1),
(143, 'fannyisabel1118', 298, 'alisson.vanegas.corozo@utelvt.edu.ec', 1, 'evento/detalle/25', 1),
(144, 'daniela2009', 299, 'daniela.montesdeoca.castillo@utelvt.edu.ec', 1, 'evento/detalle/24', 1),
(145, '12Dioses', 300, 'jean.cortez.torres@utelvt.edu.ec', 1, 'evento/detalle/25', 1),
(147, '7DLLWk8xpipyPrk', 302, 'scarleth.ortiz.lugo@utelvt.com.ec', 1, 'evento/detalle/26', 1),
(148, '0850873860', 303, 'irene.checa.chila@utelvt.edu.ec', 1, 'evento/detalle/26', 1),
(149, 'danna0103', 304, 'bolivar.zambrano.banguera@utelvt.edu.ec', 1, 'principal', NULL),
(153, 'Costaverde1011', 308, 'aldo.carvajal.klinger@utelvt.edu.ec', 1, 'evento/detalle/25', 1),
(154, 'Halloffame05@', 309, 'leonardo.hurtado.mancilla@utelvt.edu.ec', 1, 'evento/detalle/25', 1),
(155, '16042003kevin', 279, 'kevin.arturo.guerrero@utelvt.edu.ec', 1, 'evento/detalle/25', 1),
(156, 'Alison.0804', 310, 'alissonchila4@gmail.com', 1, 'evento/detalle/25', 1),
(157, 'joseluis1719', 311, 'jose.erazo.leon@utelvt.edu.ec', 1, 'evento/detalle/25', 1),
(158, 'pisco1998', 312, 'gladis.pisco.paredes@utelvt.edu.ec', 1, 'evento/detalle/26', 1),
(160, 'Oneyda3012', 314, 'jennifer.pata.mina@utelvt.edu.ec', 1, 'evento/detalle/25', 1),
(162, 'a0805094612', 316, 'araceli.ruano.bamba@utelvt.ede.ec', 1, 'evento/detalle/24', 1),
(163, 'Kevinarmando99', 317, 'kevin.bustos.reyes@utelvt.edu.ec', 1, 'evento/detalle/25', 1),
(164, 'elizalde2000', 318, 'ingrith.elizalde.elizalde@utelvt.edu.ec', 1, 'evento/detalle/25', 1),
(165, '1800Daniel', 319, 'kevin.montano.vera@utelvt.edu.ec', 1, 'evento/detalle/25', 1),
(166, 'jeanz19', 320, 'jean06812@gmail.com', 1, 'evento/detalle/25', 1),
(167, 'cris1718', 321, 'cristina.veces.bone@utelvt.edu.ec', 1, 'evento/detalle/25', 1),
(168, 'helenballesteros', 322, 'helen.ballesteros.cedeno@utelvt.edu.ec', 1, 'evento/detalle/25', 1),
(169, 'yoli0804553097', 323, 'yolanda.gracia.bautista@utelvt.edu.ec', 1, 'evento/detalle/25', 1),
(173, 'dario93', 327, 'dario.vallejo.lopez@utelvt.edu.ec', 1, 'evento/detalle/25', 1),
(174, '123456', 328, 'jimmy.ramirez@utelvt.edu.ec', 1, 'evento/detalle/27', 1),
(175, '123456', 329, 'marcelo.reina@utelvt.edu.ec', 1, 'evento/detalle/27', 1),
(176, '123456', 330, 'teresa.mina@utelvt.edu.ec', 1, 'evento/detalle/27', 1),
(177, 'oswaldo2022', 331, 'ramon.velasco.angulo@utelvt.edu.ec', 1, 'evento/detalle/24', 1),
(178, 'Solitaria', 332, 'Sinthya.gonzales@utelvt.edu.ec', 1, 'principal', NULL),
(179, 'Bangtanboys', 201, 'joselynmosquera1992@gmail.com', 1, 'principal', NULL),
(180, '0101', 179, 'kevin.pozo@utelvt.edu.ec', 1, 'principal', NULL),
(181, '123456789', 198, '21mfbgemis@gmail.com', 1, 'principal', NULL),
(182, 'elielt', 333, 'pierinac12@gmail.com', 1, 'principal', NULL),
(183, 'yamileth', 334, 'jenniffer.ibarra.hernandez@utelvt.edu.ec', 1, 'principal', NULL),
(184, '1996', 180, 'cristinr21@gmail.com', 1, 'principal', NULL),
(185, 'jacobito', 188, 'maritza.rojas.montano@utvelt.edu.ec', 1, 'evento/detalle/27', 1),
(186, 'Carolinate97', 197, 'alexatenorio97@gmail.com', 1, 'evento/detalle/27', 1),
(187, '0803716810', 184, 'angel.rivera@utelvt.edu.ec', 1, 'evento/detalle/27', 1),
(188, 'nezareth1995', 335, 'netzaret.quintero.orellana@utelvt.edu.ec', 1, 'evento/detalle/25', 1),
(189, 'lucas242018', 337, 'nayeli.guevara.garcia@utelvt.edu.ec', 1, 'evento/detalle/25', 1),
(190, 'moreira01', 338, 'reiraxavi2000@gmail.com', 1, 'evento/detalle/25', 1),
(191, 'luisbryan', 339, 'luis.leon.rodriguez@utelvt.edu.ec', 1, 'evento/detalle/26', 1),
(192, 'Jaen1997', 289, 'viviana.jaen@utelvt.edu.ec', 1, 'evento/detalle/26', 1),
(193, 'septiembre2003', 250, 'stefany.bedoya.napa@utelvt.edu.ec', 1, 'evento/detalle/26', 1),
(194, 'Emikito123', 223, 'emiko.ibarra.herrera@utelvt.edu.ec', 1, 'evento/detalle/26', 1),
(195, 'ISMAWIPE', 285, 'kevin.valencia.castillo@utelvt.edu.ec', 1, 'evento/detalle/26', 1),
(196, 'EMIR2020', 340, 'angie.tigua.rodriguez@utelvt.edu.ec', 1, 'evento/detalle/26', 1),
(197, 'Santa23', 341, 'dayana.garcia.sanchez@utelvt.edu.ec', 1, 'evento/detalle/26', 1),
(198, 'GRANJA1995', 284, 'estefania.granja.jaramillo@utelvt.edu.ec', 1, 'evento/detalle/26', 1),
(199, 'Dioses12', 300, 'Jean.cortez.torres@utelvt.com', 1, 'evento/detalle/25', 1),
(200, '3deinformatica', 273, 'alisson.quinonez.canchingre@utelvt.edu.ec', 1, 'evento/detalle/25', 1),
(201, 'preciadoluis2004', 264, 'luisdavidpreciadomontezuma@gmail.com', 1, 'evento/detalle/25', 1),
(202, '20030402ss', 276, 'sylka.garcia.mesias@utelvt.edu.ec', 1, 'evento/detalle/25', 1),
(203, 'johncoime2003', 342, 'john.coime.bone@utelvt.edu.ec', 1, 'evento/detalle/25', 1),
(204, 'Panezo20', 293, 'camia.panezo.tenorio@utelvt.edu.ec', 1, 'evento/detalle/25', 1),
(205, 'Costaverde1011', 308, 'aldo.carvajl.klinger@utelvt.edu.ec', 1, 'evento/detalle/25', 1),
(206, 'TUAREZVARGAS123', 257, 'vanessa.vargas.toral@utelvt.edu.ec', 1, 'evento/detalle/25', 1),
(207, 'helenballesteros', 322, 'helen.ballesteros.cedeno@utlelvt.edu.ec', 1, 'evento/detalle/25', 1),
(208, 'sandraluca02', 343, 'sandra.lucas@ecu911.gob.ec', 1, 'evento/detalle/28', 1),
(209, 'ximenagonzalez04', 344, 'ximena.gonzalez@ecu911.gob.ec', 1, 'evento/detalle/28', 1),
(210, 'joannavelasco05', 345, 'johnna.altamirano.velasco@utelvt.edu.ec', 1, 'evento/detalle/28', 1),
(211, 'mayadevi05', 346, 'mayadevi.saavedra@ecu911.gob.ec', 1, 'evento/detalle/28', 1),
(212, 'joselynmontalvo06', 347, 'joselyn.montalvo@ecu911.gob.ec', 1, 'evento/detalle/28', 1),
(213, 'johana07', 348, 'yohana.prado@ecu911.gob.ec', 1, 'evento/detalle/28', 1),
(214, 'yadira09', 349, 'yadira.simisterra@ecu911.gob.ec', 1, 'evento/detalle/28', 1),
(215, 'jessenia11', 350, 'yesenia.estupinan@ecu911.gob.ec', 1, 'evento/detalle/28', 1),
(216, 'ruthlara14', 351, 'ruth.lara@ecu911.gob.ec', 1, 'evento/detalle/28', 1),
(217, 'victor15', 352, 'victot.ordonez@ecu911.gob.ec', 1, 'evento/detalle/28', 1),
(218, '0805354180', 275, 'brittany.bone.campas@utelvt.edu.ec', 1, 'evento/detalle/24', 1),
(219, 'mela2002', 291, 'daniela.chila.rosales@utelvt.edu.ec', 1, 'evento/detalle/26', 1),
(220, 'desachuno1234', 252, 'erick.calda.angulo@utelvt.edu.ec', 1, 'http://educaysoft.org/sica/evento/listar_participantes/8', 1),
(221, '2908Misfits', 353, 'juan.reina.mite@utelvt.edu.ec', 1, 'evento/detalle/25', 1),
(222, 'Camila20', 293, 'camila.panezo.tenorio@utelvt.edu.ec', 1, 'evento/detalle/25', 1),
(223, '0989321644', 354, 'odalismelany2002@gmail.com', 1, 'evento/detalle/25', 1),
(224, '123456', 355, 'sandino_j@hotmail.com', 1, 'evento/detalle/24', 1),
(225, '0967847027', 356, 'rene.velasco.vite@utelvt.edu.ec', 1, 'http://educaysoft.org/sica/evento/listar_participantes/8', 1),
(226, '123456', 357, 'anthony.garcia.bone@utelvt.edu.ec', 1, 'evento/detalle/26', 1),
(227, '123456', 358, 'emaly.cortez.corozo@utelvt.edu.ec', 1, 'evento/detalle/25', 1),
(228, '123456', 359, 'merci.solis@utelvt.edu.ec', 1, 'evento/detalle/25', 1),
(229, '123456', 251, 'isaias.canizares.ponce@utelvt.edu.ec', 1, 'evento/detalle/26', 1),
(230, '123456', 361, 'mixy.pinillo@utelvt.edu.ec', 1, 'evento/detalle/27', 1),
(231, '0802845396', 362, 'jenniffer.mancilla@utelvt.edu', 1, 'evento/detalle/7', 1),
(232, 'josueemanuel', 363, 'ana.moreira@utelvt.edu.ec', 1, 'evento/detalle/7', 1),
(233, 'fym21062013', 364, 'majitoburbano1@gmail.com', 1, 'evento/detalle/7', 1),
(234, '123456', 365, 'janio.ibarra@utelvt.edu.ec', 1, 'evento/detalle/30', 1),
(235, '@gael12', 173, 'gverasaavedra@gmail.com', 1, 'evento/detalle/30', 1),
(236, '1111', 369, 'aroby@armada.mil.ec', 1, 'evento/detalle/30', 1),
(237, 'ThorBellio', 370, 'gaby_257@hotmail.es', 1, 'evento/detalle/30', 1),
(238, '123456', 371, 'viviana.burbano.gamez@utelvt.edu.ec', 1, 'evento/detalle/32', 1),
(239, 'diosesamor30', 372, 'saskya.samande@utelvt.edu.ec', 1, 'evento/detalle/24', 1),
(240, '123456', 374, 'nedelvac@gmail.com', 1, 'evento/detalle/33', 1),
(241, '123456', 370, 'acanizares@armada.mil.ec', 1, 'evento/detalle/31', 4),
(242, '123456', 375, 'jorge.perea@utelvt.edu.ec', 1, 'evento/detalle/31', 4),
(243, '123456', 376, 'tito.santo@utelvt.edu.ec', 1, 'evento/detalle/32', 1),
(244, '0850054149', 377, 'jandry.rodriguez@utelvt.edu.ec', 1, 'evento/detalle/32', 1),
(245, '0850824590', 378, 'joxi.jama@utelvt.edu.ec', 1, 'evento/detalle/32', 1),
(246, '0804586568', 379, 'wagner.zuniga@utelvt.edu.ec', 1, 'evento/detalle/32', 1),
(247, '0803163583', 380, 'cristhian.moncayo@utelvt.edu.ec', 1, 'evento/detalle/32', 1),
(248, '0805406105', 381, 'jackson.aguilar@utelvt.edu.ec', 1, 'evento/detalle/32', 1),
(249, '0803969104', 382, 'johan.cuero@utelvt.edu.ec', 1, 'evento/detalle/32', 1),
(250, '0850179698Pa', 235, 'jenniffertorresa@gmail.com', 1, 'evento/detalle/26', 1),
(251, 'lorena19', 383, 'evelyn.rincones.valencia@utelvt.edu.ec', 1, 'evento/detalle/26', 1),
(252, 'Lobita77_', 359, 'mercy.solis@utelvt.edu.ec', 1, 'evento/detalle/34', 1),
(253, 'jaMauno12', 384, 'guidoj112@gmail.com', 1, 'evento/detalle/31', 4),
(254, '2001gabriela', 385, 'banderaor@hptmail.com', 1, 'evento/detalle/31', 4),
(255, 'Ethan2010*', 386, 'elpatrick198624@gmail.com', 1, 'evento/detalle/31', 4),
(256, 'MNbe1234', 387, 'mirian-nbe@hotmail.com', 1, 'evento/detalle/31', 4),
(257, 'cartumar1234', 388, 'mariateresabejarano@hotmail.com', 1, 'evento/detalle/31', 4),
(258, 'josimar1987', 389, 'ingjosimar-emir@hotmail.com', 1, 'evento/detalle/34', 1),
(259, '123456', 8, 'sfrancis@espol.edu.ec', 1, 'evento/detalle/34', 1),
(260, 'gemitaymax19', 390, 'sanchezgema22@yahoo.com', 1, 'evento/detalle/31', 4),
(261, 'Shaskya2012', 391, 'moelquemopo25@hotmail.com', 1, 'evento/detalle/31', 4),
(262, 'CsR24BvzbfDaLAz', 392, 'perlazaverasandra@gmail.com', 1, 'evento/detalle/31', 4),
(263, '123456', 393, 'alexacero1993@gmail.com', 1, 'evento/detalle/33', 1),
(264, '123456', 394, 'lopezroberto022@gmail.com', 1, 'evento/detalle/33', 1),
(265, '7mgLEvFi3DxjNuy', 410, 'cecisotomayor2020@gmail.com', 1, 'http://educaysoft.org/sica/evento/listar_participantes/8', 1),
(266, 'Jisarabella2004', 412, 'guillermo_8022@hotmail.com', 1, 'evento/detalle/33', 1),
(267, '0804185528', 413, 'sulemacortez1993@gmail.com', 1, 'evento/detalle/31', 1),
(268, '0801948134', 414, 'padillatntx@hotmail.com', 1, 'evento/detalle/31', 1),
(269, '0803820315', 415, 'cesarin.202_ec-love@hotmail.com', 1, 'evento/detalle/31', 1),
(270, '0802982330', 416, 'tenoriochichandeandres@yahoo.com', 1, 'evento/detalle/31', 1),
(271, '0802390971', 417, 'nachydiana84@gmail.com', 1, 'evento/detalle/31', 1),
(272, '0803465848', 418, 'anibal_chica@hotmail.com', 1, 'evento/detalle/31', 1),
(273, '0801854969', 419, 'rocioru26@outlook.com', 1, 'evento/detalle/31', 1),
(274, '1205051715', 420, 'ezeuriarte@gmail.com', 1, 'evento/detalle/31', 1),
(275, '0801450982', 421, 'filadelfia.arteaga@educacion.gob.ec', 1, 'evento/detalle/31', 1),
(276, '0801890609', 422, '0802890609gmch@gmail.com', 1, 'evento/detalle/31', 1),
(277, '0802128199', 423, 'ramonrodriguez1984@hotmail.com', 1, 'evento/detalle/31', 1),
(278, '0802005967', 424, 'darwind.ramon@edicacion.gob.ec', 1, 'evento/detalle/31', 1),
(279, '0804160828', 425, 'vivianaguerrero21@hotmail.com', 1, 'evento/detalle/31', 1),
(280, '1803070893', 426, 'luis.morenoj@educacion.gob.ec', 1, 'evento/detalle/31', 1),
(281, '0801895939', 427, 'alberto8942@hotmail.com', 1, 'evento/detalle/31', 1),
(282, '0801648585', 428, 'selidahernadez321@gmail.com', 1, 'evento/detalle/31', 1),
(283, '0802067603', 429, 'varinya.diaz@educacion.gob.ec', 1, 'evento/detalle/31', 1),
(284, '0801407180', 430, 'lettysaavedracortez@hotmail.com', 1, 'evento/detalle/31', 1),
(285, '0804083293', 431, 'w.gamez1993@gmail.com', 1, 'evento/detalle/31', 1),
(286, '0802206771', 432, 'frankie.mesias@educacion.gob.ec', 1, 'evento/detalle/31', 1),
(287, '0801806613', 433, 'francisco.mendez@educacion.gob.ec', 1, 'evento/detalle/31', 1),
(288, '0802270579', 434, 'jennifferninf@hotmail.com', 1, 'evento/detalle/31', 1),
(289, '0803086578', 435, 'wladimirerazo@gmail.com', 1, 'evento/detalle/31', 1),
(290, '0801214016', 436, 'anamaldonado1964@live.com', 1, 'evento/detalle/31', 1),
(291, '0802206771', 432, 'mcarlosfrankie@gmail.com', 1, 'evento/detalle/31', 1),
(292, '0802653006', 437, 'mfoq18@gmail.com', 1, 'evento/detalle/31', 1),
(293, '0803522283', 438, 'rcyaque1985@hotmail.com', 1, 'evento/detalle/31', 1),
(294, '0907764823', 439, 'martheli61@hotmail.com', 1, 'evento/detalle/31', 1),
(295, '0801650870', 440, 'marcella.caicedo@educacion.gob.ec', 1, 'evento/detalle/31', 1),
(296, '0801314261', 441, 'tallerelectra@hotmail.es', 1, 'evento/detalle/31', 1),
(297, '0801217597', 442, 'danny.castillo@educacion.gob.ec', 1, 'evento/detalle/31', 1),
(298, '0803433507', 443, 'laantik01@gmail.com', 1, 'evento/detalle/31', 1),
(299, '0803433515', 444, 'ashleyquinonezturismo@gmail.com', 1, 'evento/detalle/31', 1),
(300, '0803097989', 445, 'henry.quintero@educacion.gob.ec', 1, 'evento/detalle/31', 1),
(301, '1711319978', 446, 'nancydelgadoangulo@gmail.com', 1, 'evento/detalle/31', 1),
(302, '0801588047', 447, 'fredayanara@hotmail.com', 1, 'evento/detalle/31', 1),
(303, '0802761825', 448, 'godoy.joselu@gmail.com', 1, 'evento/detalle/31', 1),
(304, '0803715374', 449, 'ivette.castro@educacion.gob.ec', 1, 'evento/detalle/31', 1),
(305, '0801580671', 450, 'veronica.moreira@educacion.gob.ec', 1, 'evento/detalle/31', 1),
(306, '0800927501', 451, 'beirutjuanita@gmail.com', 1, 'evento/detalle/31', 1),
(307, '0850225384', 452, 'borysesg95@gmail.com', 1, 'evento/detalle/31', 1),
(308, '0801414210', 453, 'lear8235@hotmail.com', 1, 'evento/detalle/31', 1),
(309, '0802533364', 454, 'zule.rivasq@gmail.com', 1, 'evento/detalle/31', 1),
(310, '0801149303', 455, 'ginaalexandra1965@gmail.com', 1, 'evento/detalle/31', 1),
(311, '0802133553', 456, 'lichito08@hotmail.com', 1, 'evento/detalle/31', 1),
(312, '0803928324', 457, 'dimonca1991@gmail.com', 1, 'evento/detalle/31', 1),
(313, '0801742636', 458, 'olguita251@live.com', 1, 'evento/detalle/31', 1),
(314, '0801581513', 459, 'irmisdec@hotmail.com', 1, 'evento/detalle/31', 1),
(315, '0801721119', 460, 'nusomare_73@hotmail.es', 1, 'evento/detalle/31', 1),
(316, '0802979500', 461, 'victor.tafur@educacion.gob.ec', 1, 'evento/detalle/31', 1),
(317, '0802097238', 462, 'juanpabloanguloalarcon@yahoo.es', 1, 'evento/detalle/31', 1),
(318, '0803293976', 463, 'papapa241@gmail.com', 1, 'evento/detalle/31', 1),
(319, '0800927618', 464, 'rebecarivero9@hotmail.com', 1, 'evento/detalle/31', 1),
(320, '0803760883', 465, 'alexalaflaklinda@hotmail.com', 1, 'evento/detalle/31', 1),
(321, '0802158899', 466, 'princesandrita@hotmail.com', 1, 'evento/detalle/31', 1),
(322, '0802083642', 467, 'anitarojasrodriguez@gmail.com', 1, 'evento/detalle/31', 1),
(323, '0802479204', 468, 'chriscampeon1987@gmali.com', 1, 'evento/detalle/31', 1),
(324, '0801107707', 469, 'pjennycorina@yahoo.com', 1, 'evento/detalle/31', 1),
(325, '0800962342', 470, 'nievesaltos01@gmail.com', 1, 'evento/detalle/31', 1),
(326, '0801866922', 471, 'alesandrariver145@hotmail.com', 1, 'evento/detalle/31', 1),
(327, '0801866922', 471, 'alesandrarivera145@hotmail.com', 1, 'evento/detalle/31', 1),
(328, '0800969602', 472, 'cristobal.castro@educacion.gob.ec', 1, 'evento/detalle/31', 1),
(329, '0802028464', 473, 'nopuedoverte.mas@gmail.com', 1, 'evento/detalle/31', 1),
(330, '0802272625', 474, 'sei_ddy_valeska@hotmail.com', 1, 'evento/detalle/31', 1),
(331, '0802350165', 475, 'sulay.maffare@educacion.gob.ec', 1, 'evento/detalle/31', 1),
(332, '0800962342', 470, 'nievitacesa@hotmail.com', 1, 'evento/detalle/31', 1),
(333, '0801958810', 476, 'jesenia31bermudez@outlook.es', 1, 'evento/detalle/31', 1),
(334, '0802241984', 477, 'jahairavera85@gmail.com', 1, 'evento/detalle/31', 1),
(335, '0800856858', 478, 'eduvera1963@hotmail.com', 1, 'evento/detalle/31', 1),
(336, '0801612011', 479, 'rjsanchez_1972@hotmail.com', 1, 'evento/detalle/31', 1),
(337, '0804155786', 480, 'samandarodriguez18@gmail.com', 1, 'evento/detalle/31', 1),
(338, '0802242586', 481, 'sujey.tambaco@edcucacion.gob.ec', 1, 'evento/detalle/31', 1),
(339, '0801433970p', 482, 'patucha2016@outlook.es', 1, 'evento/detalle/31', 1),
(340, '0801580804', 483, 'florinda.chapiro@yahoo.es', 1, 'evento/detalle/31', 1),
(341, '0803455922', 484, 'hector3sacon@gmail.com', 1, 'evento/detalle/31', 1),
(342, '0801657339', 485, 'susanlazomera@hotmail.com', 1, 'evento/detalle/31', 1),
(343, '0800652109', 486, 'xapelo61@live.com', 1, 'evento/detalle/31', 1),
(344, '1003164199', 487, 'virmo12@hotmail.com', 1, 'evento/detalle/31', 1),
(345, '0802329334', 488, 'genith.andrade@educacion.gob.ec', 1, 'evento/detalle/31', 1),
(346, '0802568873', 489, 'tanyaarroyo470@gmail.com', 1, 'evento/detalle/31', 1),
(347, '1717693087', 490, 'florm.herrera@educacion.gob.ec', 1, 'evento/detalle/31', 1),
(348, '0801858622', 491, 'elavallejo@hotmail.com', 1, 'evento/detalle/31', 1),
(349, '1719711028', 492, 'juancho071984@hotmail.com', 1, 'evento/detalle/31', 1),
(350, '0802310201', 493, 'boliviacolobon5@gmail.com', 1, 'evento/detalle/31', 1),
(351, '0801856360', 494, 'dairaclavijo2512@gmail.com', 1, 'evento/detalle/31', 1),
(352, '0800926461', 495, 'josegary2010@hotmail.com', 1, 'evento/detalle/31', 1),
(353, '0802323931', 496, 'jesseniamaciasv@gmail.com', 1, 'evento/detalle/31', 1),
(354, '0802982322', 497, 'marielamartibezmarines@gmail.com', 1, 'evento/detalle/31', 1),
(355, '0802247262', 498, 'zechavo09@hotmail.com', 1, 'evento/detalle/31', 1),
(356, '0802982322', 497, 'marielamartinezmarines@gmail.com', 1, 'evento/detalle/31', 1),
(357, '0801283904', 499, 'bachita_2029@hotmail.com', 1, 'evento/detalle/31', 1),
(358, '0801899915', 500, 'sol.2014_paz@hotmail.com', 1, 'evento/detalle/31', 1),
(359, '0802407007', 501, 'johannacarvajal16@outlook.com', 1, 'evento/detalle/31', 1),
(360, '0801224825', 502, 'mayradelgadoleon@hotmail.com', 1, 'evento/detalle/31', 1),
(361, '0801178120', 503, 'pfjaveraurelio@gmail.com', 1, 'evento/detalle/31', 1),
(362, '0801178120', 503, 'pjavieraurelio@yahoo.com', 1, 'evento/detalle/31', 1),
(363, '0802943506', 504, 'mayraa.rodriguez@educacion.gob.ec', 1, 'evento/detalle/31', 1),
(364, '0701429011', 505, 'petterangulo@hotmail.com', 1, 'evento/detalle/31', 1),
(365, '0801899915', 500, 'mairaestupinan36@gmail.com', 1, 'evento/detalle/31', 1),
(366, '0800875510', 506, 'ciraolave61@gmail.com', 1, 'evento/detalle/31', 1),
(367, '0801758244', 507, 'anacanola@hotmail.com', 1, 'evento/detalle/31', 1),
(368, '0802086843', 508, 'andreaestefy_2786@hotmail.com', 1, 'evento/detalle/31', 1),
(369, '0802592139', 509, 'karenencarnacion1984@htmail.com', 1, 'evento/detalle/31', 1),
(370, '0801887381', 510, 'patyseduccion@hotmail.com', 1, 'evento/detalle/31', 1),
(371, '0801472580', 511, 'mpereatenorio@gmail.com', 1, 'evento/detalle/31', 1),
(372, '0800629628', 512, 'cinthyaklinger15@gmail.com', 1, 'evento/detalle/31', 1),
(373, '0801064247', 513, 'sonia.ceci2014@gmail.com', 1, 'evento/detalle/31', 1),
(374, '0800923575', 514, 'isirodriguezreal@gmail.com', 1, 'evento/detalle/31', 1),
(375, '0801708421', 515, 'nestupinanlicesm@gmail.com', 1, 'evento/detalle/31', 1),
(376, '1307583714', 516, 'carmenpiguave1970@hotmail.com', 1, 'evento/detalle/31', 1),
(377, '0800673758', 517, 'sevilla012016@gmail.com', 1, 'evento/detalle/31', 1),
(378, '0802327692', 518, 'rosinamatamba190@gmail.com', 1, 'evento/detalle/31', 1),
(379, '0802112334', 519, 'lopezquirozluisfabricio@gmail.com', 1, 'evento/detalle/31', 1),
(380, '0914771100', 520, 'rosa.chichande@educacion.gob.ec', 1, 'evento/detalle/31', 1),
(381, '0850245093', 521, 'nnchillambo@espe.edu.ec', 1, 'evento/detalle/31', 1),
(382, '0801256173', 522, 'josecaicedovalverde@gmail.com', 1, 'evento/detalle/31', 1),
(383, '0803407097', 523, 'vanesa04g@gmail.com', 1, 'evento/detalle/31', 1),
(384, '0803103415', 524, 'suelobeza@hotmail.com', 1, 'evento/detalle/31', 1),
(385, '0801285414', 525, 'laberinto66@gmail.com', 1, 'evento/detalle/31', 1),
(386, '0801453994', 526, 'miritagarcia_68@yahoo.com', 1, 'evento/detalle/31', 1),
(387, '0802882241', 527, 'grecia.duchimaza@educacion.gob.ec', 1, 'evento/detalle/31', 1),
(388, '0801805961', 528, 'marina19741@live.com', 1, 'evento/detalle/31', 1),
(389, '0801586876', 529, 'ruth-angulo123@hotmail.com', 1, 'evento/detalle/31', 1),
(390, '0801256173', 522, 'josec.caicedo@educacion.gob.ec', 1, 'evento/detalle/31', 1),
(391, '0802201707', 530, 'gioconda.lucciola@gmail.com', 1, 'evento/detalle/31', 1),
(392, '0801904673', 531, 'kerlybarrezueta@gmail.com', 1, 'evento/detalle/31', 1),
(393, '0803055664', 532, 'dianacarolina.campoc@gmail.com', 1, 'evento/detalle/31', 1),
(394, '1204284853', 533, 'jesseniavargas_77@hotmail.com', 1, 'evento/detalle/31', 1),
(395, '0804455301', 534, 'pielkapatavargas@gmail.com', 1, 'evento/detalle/31', 1),
(396, '0801938382', 535, 'yngrycaicedo1981@gmail.com', 1, 'evento/detalle/31', 1),
(397, '0801524323', 536, 'delfigonza7@gmail.com', 1, 'evento/detalle/31', 1),
(398, '0800819203', 537, 'matamba1988@outlook.com', 1, 'evento/detalle/31', 1),
(399, '0802770891', 538, 'ramond.macias@educacion.gob.ec', 1, 'evento/detalle/31', 1),
(400, '0801398694', 539, 'cbermudezlicesm@gmail.com', 1, 'evento/detalle/31', 1),
(401, '0802135178', 540, 'alexandrareascos@hotmail.com', 1, 'evento/detalle/31', 1),
(402, '0803123165', 541, 'lissettets8@gmail.com', 1, 'evento/detalle/31', 1),
(403, '0802265215', 542, 'elsairom@hotmail.com', 1, 'evento/detalle/31', 1),
(404, '0801749409', 543, 'cvelizlicesm@gmail.com', 1, 'evento/detalle/31', 1),
(405, '0802372128', 544, 'marjorie.gonzales@educacion.gob.ec', 1, 'evento/detalle/31', 1),
(406, '0803546563', 545, 'carla.montesdeocao@educacion.gob.ec', 1, 'evento/detalle/31', 1),
(407, '0801605528', 546, 'luzbone1234@hotmail.com', 1, 'evento/detalle/31', 1),
(408, '0801694795', 547, 'emelybruji@yahoo.com', 1, 'evento/detalle/31', 1),
(409, '0801624560', 548, 'marymina658@yahoo.com', 1, 'evento/detalle/31', 1),
(410, '0801005646', 549, 'kapolitica@gmail.com', 1, 'evento/detalle/31', 1),
(411, '0801005646', 549, 'marilincastillo1963@hotmail.com', 1, 'evento/detalle/31', 1),
(412, '123456', 550, 'jonas.castillo.angulo@utelvt.edu.ec', 1, 'evento/detalle/32', 1),
(413, 'PIWIIB1234', 8, 'educaysoft@hotmail.com', 1, 'evento/detalle/35', 1),
(414, '2310', 551, 'diegoabata1404@gmail.com', 1, 'evento/detalle/35', 1),
(415, 'Usumaki484', 552, 'frickson.camacho@utelvt.edu.ec', 1, 'evento/detalle/35', 1),
(416, 'monta15solis', 553, 'luis.montano.solis@utelvt.edu.ec', 1, 'evento/detalle/35', 1),
(417, '7760leo', 554, 'Leonardo.nazareno@utelvt.edu.ec', 1, 'evento/detalle/35', 1),
(418, 'TARbol85', 555, 'pedro.navas.pacho@utelvt.edu.ec', 1, 'evento/detalle/35', 1),
(419, 'Paulpogba12', 556, 'estiven.guagua1@gmail.com', 1, 'evento/detalle/35', 1),
(420, 'J0996432606', 557, 'Jairogustavo461@gmail.com', 1, 'evento/detalle/35', 1),
(421, 'Nicole0110', 558, 'angie.velez.prado@utelvt.edu.ec', 1, 'evento/detalle/35', 1),
(422, 'nobiembre11', 559, 'suarezjesus1123@gmail.com', 1, 'evento/detalle/35', 1),
(423, '406Colom', 560, 'manuquitoedu@yahoo.es', 1, 'evento/detalle/35', 1),
(424, '1726978131Amadeo', 561, 'josueamadeo3@gmail.com', 1, 'evento/detalle/35', 1);

-- --------------------------------------------------------

--
-- Stand-in structure for view `usuario1`
-- (See below for the actual view)
--
CREATE TABLE `usuario1` (
`idusuario` int(10) unsigned
,`elusuario` varchar(102)
,`elperfil` varchar(100)
,`email` varchar(50)
,`password` varchar(45)
);

-- --------------------------------------------------------

--
-- Table structure for table `videotutorial`
--

CREATE TABLE `videotutorial` (
  `idvideotutorial` int(11) NOT NULL,
  `nombre` varchar(100) DEFAULT NULL,
  `idinstructor` int(11) DEFAULT NULL,
  `idevaluacion` int(11) DEFAULT NULL,
  `duracion` decimal(10,2) DEFAULT NULL,
  `enlace` varchar(300) DEFAULT NULL
) ENGINE=MyISAM DEFAULT CHARSET=latin1;

--
-- Dumping data for table `videotutorial`
--

INSERT INTO `videotutorial` (`idvideotutorial`, `nombre`, `idinstructor`, `idevaluacion`, `duracion`, `enlace`) VALUES
(1, 'historia de computador', 1, 2, '10.00', 'https://www.youtube.com/embed/a8Q2xpI7hbs'),
(2, 'Numero reales', 1, 3, '40.00', 'https://www.youtube.com/embed/lsoFP2YApvs'),
(3, 'Introduccion a latex', 1, 4, '20.00', 'https://www.youtube.com/embed/Jp0lPj2-DQA'),
(4, 'EXCEL BASICOS', 1, 4, '5.00', 'https://www.youtube.com/embed/s7HYswH57gw'),
(5, 'Github', 1, 5, '0.00', 'https://www.youtube.com/embed/DinilgacaWs'),
(6, 'Importancia del mar ecuatoriano', 1, 0, '50.00', 'https://www.youtube.com/embed/xh14InF-xnM'),
(7, 'Calentamiento global', 1, 5, '1.00', 'https://www.youtube.com/embed/hyX20fQeeqs'),
(8, 'Buenas prcticas ambientales', 1, 1, '1.00', 'https://www.youtube.com/embed/h2y560mCcpw'),
(9, 'El valor del mar y tsunami', 1, 1, '1.00', 'https://www.youtube.com/embed/deEg10idRvg'),
(10, 'git y github conceptos bsicos', 1, 6, '19.00', 'https://www.youtube.com/embed/kEPF-MWGq1w');

-- --------------------------------------------------------

--
-- Table structure for table `visita`
--

CREATE TABLE `visita` (
  `idvisita` int(11) NOT NULL,
  `enlace` varchar(300) DEFAULT NULL,
  `visitas` int(11) DEFAULT NULL
) ENGINE=MyISAM DEFAULT CHARSET=latin1;

--
-- Dumping data for table `visita`
--

INSERT INTO `visita` (`idvisita`, `enlace`, `visitas`) VALUES
(1, 'https://educaysoft.org/sica/index.php/login', 150),
(2, 'https://educaysoft.org/sica/index.php/login/user_registration_show', 123),
(3, 'https://educaysoft.org/sica/index.php/login/logout', 50),
(4, 'https://educaysoft.org/sica/login/new_user_registration', 69),
(5, 'http://educaysoft.org/', 233),
(6, 'https://educaysoft.org/sica/login/user_login_process', 117),
(7, 'https://educaysoft.org/sica/curso/iniciar?idpersona=374&idcurso=9&idevento=33', 1),
(8, 'https://educaysoft.org/sica/evento', 6),
(9, 'https://educaysoft.org/sica/index.php/login/user_registration_show?idinstitucion=1&idevento=26', 1),
(10, 'https://educaysoft.org/sica/usuario', 4),
(11, 'https://educaysoft.org/sica/curso/iniciar?idpersona=370&idcurso=8&idevento=31', 1),
(12, 'https://educaysoft.org/sica/participacion/reporte/26', 4),
(13, 'https://educaysoft.org/sica/certificado', 3),
(14, 'https://educaysoft.org/sica/curso/iniciar?idpersona=&idcurso=&idevento=25', 48),
(15, 'https://educaysoft.org/sica/index.php/documento/actual/178', 1),
(16, 'https://educaysoft.org/sica/evento/listar_participantes/31', 4),
(17, 'https://educaysoft.org/sica/index.php/evento', 8),
(18, 'https://educaysoft.org/sica/participacion/add/25', 9),
(19, 'https://educaysoft.org/sica/fechaevento/', 1),
(20, 'https://educaysoft.org/sica/fechaevento/listar/', 1),
(21, 'https://educaysoft.org/sica/fechaevento/actual/68', 1),
(22, 'https://educaysoft.org/sica/participacion/', 1),
(23, 'https://educaysoft.org/sica/participacion/reporte/25', 6),
(24, 'https://educaysoft.org/sica/index.php/evento/actual/25', 3),
(25, 'https://educaysoft.org/sica/participacion/listar/', 1),
(26, 'https://educaysoft.org/sica/evento/listar_participantes/32', 1),
(27, 'https://educaysoft.org/sica/participacion/add/26', 7),
(28, 'https://educaysoft.org/sica/evento/', 3),
(29, 'https://educaysoft.org/sica/login/', 2),
(30, 'https://educaysoft.org/sica/curso/iniciar?idpersona=&idcurso=1&idevento=26', 5),
(31, 'http://educaysoft.org/sica/index.php/login', 3),
(32, 'https://educaysoft.org/sica/curso/iniciar?idpersona=335&idcurso=&idevento=25', 1),
(33, 'https://educaysoft.org/sica/login', 100),
(34, 'https://educaysoft.org/sica/curso/iniciar?idpersona=284&idcurso=0&idevento=29', 1),
(35, 'https://educaysoft.org/sica/curso/iniciar?idpersona=274&idcurso=&idevento=25', 1),
(36, 'https://educaysoft.org/sica/seguimiento/add/33', 3),
(37, 'https://educaysoft.org/sica/curso/iniciar?idpersona=8&idcurso=10&idevento=34', 1),
(38, 'https://educaysoft.org/sica/index.php/login/user_registration_show?idinstitucion=1&idevento=7', 1),
(39, 'https://educaysoft.org/sica/curso/iniciar?idpersona=&idcurso=10&idevento=34', 1),
(40, 'https://educaysoft.org/sica/asistencia/add/26', 1),
(41, 'https://educaysoft.org/sica/participacion/add/34', 1),
(42, 'https://educaysoft.org/sica/participacion/reporte/34', 2),
(43, 'https://educaysoft.org/sica/curso/iniciar?idpersona=389&idcurso=10&idevento=34', 1),
(44, 'https://educaysoft.org/sica/documento/listar/', 1),
(45, 'https://educaysoft.org/sica/telefono', 3),
(46, 'https://educaysoft.org/sica/asistencia/add/25', 1),
(47, 'http://educaysoft.org/sica/login', 2),
(48, 'https://educaysoft.org/sica/participacion/reporte/33', 1),
(49, 'https://educaysoft.org/sica/persona', 1),
(50, 'https://educaysoft.org/sica/estudiante/', 1),
(51, 'https://educaysoft.org/sica/curso/iniciar?idpersona=&idcurso=8&idevento=31', 2),
(52, 'http://educaysoft.org/sica/index.php/login/user_registration_show?idinstitucion=1&idevento=27', 1),
(53, 'https://educaysoft.org/sica/evento/siguiente/33', 1),
(54, 'https://educaysoft.org/sica/modulo', 1),
(55, 'https://educaysoft.org/sica/evento/actual/8', 1),
(56, 'https://educaysoft.org/sica/evento/elultimo/', 3),
(57, 'https://educaysoft.org/sica/evento/anterior/34', 3),
(58, 'https://educaysoft.org/sica/evento/anterior/33', 2),
(59, 'https://educaysoft.org/sica/certificado/listar/', 1),
(60, 'https://educaysoft.org/sica/asistencia/add/33', 1),
(61, 'https://educaysoft.org/sica/index.php/login/registro_postulacion_MTI', 1),
(62, 'https://educaysoft.org/sica/login/registro_postulacion_MTI', 6),
(63, 'https://educaysoft.org/sica/participante', 1),
(64, 'https://educaysoft.org/sica/participanteestado', 1),
(65, 'https://educaysoft.org/sica/participante/listar/', 1),
(66, 'https://educaysoft.org/sica/participante/actual/135', 1),
(67, 'https://educaysoft.org/sica/institucion', 1),
(68, 'https://educaysoft.org/sica/index.php/persona', 2),
(69, 'https://educaysoft.org/sica/portafolioestudiante', 4),
(70, 'https://educaysoft.org/sica/portafolioestudiante/listar_estu/', 4),
(71, 'https://educaysoft.org/sica/documento/add', 1),
(72, 'https://educaysoft.org/sica/ordenador', 1),
(73, 'https://educaysoft.org/sica/index.php/tipodocu', 1),
(74, 'https://educaysoft.org/sica/tipodocu/listar/', 1),
(75, 'https://educaysoft.org/sica/evento/anterior/32', 1),
(76, 'https://educaysoft.org/sica/usuario/listar/', 1),
(77, 'https://educaysoft.org/sica/evento/anterior/31', 1),
(78, 'https://educaysoft.org/sica/evento/siguiente/30', 1),
(79, 'https://educaysoft.org/sica/evento/siguiente/31', 1),
(80, 'https://educaysoft.org/sica/portafolioestudiante/siguiente/3', 1),
(81, 'https://educaysoft.org/sica/portafolioestudiante/elprimero/', 1),
(82, 'https://educaysoft.org/sica/portafolioestudiante/elultimo/', 1),
(83, 'https://educaysoft.org/sica/portafoliodocente/listar_doce/', 1),
(84, 'https://educaysoft.org/sica/estudiante/listar/', 1),
(85, 'https://educaysoft.org/sica/index.php/estudiante', 1),
(86, 'https://educaysoft.org/sica/portafoliodocente/', 1),
(87, 'https://educaysoft.org/sica/portafoliodocente', 1),
(88, 'https://educaysoft.org/sica/login/registro', 3),
(89, 'https://educaysoft.org/sica/login/registrate', 1),
(90, 'http://educaysoft.org/sica/login/registrate', 1),
(91, 'https://educaysoft.org/sica/curso/iniciar?idpersona=82&idcurso=&idevento=35', 1);

-- --------------------------------------------------------

--
-- Table structure for table `visitas`
--

CREATE TABLE `visitas` (
  `idvisitas` int(11) NOT NULL,
  `enlace` varchar(300) DEFAULT NULL,
  `visitas` int(11) DEFAULT NULL
) ENGINE=InnoDB DEFAULT CHARSET=utf8mb4;

--
-- Dumping data for table `visitas`
--

INSERT INTO `visitas` (`idvisitas`, `enlace`, `visitas`) VALUES
(1, 'http://localhost/facped/index.php', 27),
(2, 'http://localhost/facped/congresoutlvte-normas.php', 8),
(3, 'http://localhost/facped/congresoutlvte-prese.php', 8),
(4, 'http://192.168.1.10/facped/', 1),
(5, 'http://192.168.1.10/facped/congresoutlvte-normas.php', 5),
(6, 'http://192.168.1.10/facped/index.php', 3),
(7, 'http://localhost/facped/congresoutlvte-pdf.php', 12),
(8, 'http://localhost/facped/', 22),
(9, 'http://localhost/facped/congresoutlvte-agenda.php', 6),
(10, 'http://localhost/facped/congresoutlvte-tematicas.php', 10),
(11, 'http://localhost/facped/congresoutlvte-confe.php', 2),
(12, 'http://localhost/facped/congresoutlvte-confe2.php', 20),
(13, 'http://192.168.1.10/facped/congresoutlvte-confe2.php', 1),
(14, 'http://192.168.1.10/facped/congresoutlvte-prese.php', 1),
(15, 'http://localhost/facped/congresoutlvte-momoria.php', 11),
(16, 'http://localhost/facped/congresoutlvte-certi.php', 6),
(17, 'http://localhost/facped/congresoutlvte-saludos.php', 3),
(18, 'http://192.168.1.10/facped/congresoutlvte-saludos.php', 1),
(19, 'http://localhost/facped/congresoutlvte-agendafinal.php', 2),
(20, 'http://localhost/facped/congresoutlvte-evento.php', 2),
(21, 'http://192.168.43.26/facped/congresoutlvte-evento.php', 1),
(22, 'http://192.168.1.10/facped/congresoutlvte-evento.php', 1);

-- --------------------------------------------------------

--
-- Table structure for table `vitacora_maestrante_estado`
--

CREATE TABLE `vitacora_maestrante_estado` (
  `idmaestrante` int(11) NOT NULL,
  `idmaestrante_estado` int(11) NOT NULL,
  `fechainicia` date DEFAULT NULL,
  `fechafinaliza` date DEFAULT NULL,
  `detalle` varchar(200) DEFAULT NULL
) ENGINE=InnoDB DEFAULT CHARSET=utf8mb4;

--
-- Dumping data for table `vitacora_maestrante_estado`
--

INSERT INTO `vitacora_maestrante_estado` (`idmaestrante`, `idmaestrante_estado`, `fechainicia`, `fechafinaliza`, `detalle`) VALUES
(1, 1, '2021-10-21', '2021-10-23', NULL),
(1, 2, '2021-10-23', '2021-10-23', 'SE CONVOCA');

-- --------------------------------------------------------

--
-- Stand-in structure for view `vitacora_maestrante_estado1`
-- (See below for the actual view)
--
CREATE TABLE `vitacora_maestrante_estado1` (
`idmaestrante` int(1)
,`maestrante` int(1)
,`estado` int(1)
,`fechainicia` int(1)
,`fechafinaliza` int(1)
);

-- --------------------------------------------------------

--
-- Structure for view `acceso1`
--
DROP TABLE IF EXISTS `acceso1`;

CREATE ALGORITHM=UNDEFINED DEFINER=`educayso`@`localhost` SQL SECURITY DEFINER VIEW `acceso1`  AS SELECT `acceso`.`idacceso` AS `idacceso`, concat(coalesce(`persona`.`apellidos`,''),'  ',coalesce(`persona`.`nombres`,''),' : ',coalesce(`usuario`.`email`)) AS `elusuario`, `acceso`.`idmodulo` AS `idmodulo`, `modulo`.`nombre` AS `elmodulo`, `acceso`.`idnivelacceso` AS `idnivelacceso`, `nivelacceso`.`nombre` AS `elnivelacceso` FROM ((((`acceso` join `usuario`) join `persona`) join `modulo`) join `nivelacceso`) WHERE `acceso`.`idusuario` = `usuario`.`idusuario` AND `usuario`.`idpersona` = `persona`.`idpersona` AND `acceso`.`idmodulo` = `modulo`.`idmodulo` AND `acceso`.`idnivelacceso` = `nivelacceso`.`idnivelacceso` ;

-- --------------------------------------------------------

--
-- Structure for view `asistencia1`
--
DROP TABLE IF EXISTS `asistencia1`;

CREATE ALGORITHM=UNDEFINED DEFINER=`educayso`@`localhost` SQL SECURITY DEFINER VIEW `asistencia1`  AS SELECT `asistencia`.`idasistencia` AS `idasistencia`, `asistencia`.`idevento` AS `idevento`, `evento`.`titulo` AS `elevento`, `asistencia`.`idpersona` AS `idpersona`, concat(`persona`.`apellidos`,' ',`persona`.`nombres`) AS `lapersona`, `asistencia`.`fecha` AS `fecha`, `tipoasistencia`.`idtipoasistencia` AS `idtipoasistencia`, `tipoasistencia`.`nombre` AS `tipoasistencia`, `asistencia`.`comentario` AS `comentario` FROM (((`asistencia` join `persona`) join `evento`) join `tipoasistencia`) WHERE `asistencia`.`idpersona` = `persona`.`idpersona` AND `asistencia`.`idevento` = `evento`.`idevento` AND `asistencia`.`idtipoasistencia` = `tipoasistencia`.`idtipoasistencia` ;

-- --------------------------------------------------------

--
-- Structure for view `aspirante1`
--
DROP TABLE IF EXISTS `aspirante1`;

CREATE ALGORITHM=UNDEFINED DEFINER=`educayso`@`localhost` SQL SECURITY DEFINER VIEW `aspirante1`  AS SELECT `aspirante`.`idaspirante` AS `idaspirante`, `persona`.`idpersona` AS `idpersona`, concat(coalesce(`persona`.`apellidos`,''),'  ',coalesce(`persona`.`nombres`,'')) AS `elaspirante`, `aspirante`.`iddepartamento` AS `iddepartamento`, `departamento`.`nombre` AS `lacarrera`, `aspirante`.`fechadesde` AS `fechadesde`, `aspirante`.`fechahasta` AS `fechahasta` FROM ((`aspirante` join `persona`) join `departamento`) WHERE `aspirante`.`idpersona` = `persona`.`idpersona` AND `aspirante`.`iddepartamento` = `departamento`.`iddepartamento` ;

-- --------------------------------------------------------

--
-- Structure for view `certificado1`
--
DROP TABLE IF EXISTS `certificado1`;

CREATE ALGORITHM=UNDEFINED DEFINER=`educayso`@`localhost` SQL SECURITY DEFINER VIEW `certificado1`  AS SELECT `certificado`.`idcertificado` AS `idcertificado`, `certificado`.`idevento` AS `idevento`, `certificado`.`iddocumento` AS `iddocumento`, `documento`.`asunto` AS `asunto` FROM (`certificado` join `documento`) WHERE `certificado`.`iddocumento` = `documento`.`iddocumento` ;

-- --------------------------------------------------------

--
-- Structure for view `cinturon1`
--
DROP TABLE IF EXISTS `cinturon1`;

CREATE ALGORITHM=UNDEFINED DEFINER=`educayso`@`localhost` SQL SECURITY DEFINER VIEW `cinturon1`  AS SELECT 1 AS `idcinturon`, 1 AS `color`, 1 AS `elarticulo` ;

-- --------------------------------------------------------

--
-- Structure for view `cliente1`
--
DROP TABLE IF EXISTS `cliente1`;

CREATE ALGORITHM=UNDEFINED DEFINER=`educayso`@`localhost` SQL SECURITY DEFINER VIEW `cliente1`  AS SELECT `cliente`.`idcliente` AS `idcliente`, `persona`.`idpersona` AS `idpersona`, concat(coalesce(`persona`.`apellidos`,''),'  ',coalesce(`persona`.`nombres`,'')) AS `elcliente`, `cliente`.`idinstitucion` AS `idinstitucion`, `institucion`.`nombre` AS `lainstitucion`, `cliente`.`fechainscripcion` AS `fechainscripcion` FROM ((`cliente` join `persona`) join `institucion`) WHERE `cliente`.`idpersona` = `persona`.`idpersona` AND `cliente`.`idinstitucion` = `institucion`.`idinstitucion` ;

-- --------------------------------------------------------

--
-- Structure for view `correo1`
--
DROP TABLE IF EXISTS `correo1`;

CREATE ALGORITHM=UNDEFINED DEFINER=`educayso`@`localhost` SQL SECURITY DEFINER VIEW `correo1`  AS SELECT 1 AS `idcorreo`, 1 AS `elcorreo`, 1 AS `lapersona` ;

-- --------------------------------------------------------

--
-- Structure for view `cursodocumento1`
--
DROP TABLE IF EXISTS `cursodocumento1`;

CREATE ALGORITHM=UNDEFINED DEFINER=`educayso`@`localhost` SQL SECURITY DEFINER VIEW `cursodocumento1`  AS SELECT `cursodocumento`.`idcursodocumento` AS `idcursodocumento`, `cursodocumento`.`idcurso` AS `idcurso`, `curso`.`nombre` AS `nombre`, `cursodocumento`.`iddocumento` AS `iddocumento`, `documento`.`asunto` AS `asunto` FROM ((`cursodocumento` join `documento`) join `curso`) WHERE `cursodocumento`.`iddocumento` = `documento`.`iddocumento` AND `cursodocumento`.`idcurso` = `curso`.`idcurso` ;

-- --------------------------------------------------------

--
-- Structure for view `cursounidad1`
--
DROP TABLE IF EXISTS `cursounidad1`;

CREATE ALGORITHM=UNDEFINED DEFINER=`educayso`@`localhost` SQL SECURITY DEFINER VIEW `cursounidad1`  AS SELECT `cursounidad`.`idcursounidad` AS `idcursounidad`, `cursounidad`.`idcurso` AS `idcurso`, `curso`.`nombre` AS `nombre`, `cursounidad`.`unidad` AS `unidad`, `cursounidad`.`nombre` AS `launidad`, `cursounidad`.`idvideotutorial` AS `idvideotutorial`, `videotutorial`.`nombre` AS `elvideo`, `videotutorial`.`enlace` AS `enlace`, `videotutorial`.`idevaluacion` AS `idevaluacion` FROM ((`cursounidad` join `videotutorial`) join `curso`) WHERE `cursounidad`.`idvideotutorial` = `videotutorial`.`idvideotutorial` AND `cursounidad`.`idcurso` = `curso`.`idcurso` ;

-- --------------------------------------------------------

--
-- Structure for view `departamento1`
--
DROP TABLE IF EXISTS `departamento1`;

CREATE ALGORITHM=UNDEFINED DEFINER=`educayso`@`localhost` SQL SECURITY DEFINER VIEW `departamento1`  AS SELECT `departamento`.`iddepartamento` AS `iddepartamento`, `departamento`.`idunidad` AS `idunidad`, `unidad`.`nombre` AS `launidad`, `departamento`.`nombre` AS `nombre` FROM (`departamento` join `unidad`) WHERE `departamento`.`idunidad` = `unidad`.`idunidad` ;

-- --------------------------------------------------------

--
-- Structure for view `departamento2`
--
DROP TABLE IF EXISTS `departamento2`;

CREATE ALGORITHM=UNDEFINED DEFINER=`educayso`@`localhost` SQL SECURITY DEFINER VIEW `departamento2`  AS SELECT `de`.`iddepartamento` AS `iddepartamento`, `de`.`idunidad` AS `idunidad`, `un`.`nombre` AS `launidad`, `de`.`nombre` AS `nombre`, (select count(`es`.`idestudiante`) from `estudiante` `es` where `es`.`iddepartamento` = `de`.`iddepartamento`) AS `cantidad` FROM (`departamento` `de` join `unidad` `un`) WHERE `de`.`idunidad` = `un`.`idunidad` ;

-- --------------------------------------------------------

--
-- Structure for view `destinatario1`
--
DROP TABLE IF EXISTS `destinatario1`;

CREATE ALGORITHM=UNDEFINED DEFINER=`educayso`@`localhost` SQL SECURITY DEFINER VIEW `destinatario1`  AS SELECT 1 AS `iddocumento`, 1 AS `asunto`, 1 AS `idpersona`, 1 AS `nombres` ;

-- --------------------------------------------------------

--
-- Structure for view `docente1`
--
DROP TABLE IF EXISTS `docente1`;

CREATE ALGORITHM=UNDEFINED DEFINER=`educayso`@`localhost` SQL SECURITY DEFINER VIEW `docente1`  AS SELECT `docente`.`iddocente` AS `iddocente`, `persona`.`idpersona` AS `idpersona`, concat(coalesce(`persona`.`apellidos`,''),'  ',coalesce(`persona`.`nombres`,'')) AS `eldocente`, `docente`.`iddepartamento` AS `iddepartamento`, `departamento`.`nombre` AS `lacarrera`, `docente`.`fechadesde` AS `fechadesde`, `docente`.`fechahasta` AS `fechahasta` FROM ((`docente` join `persona`) join `departamento`) WHERE `docente`.`idpersona` = `persona`.`idpersona` AND `docente`.`iddepartamento` = `departamento`.`iddepartamento` ;

-- --------------------------------------------------------

--
-- Structure for view `docente2`
--
DROP TABLE IF EXISTS `docente2`;

CREATE ALGORITHM=UNDEFINED DEFINER=`educayso`@`localhost` SQL SECURITY DEFINER VIEW `docente2`  AS SELECT `es`.`iddocente` AS `iddocente`, `pe`.`idpersona` AS `idpersona`, concat(coalesce(`pe`.`apellidos`,''),'  ',coalesce(`pe`.`nombres`,'')) AS `eldocente`, `es`.`iddepartamento` AS `iddepartamento`, `de`.`nombre` AS `lacarrera`, `es`.`fechadesde` AS `fechadesde`, `es`.`fechahasta` AS `fechahasta`, (select count(`em`.`iddocumento`) from `emisor` `em` where `em`.`idpersona` = `pe`.`idpersona`) AS `cantidad` FROM ((`docente` `es` join `persona` `pe`) join `departamento` `de`) WHERE `es`.`idpersona` = `pe`.`idpersona` AND `es`.`iddepartamento` = `de`.`iddepartamento` ;

-- --------------------------------------------------------

--
-- Structure for view `documento1`
--
DROP TABLE IF EXISTS `documento1`;

CREATE ALGORITHM=UNDEFINED DEFINER=`educayso`@`localhost` SQL SECURITY DEFINER VIEW `documento1`  AS SELECT `do`.`iddocumento` AS `iddocumento`, (select concat(coalesce(`pe`.`apellidos`,''),'  ',coalesce(`pe`.`nombres`,'')) from (`persona` `pe` join `emisor` `em`) where `do`.`iddocumento` = `em`.`iddocumento` and `em`.`idpersona` = `pe`.`idpersona` limit 1) AS `autor`, `do`.`asunto` AS `asunto`, `do`.`fechaelaboracion` AS `fechaelaboracion`, `do`.`archivopdf` AS `archivopdf`, `ti`.`idtipodocu` AS `idtipodocu`, `ti`.`descripcion` AS `eltipodocu`, `di`.`ruta` AS `ruta`, `ord`.`nombre` AS `elordenador` FROM (((`documento` `do` join `tipodocu` `ti`) join `directorio` `di`) join `ordenador` `ord`) WHERE `do`.`idtipodocu` = `ti`.`idtipodocu` AND `do`.`iddirectorio` = `di`.`iddirectorio` AND `do`.`idordenador` = `ord`.`idordenador` ;

-- --------------------------------------------------------

--
-- Structure for view `emisor1`
--
DROP TABLE IF EXISTS `emisor1`;

CREATE ALGORITHM=UNDEFINED DEFINER=`educayso`@`localhost` SQL SECURITY DEFINER VIEW `emisor1`  AS SELECT `emisor`.`iddocumento` AS `iddocumento`, `emisor`.`idpersona` AS `idpersona`, concat(coalesce(`persona`.`apellidos`,''),'  ',coalesce(`persona`.`nombres`,'')) AS `elemisor`, `documento`.`asunto` AS `asunto` FROM ((`emisor` join `persona`) join `documento`) WHERE `emisor`.`iddocumento` = `documento`.`iddocumento` AND `emisor`.`idpersona` = `persona`.`idpersona` ;

-- --------------------------------------------------------

--
-- Structure for view `estudiante1`
--
DROP TABLE IF EXISTS `estudiante1`;

CREATE ALGORITHM=UNDEFINED DEFINER=`educayso`@`localhost` SQL SECURITY DEFINER VIEW `estudiante1`  AS SELECT `estudiante`.`idestudiante` AS `idestudiante`, `persona`.`idpersona` AS `idpersona`, concat(coalesce(`persona`.`apellidos`,''),'  ',coalesce(`persona`.`nombres`,'')) AS `elestudiante`, `estudiante`.`iddepartamento` AS `iddepartamento`, `departamento`.`nombre` AS `lacarrera`, `estudiante`.`fechadesde` AS `fechadesde`, `estudiante`.`fechahasta` AS `fechahasta` FROM ((`estudiante` join `persona`) join `departamento`) WHERE `estudiante`.`idpersona` = `persona`.`idpersona` AND `estudiante`.`iddepartamento` = `departamento`.`iddepartamento` ;

-- --------------------------------------------------------

--
-- Structure for view `estudiante2`
--
DROP TABLE IF EXISTS `estudiante2`;

CREATE ALGORITHM=UNDEFINED DEFINER=`educayso`@`localhost` SQL SECURITY DEFINER VIEW `estudiante2`  AS SELECT `es`.`idestudiante` AS `idestudiante`, `pe`.`idpersona` AS `idpersona`, concat(coalesce(`pe`.`apellidos`,''),'  ',coalesce(`pe`.`nombres`,'')) AS `elestudiante`, `es`.`iddepartamento` AS `iddepartamento`, `de`.`nombre` AS `lacarrera`, `es`.`fechadesde` AS `fechadesde`, `es`.`fechahasta` AS `fechahasta`, (select count(`em`.`iddocumento`) from `emisor` `em` where `em`.`idpersona` = `pe`.`idpersona`) AS `cantidad` FROM ((`estudiante` `es` join `persona` `pe`) join `departamento` `de`) WHERE `es`.`idpersona` = `pe`.`idpersona` AND `es`.`iddepartamento` = `de`.`iddepartamento` ;

-- --------------------------------------------------------

--
-- Structure for view `estudio1`
--
DROP TABLE IF EXISTS `estudio1`;

CREATE ALGORITHM=UNDEFINED DEFINER=`educayso`@`localhost` SQL SECURITY DEFINER VIEW `estudio1`  AS SELECT `estudio`.`idestudio` AS `idestudio`, `persona`.`idpersona` AS `idpersona`, concat(coalesce(`persona`.`apellidos`,''),'  ',coalesce(`persona`.`nombres`,'')) AS `elestudiante`, `estudio`.`idinstitucion` AS `idinstitucion`, `institucion`.`nombre` AS `lainstitucion`, `estudio`.`nivel` AS `nivel`, `estudio`.`titulo` AS `titulo` FROM ((`estudio` join `persona`) join `institucion`) WHERE `estudio`.`idpersona` = `persona`.`idpersona` AND `estudio`.`idinstitucion` = `institucion`.`idinstitucion` ;

-- --------------------------------------------------------

--
-- Structure for view `evaluado1`
--
DROP TABLE IF EXISTS `evaluado1`;

CREATE ALGORITHM=UNDEFINED DEFINER=`educayso`@`localhost` SQL SECURITY DEFINER VIEW `evaluado1`  AS SELECT 1 AS `idevaluado`, 1 AS `persona` ;

-- --------------------------------------------------------

--
-- Structure for view `evento1`
--
DROP TABLE IF EXISTS `evento1`;

CREATE ALGORITHM=UNDEFINED DEFINER=`educayso`@`localhost` SQL SECURITY DEFINER VIEW `evento1`  AS SELECT `evento`.`idevento` AS `idevento`, `evento`.`titulo` AS `titulo`, `evento`.`detalle` AS `detalle`, `evento`.`fechacreacion` AS `fechacreacion`, `evento`.`fechainicia` AS `fechainicia`, `evento`.`fechafinaliza` AS `fechafinaliza`, `evento_estado`.`nombre` AS `estado`, `evento_estado`.`idevento_estado` AS `idevento_estado`, `institucion`.`nombre` AS `lainstitucion` FROM ((`evento` join `evento_estado`) join `institucion`) WHERE `evento`.`idevento_estado` = `evento_estado`.`idevento_estado` AND `evento`.`idinstitucion` = `institucion`.`idinstitucion` ;

-- --------------------------------------------------------

--
-- Structure for view `eventoP`
--
DROP TABLE IF EXISTS `eventoP`;

CREATE ALGORITHM=UNDEFINED DEFINER=`educayso`@`localhost` SQL SECURITY DEFINER VIEW `eventoP`  AS SELECT `evento`.`idevento` AS `idevento`, `evento`.`titulo` AS `titulo`, `evento`.`detalle` AS `detalle`, `evento`.`fechacreacion` AS `fechacreacion`, `evento`.`fechafinaliza` AS `fechafinaliza`, `persona`.`idpersona` AS `idpersona`, concat(coalesce(`persona`.`apellidos`,''),'  ',coalesce(`persona`.`nombres`,'')) AS `elparticipante`, `participante`.`idparticipante` AS `idparticipante`, `participante`.`iddocumento` AS `iddocumento2`, `evento_estado`.`nombre` AS `estado`, `institucion`.`nombre` AS `lainstitucion`, `certificado`.`iddocumento` AS `iddocumento`, `certificado`.`idtipodocu` AS `idtipodocu`, `certificado`.`posi_nomb_x` AS `posi_nomb_x`, `certificado`.`posi_nomb_y` AS `posi_nomb_y`, `certificado`.`posi_codigo_x` AS `posi_codigo_x`, `certificado`.`posi_codigo_y` AS `posi_codigo_y`, `certificado`.`posi_fecha_x` AS `posi_fecha_x`, `certificado`.`posi_fecha_y` AS `posi_fecha_y`, `certificado`.`ancho_x` AS `ancho_x`, `certificado`.`alto_y` AS `alto_y`, `certificado`.`correohead` AS `correohead`, `certificado`.`correofoot` AS `correofoot`, `certificado`.`correosubject` AS `correosubject`, `documento`.`archivopdf` AS `archivopdf`, `documento`.`idordenador` AS `idordenador`, `ordenador`.`nombre` AS `elordenador`, `documento`.`iddirectorio` AS `iddirectorio`, `directorio`.`ruta` AS `ruta` FROM ((((((((`evento` join `evento_estado`) join `institucion`) join `participante`) join `persona`) join `certificado`) join `documento`) join `ordenador`) join `directorio`) WHERE `evento`.`idevento_estado` = `evento_estado`.`idevento_estado` AND `evento`.`idinstitucion` = `institucion`.`idinstitucion` AND `participante`.`idevento` = `evento`.`idevento` AND `participante`.`idpersona` = `persona`.`idpersona` AND `evento`.`idevento` = `certificado`.`idevento` AND `certificado`.`iddocumento` = `documento`.`iddocumento` AND `documento`.`idordenador` = `ordenador`.`idordenador` AND `documento`.`iddirectorio` = `directorio`.`iddirectorio` ;

-- --------------------------------------------------------

--
-- Structure for view `fechaevento1`
--
DROP TABLE IF EXISTS `fechaevento1`;

CREATE ALGORITHM=UNDEFINED DEFINER=`educayso`@`localhost` SQL SECURITY DEFINER VIEW `fechaevento1`  AS SELECT `fechaevento`.`idfechaevento` AS `idfechaevento`, `fechaevento`.`fecha` AS `fecha`, `fechaevento`.`tema` AS `tema`, `evento`.`titulo` AS `elevento` FROM (`fechaevento` join `evento`) WHERE `fechaevento`.`idevento` = `evento`.`idevento` ;

-- --------------------------------------------------------

--
-- Structure for view `instructor1`
--
DROP TABLE IF EXISTS `instructor1`;

CREATE ALGORITHM=UNDEFINED DEFINER=`educayso`@`localhost` SQL SECURITY DEFINER VIEW `instructor1`  AS SELECT `instructor`.`idinstructor` AS `idinstructor`, `persona`.`idpersona` AS `idpersona`, concat(coalesce(`persona`.`apellidos`,''),'  ',coalesce(`persona`.`nombres`,'')) AS `elinstructor` FROM (`instructor` join `persona`) WHERE `instructor`.`idpersona` = `persona`.`idpersona` ;

-- --------------------------------------------------------

--
-- Structure for view `maestrante1`
--
DROP TABLE IF EXISTS `maestrante1`;

CREATE ALGORITHM=UNDEFINED DEFINER=`educayso`@`localhost` SQL SECURITY DEFINER VIEW `maestrante1`  AS SELECT 1 AS `idmaestrante`, 1 AS `idpersona`, 1 AS `cedula`, 1 AS `maestrante`, 1 AS `idmaestrante_estado`, 1 AS `estado`, 1 AS `idmaestria`, 1 AS `maestria`, 1 AS `correo`, 1 AS `telefono` ;

-- --------------------------------------------------------

--
-- Structure for view `participacion1`
--
DROP TABLE IF EXISTS `participacion1`;

CREATE ALGORITHM=UNDEFINED DEFINER=`educayso`@`localhost` SQL SECURITY DEFINER VIEW `participacion1`  AS SELECT `participacion`.`idparticipacion` AS `idparticipacion`, `participacion`.`idevento` AS `idevento`, `participacion`.`fecha` AS `fecha`, `participacion`.`porcentaje` AS `porcentaje`, `participacion`.`ayuda` AS `ayuda`, `participacion`.`idpersona` AS `idpersona`, concat(`persona`.`apellidos`,' ',`persona`.`nombres`) AS `nombres`, `participacion`.`comentario` AS `comentario` FROM (`participacion` join `persona`) WHERE `participacion`.`idpersona` = `persona`.`idpersona` ;

-- --------------------------------------------------------

--
-- Structure for view `participacion2`
--
DROP TABLE IF EXISTS `participacion2`;

CREATE ALGORITHM=UNDEFINED DEFINER=`educayso`@`localhost` SQL SECURITY DEFINER VIEW `participacion2`  AS SELECT `par`.`idparticipacion` AS `idparticipacion`, `par`.`idevento` AS `idevento`, `par`.`fecha` AS `fecha`, `par`.`porcentaje` AS `porcentaje`, `par`.`ayuda` AS `ayuda`, `par`.`idpersona` AS `idpersona`, concat(`per`.`apellidos`,' ',`per`.`nombres`) AS `nombres`, `par`.`comentario` AS `comentario`, `gen`.`idgenero` AS `idgenero`, `gen`.`nombre` AS `genero`, (select `ins`.`idinstitucion` from (`estudio` `est` join `institucion` `ins`) where `est`.`nivel` = 2 and `est`.`idinstitucion` = `ins`.`idinstitucion` and `est`.`idpersona` = `per`.`idpersona`) AS `idinstitucion`, (select `ins`.`nombre` from (`estudio` `est` join `institucion` `ins`) where `est`.`nivel` = 2 and `est`.`idinstitucion` = `ins`.`idinstitucion` and `est`.`idpersona` = `per`.`idpersona`) AS `colegio`, (select `pat`.`idparticipanteestado` from `participante` `pat` where `pat`.`idpersona` = `per`.`idpersona` and `pat`.`idevento` = `par`.`idevento`) AS `idparticipanteestado` FROM ((`participacion` `par` join `persona` `per`) join `genero` `gen`) WHERE `par`.`idpersona` = `per`.`idpersona` AND `per`.`idgenero` = `gen`.`idgenero` ;

-- --------------------------------------------------------

--
-- Structure for view `participante1`
--
DROP TABLE IF EXISTS `participante1`;

CREATE ALGORITHM=UNDEFINED DEFINER=`educayso`@`localhost` SQL SECURITY DEFINER VIEW `participante1`  AS SELECT `participante`.`idparticipante` AS `idparticipante`, `participante`.`idevento` AS `idevento`, `evento`.`titulo` AS `elevento`, `participante`.`idpersona` AS `idpersona`, concat(`persona`.`apellidos`,' ',`persona`.`nombres`) AS `nombres` FROM ((`participante` join `persona`) join `evento`) WHERE `participante`.`idpersona` = `persona`.`idpersona` AND `participante`.`idevento` = `evento`.`idevento` ;

-- --------------------------------------------------------

--
-- Structure for view `persona2`
--
DROP TABLE IF EXISTS `persona2`;

CREATE ALGORITHM=UNDEFINED DEFINER=`educayso`@`localhost` SQL SECURITY DEFINER VIEW `persona2`  AS SELECT `persona`.`idpersona` AS `idpersona`, concat(`persona`.`apellidos`,' ',`persona`.`nombres`) AS `lapersona`, `correo`.`nombre` AS `correo`, `telefono`.`numero` AS `telefono` FROM ((((`persona` join `correo`) join `telefono`) join `correo_estado`) join `telefono_estado`) WHERE `persona`.`idpersona` = `correo`.`idpersona` AND `persona`.`idpersona` = `telefono`.`idpersona` AND `correo`.`idcorreo_estado` = 1 AND `telefono`.`idtelefono_estado` = 1 ;

-- --------------------------------------------------------

--
-- Structure for view `portafoliodocente1`
--
DROP TABLE IF EXISTS `portafoliodocente1`;

CREATE ALGORITHM=UNDEFINED DEFINER=`educayso`@`localhost` SQL SECURITY DEFINER VIEW `portafoliodocente1`  AS SELECT `portafoliodocente`.`idportafoliodocente` AS `idportafoliodocente`, `portafoliomodelo`.`nombre` AS `eldocumento`, `persona`.`idpersona` AS `idpersona`, `documento`.`archivopdf` AS `archivopdf`, concat(coalesce(`persona`.`apellidos`,''),'  ',coalesce(`persona`.`nombres`,'')) AS `eldocente`, `portafolioestado`.`nombre` AS `elestado`, `directorio`.`ruta` AS `ruta`, `ordenador`.`nombre` AS `elordenador`, `documento`.`iddocumento` AS `iddocumento` FROM (((((((`portafoliodocente` join `docente`) join `persona`) join `portafolioestado`) join `portafoliomodelo`) join `documento`) join `directorio`) join `ordenador`) WHERE `portafoliodocente`.`idportafoliomodelo` = `portafoliomodelo`.`idportafoliomodelo` AND `portafoliodocente`.`iddocente` = `docente`.`iddocente` AND `docente`.`idpersona` = `persona`.`idpersona` AND `portafoliodocente`.`idportafolioestado` = `portafolioestado`.`idportafolioestado` AND `portafoliodocente`.`iddocumento` = `documento`.`iddocumento` AND `documento`.`iddirectorio` = `directorio`.`iddirectorio` AND `documento`.`idordenador` = `ordenador`.`idordenador` ;

-- --------------------------------------------------------

--
-- Structure for view `portafolioestudiante1`
--
DROP TABLE IF EXISTS `portafolioestudiante1`;

CREATE ALGORITHM=UNDEFINED DEFINER=`educayso`@`localhost` SQL SECURITY DEFINER VIEW `portafolioestudiante1`  AS SELECT `portafolioestudiante`.`idportafolioestudiante` AS `idportafolioestudiante`, `portafoliomodelo`.`nombre` AS `eldocumento`, `persona`.`idpersona` AS `idpersona`, `documento`.`archivopdf` AS `archivopdf`, concat(coalesce(`persona`.`apellidos`,''),'  ',coalesce(`persona`.`nombres`,'')) AS `elestudiante`, `estado_portafolio`.`nombre` AS `elestado`, `directorio`.`ruta` AS `ruta`, `ordenador`.`nombre` AS `elordenador`, `documento`.`iddocumento` AS `iddocumento` FROM (((((((`portafolioestudiante` join `estudiante`) join `persona`) join `estado_portafolio`) join `portafoliomodelo`) join `documento`) join `directorio`) join `ordenador`) WHERE `portafolioestudiante`.`idportafoliomodelo` = `portafoliomodelo`.`idportafoliomodelo` AND `portafolioestudiante`.`idestudiante` = `estudiante`.`idestudiante` AND `estudiante`.`idpersona` = `persona`.`idpersona` AND `portafolioestudiante`.`idestado_portafolio` = `estado_portafolio`.`idestado_portafolio` AND `portafolioestudiante`.`iddocumento` = `documento`.`iddocumento` AND `documento`.`iddirectorio` = `directorio`.`iddirectorio` AND `documento`.`idordenador` = `ordenador`.`idordenador` ;

-- --------------------------------------------------------

--
-- Structure for view `seguimiento1`
--
DROP TABLE IF EXISTS `seguimiento1`;

CREATE ALGORITHM=UNDEFINED DEFINER=`educayso`@`localhost` SQL SECURITY DEFINER VIEW `seguimiento1`  AS SELECT `se`.`idseguimiento` AS `idseguimiento`, `se`.`idevento` AS `idevento`, `ev`.`titulo` AS `elevento`, `se`.`idpersona` AS `idpersona`, concat(`pe`.`apellidos`,' ',`pe`.`nombres`) AS `lapersona`, `se`.`fecha` AS `fecha`, `ti`.`idtiposeguimiento` AS `idtiposeguimiento`, `ti`.`nombre` AS `tiposeguimiento`, `se`.`comentario` AS `comentario`, (select `co`.`nombre` from `correo` `co` where `co`.`idpersona` = `se`.`idpersona` and `co`.`idcorreo_estado` = 1 limit 1) AS `correo` FROM (((`seguimiento` `se` join `persona` `pe`) join `evento` `ev`) join `tiposeguimiento` `ti`) WHERE `se`.`idpersona` = `pe`.`idpersona` AND `se`.`idevento` = `ev`.`idevento` AND `se`.`idtiposeguimiento` = `ti`.`idtiposeguimiento` ;

-- --------------------------------------------------------

--
-- Structure for view `telefono1`
--
DROP TABLE IF EXISTS `telefono1`;

CREATE ALGORITHM=UNDEFINED DEFINER=`educayso`@`localhost` SQL SECURITY DEFINER VIEW `telefono1`  AS SELECT `telefono`.`idtelefono` AS `idtelefono`, `telefono`.`numero` AS `numero`, concat(`persona`.`apellidos`,'  ',`persona`.`nombres`) AS `lapersona` FROM (`telefono` join `persona`) WHERE `telefono`.`idpersona` = `persona`.`idpersona` ;

-- --------------------------------------------------------

--
-- Structure for view `tipodocu1`
--
DROP TABLE IF EXISTS `tipodocu1`;

CREATE ALGORITHM=UNDEFINED DEFINER=`educayso`@`localhost` SQL SECURITY DEFINER VIEW `tipodocu1`  AS SELECT `t`.`idtipodocu` AS `idtipodocu`, `t`.`descripcion` AS `descripcion`, (select count(`d`.`iddocumento`) from `documento` `d` where `d`.`idtipodocu` = `t`.`idtipodocu`) AS `cantidad` FROM `tipodocu` AS `t` ;

-- --------------------------------------------------------

--
-- Structure for view `unidad1`
--
DROP TABLE IF EXISTS `unidad1`;

CREATE ALGORITHM=UNDEFINED DEFINER=`educayso`@`localhost` SQL SECURITY DEFINER VIEW `unidad1`  AS SELECT `unidad`.`idunidad` AS `idunidad`, `unidad`.`idinstitucion` AS `idinstitucion`, `institucion`.`nombre` AS `lainstitucion`, `unidad`.`nombre` AS `nombre` FROM (`unidad` join `institucion`) WHERE `unidad`.`idinstitucion` = `institucion`.`idinstitucion` ;

-- --------------------------------------------------------

--
-- Structure for view `usuario1`
--
DROP TABLE IF EXISTS `usuario1`;

CREATE ALGORITHM=UNDEFINED DEFINER=`educayso`@`localhost` SQL SECURITY DEFINER VIEW `usuario1`  AS SELECT `usuario`.`idusuario` AS `idusuario`, concat(coalesce(`persona`.`apellidos`,''),'  ',coalesce(`persona`.`nombres`,'')) AS `elusuario`, `perfil`.`nombre` AS `elperfil`, `usuario`.`email` AS `email`, `usuario`.`password` AS `password` FROM ((`usuario` join `persona`) join `perfil`) WHERE `usuario`.`idpersona` = `persona`.`idpersona` AND `usuario`.`idperfil` = `perfil`.`idperfil` ;

-- --------------------------------------------------------

--
-- Structure for view `vitacora_maestrante_estado1`
--
DROP TABLE IF EXISTS `vitacora_maestrante_estado1`;

CREATE ALGORITHM=UNDEFINED DEFINER=`educayso`@`localhost` SQL SECURITY DEFINER VIEW `vitacora_maestrante_estado1`  AS SELECT 1 AS `idmaestrante`, 1 AS `maestrante`, 1 AS `estado`, 1 AS `fechainicia`, 1 AS `fechafinaliza` ;

--
-- Indexes for dumped tables
--

--
-- Indexes for table `acceso`
--
ALTER TABLE `acceso`
  ADD PRIMARY KEY (`idacceso`,`idusuario`,`idmodulo`,`idnivelacceso`),
  ADD KEY `fk_acceso_usuario1_idx` (`idusuario`),
  ADD KEY `fk_acceso_modulo1_idx` (`idmodulo`),
  ADD KEY `fk_acceso_nivelacceso1_idx` (`idnivelacceso`);

--
-- Indexes for table `articulo`
--
ALTER TABLE `articulo`
  ADD PRIMARY KEY (`idarticulo`),
  ADD KEY `fk_articulo_institucion1_idx` (`idinstitucion`);

--
-- Indexes for table `ascenso`
--
ALTER TABLE `ascenso`
  ADD PRIMARY KEY (`idascenso`,`idcliente`,`idevento`,`idcinturon`),
  ADD KEY `fk_ascenso_cliente1_idx` (`idcliente`),
  ADD KEY `fk_ascenso_evento1_idx` (`idevento`),
  ADD KEY `fk_ascenso_cinturon1_idx` (`idcinturon`);

--
-- Indexes for table `asignatura`
--
ALTER TABLE `asignatura`
  ADD PRIMARY KEY (`idasignatura`);

--
-- Indexes for table `asistencia`
--
ALTER TABLE `asistencia`
  ADD PRIMARY KEY (`idasistencia`);

--
-- Indexes for table `aspirante`
--
ALTER TABLE `aspirante`
  ADD PRIMARY KEY (`idaspirante`);

--
-- Indexes for table `certificado`
--
ALTER TABLE `certificado`
  ADD PRIMARY KEY (`idcertificado`);

--
-- Indexes for table `cinturon`
--
ALTER TABLE `cinturon`
  ADD PRIMARY KEY (`idcinturon`,`idarticulo`),
  ADD KEY `fk_cinturon_articulo1_idx` (`idarticulo`);

--
-- Indexes for table `cliente`
--
ALTER TABLE `cliente`
  ADD PRIMARY KEY (`idcliente`,`idpersona`,`idinstitucion`),
  ADD KEY `fk_cliente_persona1_idx` (`idpersona`),
  ADD KEY `fk_cliente_institucion1_idx` (`idinstitucion`);

--
-- Indexes for table `correo`
--
ALTER TABLE `correo`
  ADD PRIMARY KEY (`idcorreo`,`idpersona`),
  ADD KEY `fk_correo_persona1_idx` (`idpersona`),
  ADD KEY `fk_correo_correo_estado1_idx` (`idcorreo_estado`);

--
-- Indexes for table `correo_estado`
--
ALTER TABLE `correo_estado`
  ADD PRIMARY KEY (`idcorreo_estado`);

--
-- Indexes for table `curso`
--
ALTER TABLE `curso`
  ADD PRIMARY KEY (`idcurso`);

--
-- Indexes for table `cursodocumento`
--
ALTER TABLE `cursodocumento`
  ADD PRIMARY KEY (`idcursodocumento`),
  ADD KEY `idcurso` (`idcurso`),
  ADD KEY `iddocumento` (`iddocumento`);

--
-- Indexes for table `cursounidad`
--
ALTER TABLE `cursounidad`
  ADD PRIMARY KEY (`idcursounidad`);

--
-- Indexes for table `departamento`
--
ALTER TABLE `departamento`
  ADD PRIMARY KEY (`iddepartamento`),
  ADD KEY `fk_departamento_unidad1_idx` (`idunidad`);

--
-- Indexes for table `destinatario`
--
ALTER TABLE `destinatario`
  ADD PRIMARY KEY (`iddestinatario`,`iddocumento`,`idpersona`),
  ADD KEY `fk_documentos_has_persona_persona1_idx` (`idpersona`),
  ADD KEY `fk_documentos_has_persona_documentos1_idx` (`iddocumento`);

--
-- Indexes for table `detainventario`
--
ALTER TABLE `detainventario`
  ADD PRIMARY KEY (`iddetainventario`,`idarticulo`,`idinventario`),
  ADD KEY `fk_detainventario_articulo1_idx` (`idarticulo`),
  ADD KEY `fk_detainventario_inventario1_idx` (`idinventario`);

--
-- Indexes for table `directorio`
--
ALTER TABLE `directorio`
  ADD PRIMARY KEY (`iddirectorio`,`idordenador`),
  ADD KEY `fk_directorio_ordenador1_idx` (`idordenador`);

--
-- Indexes for table `docente`
--
ALTER TABLE `docente`
  ADD PRIMARY KEY (`iddocente`,`idpersona`),
  ADD KEY `fk_docente_persona1_idx` (`idpersona`);

--
-- Indexes for table `documento`
--
ALTER TABLE `documento`
  ADD PRIMARY KEY (`iddocumento`,`idtipodocu`),
  ADD KEY `fk_documento_tipodocu1_idx` (`idtipodocu`),
  ADD KEY `idordenador` (`idordenador`),
  ADD KEY `iddirectorio` (`iddirectorio`);

--
-- Indexes for table `documento_estado`
--
ALTER TABLE `documento_estado`
  ADD PRIMARY KEY (`iddocumento_estado`);

--
-- Indexes for table `emisor`
--
ALTER TABLE `emisor`
  ADD PRIMARY KEY (`idemisor`,`idpersona`,`iddocumento`),
  ADD KEY `fk_persona_has_documentos_persona1_idx` (`idpersona`),
  ADD KEY `fk_emisor_documento1_idx` (`iddocumento`);

--
-- Indexes for table `estado_portafolio`
--
ALTER TABLE `estado_portafolio`
  ADD PRIMARY KEY (`idestado_portafolio`);

--
-- Indexes for table `estudiante`
--
ALTER TABLE `estudiante`
  ADD PRIMARY KEY (`idestudiante`,`idpersona`,`idinstitucion`),
  ADD KEY `fk_estudiante_persona1_idx` (`idpersona`);

--
-- Indexes for table `estudio`
--
ALTER TABLE `estudio`
  ADD PRIMARY KEY (`idestudio`);

--
-- Indexes for table `evaluacion`
--
ALTER TABLE `evaluacion`
  ADD PRIMARY KEY (`idevaluacion`);

--
-- Indexes for table `evaluado`
--
ALTER TABLE `evaluado`
  ADD PRIMARY KEY (`idevaluado`,`idpersona`,`idevaluacion`);

--
-- Indexes for table `evento`
--
ALTER TABLE `evento`
  ADD PRIMARY KEY (`idevento`,`idevento_estado`),
  ADD KEY `fk_evento_evento_estado1_idx` (`idevento_estado`),
  ADD KEY `fk_evento_institucion1_idx` (`idinstitucion`);

--
-- Indexes for table `evento_estado`
--
ALTER TABLE `evento_estado`
  ADD PRIMARY KEY (`idevento_estado`);

--
-- Indexes for table `fechaevento`
--
ALTER TABLE `fechaevento`
  ADD PRIMARY KEY (`idfechaevento`);

--
-- Indexes for table `foto`
--
ALTER TABLE `foto`
  ADD PRIMARY KEY (`idfoto`);

--
-- Indexes for table `funcionario`
--
ALTER TABLE `funcionario`
  ADD PRIMARY KEY (`idfuncionario`),
  ADD KEY `fk_funcionario_persona1_idx` (`idpersona`);

--
-- Indexes for table `genero`
--
ALTER TABLE `genero`
  ADD PRIMARY KEY (`idgenero`);

--
-- Indexes for table `informe`
--
ALTER TABLE `informe`
  ADD PRIMARY KEY (`idinforme`);

--
-- Indexes for table `institucion`
--
ALTER TABLE `institucion`
  ADD PRIMARY KEY (`idinstitucion`);

--
-- Indexes for table `instructor`
--
ALTER TABLE `instructor`
  ADD PRIMARY KEY (`idinstructor`);

--
-- Indexes for table `inventario`
--
ALTER TABLE `inventario`
  ADD PRIMARY KEY (`idinventario`,`idinstitucion`),
  ADD KEY `fk_Inventario_institucion1_idx` (`idinstitucion`);

--
-- Indexes for table `maestrante`
--
ALTER TABLE `maestrante`
  ADD PRIMARY KEY (`idmaestrante`,`idmaestrante_estado`,`idpersona`,`idmaestria`),
  ADD KEY `fk_maestrante_maestrante_estado1_idx` (`idmaestrante_estado`),
  ADD KEY `fk_maestrante_persona1_idx` (`idpersona`),
  ADD KEY `fk_maestrante_maestria1_idx` (`idmaestria`);

--
-- Indexes for table `maestrante_estado`
--
ALTER TABLE `maestrante_estado`
  ADD PRIMARY KEY (`idmaestrante_estado`);

--
-- Indexes for table `maestria`
--
ALTER TABLE `maestria`
  ADD PRIMARY KEY (`idmaestria`);

--
-- Indexes for table `mensaje`
--
ALTER TABLE `mensaje`
  ADD PRIMARY KEY (`idmensaje`,`idmensaje_estado`),
  ADD KEY `fk_mensaje_mensaje_estado1_idx` (`idmensaje_estado`);

--
-- Indexes for table `mensaje_estado`
--
ALTER TABLE `mensaje_estado`
  ADD PRIMARY KEY (`idmensaje_estado`);

--
-- Indexes for table `modulo`
--
ALTER TABLE `modulo`
  ADD PRIMARY KEY (`idmodulo`);

--
-- Indexes for table `nivelacceso`
--
ALTER TABLE `nivelacceso`
  ADD PRIMARY KEY (`idnivelacceso`);

--
-- Indexes for table `nombramiento`
--
ALTER TABLE `nombramiento`
  ADD PRIMARY KEY (`idfuncionario`,`iddepartamento`),
  ADD KEY `fk_funcionario_has_departamento_departamento1_idx` (`iddepartamento`),
  ADD KEY `fk_funcionario_has_departamento_funcionario1_idx` (`idfuncionario`);

--
-- Indexes for table `operadora`
--
ALTER TABLE `operadora`
  ADD PRIMARY KEY (`idoperadora`);

--
-- Indexes for table `ordenador`
--
ALTER TABLE `ordenador`
  ADD PRIMARY KEY (`idordenador`);

--
-- Indexes for table `pagina`
--
ALTER TABLE `pagina`
  ADD PRIMARY KEY (`idpagina`);

--
-- Indexes for table `participacion`
--
ALTER TABLE `participacion`
  ADD PRIMARY KEY (`idparticipacion`);

--
-- Indexes for table `participante`
--
ALTER TABLE `participante`
  ADD PRIMARY KEY (`idparticipante`),
  ADD KEY `fk_evento_has_persona_persona1_idx` (`idpersona`),
  ADD KEY `fk_evento_has_persona_evento1_idx` (`idevento`);

--
-- Indexes for table `participanteestado`
--
ALTER TABLE `participanteestado`
  ADD PRIMARY KEY (`idparticipanteestado`);

--
-- Indexes for table `password`
--
ALTER TABLE `password`
  ADD PRIMARY KEY (`idpassword`);

--
-- Indexes for table `perfil`
--
ALTER TABLE `perfil`
  ADD PRIMARY KEY (`idperfil`);

--
-- Indexes for table `periodoacademico`
--
ALTER TABLE `periodoacademico`
  ADD PRIMARY KEY (`idperiodoacademico`);

--
-- Indexes for table `persona`
--
ALTER TABLE `persona`
  ADD PRIMARY KEY (`idpersona`),
  ADD KEY `fk_persona_genero1_idx` (`idgenero`),
  ADD KEY `fk_persona_foto1_idx` (`idfoto`);

--
-- Indexes for table `portafoliodocente`
--
ALTER TABLE `portafoliodocente`
  ADD PRIMARY KEY (`idportafoliodocente`);

--
-- Indexes for table `portafolioestado`
--
ALTER TABLE `portafolioestado`
  ADD PRIMARY KEY (`idportafolioestado`);

--
-- Indexes for table `portafolioestudiante`
--
ALTER TABLE `portafolioestudiante`
  ADD PRIMARY KEY (`idportafolioestudiante`,`idportafoliomodelo`,`idestado_portafolio`,`idestudiante`),
  ADD KEY `fk_portafolioestudiante_estado_portafolio1_idx` (`idestado_portafolio`);

--
-- Indexes for table `portafoliomodelo`
--
ALTER TABLE `portafoliomodelo`
  ADD PRIMARY KEY (`idportafoliomodelo`);

--
-- Indexes for table `portafoliotipo`
--
ALTER TABLE `portafoliotipo`
  ADD PRIMARY KEY (`idportafoliotipo`);

--
-- Indexes for table `pregunta`
--
ALTER TABLE `pregunta`
  ADD PRIMARY KEY (`idpregunta`,`idevaluacion`),
  ADD KEY `fk_pregunta_evaluacion1_idx` (`idevaluacion`);

--
-- Indexes for table `respuesta`
--
ALTER TABLE `respuesta`
  ADD PRIMARY KEY (`idrespuesta`,`idpregunta`),
  ADD KEY `fk_respuesta_pregunta1_idx` (`idpregunta`);

--
-- Indexes for table `resultado`
--
ALTER TABLE `resultado`
  ADD PRIMARY KEY (`idresultado`,`idevaluado`,`idpregunta`),
  ADD KEY `fk_resultado_evaluado1_idx` (`idevaluado`),
  ADD KEY `fk_resultado_pregunta1_idx` (`idpregunta`),
  ADD KEY `fk_resultado_respuesta1_idx` (`idrespuesta`);

--
-- Indexes for table `seguimiento`
--
ALTER TABLE `seguimiento`
  ADD PRIMARY KEY (`idseguimiento`);

--
-- Indexes for table `telefono`
--
ALTER TABLE `telefono`
  ADD PRIMARY KEY (`idtelefono`,`idpersona`,`idoperadora`),
  ADD KEY `fk_telefono_persona1_idx` (`idpersona`),
  ADD KEY `fk_telefono_operadora1_idx` (`idoperadora`),
  ADD KEY `fk_telefono_telefono_estado1_idx` (`idtelefono_estado`);

--
-- Indexes for table `telefono_estado`
--
ALTER TABLE `telefono_estado`
  ADD PRIMARY KEY (`idtelefono_estado`);

--
-- Indexes for table `tipoasistencia`
--
ALTER TABLE `tipoasistencia`
  ADD PRIMARY KEY (`idtipoasistencia`);

--
-- Indexes for table `tipodocu`
--
ALTER TABLE `tipodocu`
  ADD PRIMARY KEY (`idtipodocu`);

--
-- Indexes for table `tipoparticipacion`
--
ALTER TABLE `tipoparticipacion`
  ADD PRIMARY KEY (`idtipoparticipacion`);

--
-- Indexes for table `tiposeguimiento`
--
ALTER TABLE `tiposeguimiento`
  ADD PRIMARY KEY (`idtiposeguimiento`);

--
-- Indexes for table `unidad`
--
ALTER TABLE `unidad`
  ADD PRIMARY KEY (`idunidad`),
  ADD KEY `fk_unidad_institucion1_idx` (`idinstitucion`);

--
-- Indexes for table `usuario`
--
ALTER TABLE `usuario`
  ADD PRIMARY KEY (`idusuario`),
  ADD KEY `idpersona` (`idpersona`),
  ADD KEY `fk_usuario_perfil1_idx` (`idperfil`),
  ADD KEY `fk_idinstitucion` (`idinstitucion`);

--
-- Indexes for table `videotutorial`
--
ALTER TABLE `videotutorial`
  ADD PRIMARY KEY (`idvideotutorial`);

--
-- Indexes for table `visita`
--
ALTER TABLE `visita`
  ADD PRIMARY KEY (`idvisita`);

--
-- Indexes for table `visitas`
--
ALTER TABLE `visitas`
  ADD PRIMARY KEY (`idvisitas`);

--
-- Indexes for table `vitacora_maestrante_estado`
--
ALTER TABLE `vitacora_maestrante_estado`
  ADD PRIMARY KEY (`idmaestrante`,`idmaestrante_estado`),
  ADD KEY `fk_maestrante_has_maestrante_estado_maestrante_estado1_idx` (`idmaestrante_estado`),
  ADD KEY `fk_maestrante_has_maestrante_estado_maestrante1_idx` (`idmaestrante`);

--
-- AUTO_INCREMENT for dumped tables
--

--
-- AUTO_INCREMENT for table `acceso`
--
ALTER TABLE `acceso`
  MODIFY `idacceso` int(11) NOT NULL AUTO_INCREMENT, AUTO_INCREMENT=34;

--
-- AUTO_INCREMENT for table `articulo`
--
ALTER TABLE `articulo`
  MODIFY `idarticulo` int(11) NOT NULL AUTO_INCREMENT, AUTO_INCREMENT=4;

--
-- AUTO_INCREMENT for table `ascenso`
--
ALTER TABLE `ascenso`
  MODIFY `idascenso` int(11) NOT NULL AUTO_INCREMENT, AUTO_INCREMENT=2;

--
-- AUTO_INCREMENT for table `asistencia`
--
ALTER TABLE `asistencia`
  MODIFY `idasistencia` int(11) NOT NULL AUTO_INCREMENT, AUTO_INCREMENT=1859;

--
-- AUTO_INCREMENT for table `aspirante`
--
ALTER TABLE `aspirante`
  MODIFY `idaspirante` int(11) NOT NULL AUTO_INCREMENT, AUTO_INCREMENT=2;

--
-- AUTO_INCREMENT for table `certificado`
--
ALTER TABLE `certificado`
  MODIFY `idcertificado` int(11) NOT NULL AUTO_INCREMENT, AUTO_INCREMENT=1323;

--
-- AUTO_INCREMENT for table `cinturon`
--
ALTER TABLE `cinturon`
  MODIFY `idcinturon` int(11) NOT NULL AUTO_INCREMENT, AUTO_INCREMENT=2;

--
-- AUTO_INCREMENT for table `cliente`
--
ALTER TABLE `cliente`
  MODIFY `idcliente` int(11) NOT NULL AUTO_INCREMENT, AUTO_INCREMENT=15;

--
-- AUTO_INCREMENT for table `correo`
--
ALTER TABLE `correo`
  MODIFY `idcorreo` int(11) NOT NULL AUTO_INCREMENT, AUTO_INCREMENT=570;

--
-- AUTO_INCREMENT for table `correo_estado`
--
ALTER TABLE `correo_estado`
  MODIFY `idcorreo_estado` int(11) NOT NULL AUTO_INCREMENT, AUTO_INCREMENT=2;

--
-- AUTO_INCREMENT for table `curso`
--
ALTER TABLE `curso`
  MODIFY `idcurso` int(11) NOT NULL AUTO_INCREMENT, AUTO_INCREMENT=12;

--
-- AUTO_INCREMENT for table `cursodocumento`
--
ALTER TABLE `cursodocumento`
  MODIFY `idcursodocumento` int(11) NOT NULL AUTO_INCREMENT, AUTO_INCREMENT=2;

--
-- AUTO_INCREMENT for table `cursounidad`
--
ALTER TABLE `cursounidad`
  MODIFY `idcursounidad` int(11) NOT NULL AUTO_INCREMENT, AUTO_INCREMENT=13;

--
-- AUTO_INCREMENT for table `departamento`
--
ALTER TABLE `departamento`
  MODIFY `iddepartamento` int(11) NOT NULL AUTO_INCREMENT, AUTO_INCREMENT=6;

--
-- AUTO_INCREMENT for table `destinatario`
--
ALTER TABLE `destinatario`
  MODIFY `iddestinatario` int(11) NOT NULL AUTO_INCREMENT, AUTO_INCREMENT=6;

--
-- AUTO_INCREMENT for table `directorio`
--
ALTER TABLE `directorio`
  MODIFY `iddirectorio` int(11) NOT NULL AUTO_INCREMENT, AUTO_INCREMENT=5;

--
-- AUTO_INCREMENT for table `docente`
--
ALTER TABLE `docente`
  MODIFY `iddocente` int(11) NOT NULL AUTO_INCREMENT, AUTO_INCREMENT=2;

--
-- AUTO_INCREMENT for table `documento`
--
ALTER TABLE `documento`
  MODIFY `iddocumento` int(11) NOT NULL AUTO_INCREMENT, AUTO_INCREMENT=391;

--
-- AUTO_INCREMENT for table `documento_estado`
--
ALTER TABLE `documento_estado`
  MODIFY `iddocumento_estado` int(11) NOT NULL AUTO_INCREMENT, AUTO_INCREMENT=3;

--
-- AUTO_INCREMENT for table `emisor`
--
ALTER TABLE `emisor`
  MODIFY `idemisor` int(11) NOT NULL AUTO_INCREMENT, AUTO_INCREMENT=371;

--
-- AUTO_INCREMENT for table `estado_portafolio`
--
ALTER TABLE `estado_portafolio`
  MODIFY `idestado_portafolio` int(11) NOT NULL AUTO_INCREMENT, AUTO_INCREMENT=4;

--
-- AUTO_INCREMENT for table `estudiante`
--
ALTER TABLE `estudiante`
  MODIFY `idestudiante` int(11) NOT NULL AUTO_INCREMENT, AUTO_INCREMENT=88;

--
-- AUTO_INCREMENT for table `estudio`
--
ALTER TABLE `estudio`
  MODIFY `idestudio` int(11) NOT NULL AUTO_INCREMENT, AUTO_INCREMENT=86;

--
-- AUTO_INCREMENT for table `evaluacion`
--
ALTER TABLE `evaluacion`
  MODIFY `idevaluacion` int(11) NOT NULL AUTO_INCREMENT, AUTO_INCREMENT=7;

--
-- AUTO_INCREMENT for table `evaluado`
--
ALTER TABLE `evaluado`
  MODIFY `idevaluado` int(11) NOT NULL AUTO_INCREMENT, AUTO_INCREMENT=40;

--
-- AUTO_INCREMENT for table `evento`
--
ALTER TABLE `evento`
  MODIFY `idevento` int(11) NOT NULL AUTO_INCREMENT, AUTO_INCREMENT=36;

--
-- AUTO_INCREMENT for table `evento_estado`
--
ALTER TABLE `evento_estado`
  MODIFY `idevento_estado` int(11) NOT NULL AUTO_INCREMENT, AUTO_INCREMENT=5;

--
-- AUTO_INCREMENT for table `fechaevento`
--
ALTER TABLE `fechaevento`
  MODIFY `idfechaevento` int(11) NOT NULL AUTO_INCREMENT, AUTO_INCREMENT=86;

--
-- AUTO_INCREMENT for table `foto`
--
ALTER TABLE `foto`
  MODIFY `idfoto` int(11) NOT NULL AUTO_INCREMENT, AUTO_INCREMENT=2;

--
-- AUTO_INCREMENT for table `funcionario`
--
ALTER TABLE `funcionario`
  MODIFY `idfuncionario` int(11) NOT NULL AUTO_INCREMENT;

--
-- AUTO_INCREMENT for table `genero`
--
ALTER TABLE `genero`
  MODIFY `idgenero` int(11) NOT NULL AUTO_INCREMENT, AUTO_INCREMENT=3;

--
-- AUTO_INCREMENT for table `informe`
--
ALTER TABLE `informe`
  MODIFY `idinforme` int(11) NOT NULL AUTO_INCREMENT, AUTO_INCREMENT=2;

--
-- AUTO_INCREMENT for table `institucion`
--
ALTER TABLE `institucion`
  MODIFY `idinstitucion` int(11) NOT NULL AUTO_INCREMENT, AUTO_INCREMENT=48;

--
-- AUTO_INCREMENT for table `instructor`
--
ALTER TABLE `instructor`
  MODIFY `idinstructor` int(11) NOT NULL AUTO_INCREMENT, AUTO_INCREMENT=2;

--
-- AUTO_INCREMENT for table `inventario`
--
ALTER TABLE `inventario`
  MODIFY `idinventario` int(11) NOT NULL AUTO_INCREMENT;

--
-- AUTO_INCREMENT for table `maestrante`
--
ALTER TABLE `maestrante`
  MODIFY `idmaestrante` int(11) NOT NULL AUTO_INCREMENT, AUTO_INCREMENT=21;

--
-- AUTO_INCREMENT for table `maestrante_estado`
--
ALTER TABLE `maestrante_estado`
  MODIFY `idmaestrante_estado` int(11) NOT NULL AUTO_INCREMENT, AUTO_INCREMENT=3;

--
-- AUTO_INCREMENT for table `maestria`
--
ALTER TABLE `maestria`
  MODIFY `idmaestria` int(11) NOT NULL AUTO_INCREMENT, AUTO_INCREMENT=2;

--
-- AUTO_INCREMENT for table `mensaje`
--
ALTER TABLE `mensaje`
  MODIFY `idmensaje` int(11) NOT NULL AUTO_INCREMENT;

--
-- AUTO_INCREMENT for table `mensaje_estado`
--
ALTER TABLE `mensaje_estado`
  MODIFY `idmensaje_estado` int(11) NOT NULL AUTO_INCREMENT;

--
-- AUTO_INCREMENT for table `modulo`
--
ALTER TABLE `modulo`
  MODIFY `idmodulo` int(11) NOT NULL AUTO_INCREMENT, AUTO_INCREMENT=19;

--
-- AUTO_INCREMENT for table `nivelacceso`
--
ALTER TABLE `nivelacceso`
  MODIFY `idnivelacceso` int(11) NOT NULL AUTO_INCREMENT, AUTO_INCREMENT=3;

--
-- AUTO_INCREMENT for table `operadora`
--
ALTER TABLE `operadora`
  MODIFY `idoperadora` int(11) NOT NULL AUTO_INCREMENT, AUTO_INCREMENT=3;

--
-- AUTO_INCREMENT for table `ordenador`
--
ALTER TABLE `ordenador`
  MODIFY `idordenador` int(11) NOT NULL AUTO_INCREMENT, AUTO_INCREMENT=9;

--
-- AUTO_INCREMENT for table `pagina`
--
ALTER TABLE `pagina`
  MODIFY `idpagina` int(11) NOT NULL AUTO_INCREMENT, AUTO_INCREMENT=17;

--
-- AUTO_INCREMENT for table `participacion`
--
ALTER TABLE `participacion`
  MODIFY `idparticipacion` int(11) NOT NULL AUTO_INCREMENT, AUTO_INCREMENT=966;

--
-- AUTO_INCREMENT for table `participante`
--
ALTER TABLE `participante`
  MODIFY `idparticipante` int(11) NOT NULL AUTO_INCREMENT, AUTO_INCREMENT=560;

--
-- AUTO_INCREMENT for table `participanteestado`
--
ALTER TABLE `participanteestado`
  MODIFY `idparticipanteestado` int(11) NOT NULL AUTO_INCREMENT, AUTO_INCREMENT=4;

--
-- AUTO_INCREMENT for table `password`
--
ALTER TABLE `password`
  MODIFY `idpassword` int(11) NOT NULL AUTO_INCREMENT, AUTO_INCREMENT=432;

--
-- AUTO_INCREMENT for table `perfil`
--
ALTER TABLE `perfil`
  MODIFY `idperfil` int(11) NOT NULL AUTO_INCREMENT, AUTO_INCREMENT=4;

--
-- AUTO_INCREMENT for table `periodoacademico`
--
ALTER TABLE `periodoacademico`
  MODIFY `idperiodoacademico` int(11) NOT NULL AUTO_INCREMENT, AUTO_INCREMENT=2;

--
-- AUTO_INCREMENT for table `persona`
--
ALTER TABLE `persona`
  MODIFY `idpersona` int(11) NOT NULL AUTO_INCREMENT, AUTO_INCREMENT=562;

--
-- AUTO_INCREMENT for table `portafoliodocente`
--
ALTER TABLE `portafoliodocente`
  MODIFY `idportafoliodocente` int(11) NOT NULL AUTO_INCREMENT, AUTO_INCREMENT=4;

--
-- AUTO_INCREMENT for table `portafolioestado`
--
ALTER TABLE `portafolioestado`
  MODIFY `idportafolioestado` int(11) NOT NULL AUTO_INCREMENT, AUTO_INCREMENT=3;

--
-- AUTO_INCREMENT for table `portafolioestudiante`
--
ALTER TABLE `portafolioestudiante`
  MODIFY `idportafolioestudiante` int(11) NOT NULL AUTO_INCREMENT, AUTO_INCREMENT=6;

--
-- AUTO_INCREMENT for table `portafoliomodelo`
--
ALTER TABLE `portafoliomodelo`
  MODIFY `idportafoliomodelo` int(11) NOT NULL AUTO_INCREMENT, AUTO_INCREMENT=10;

--
-- AUTO_INCREMENT for table `portafoliotipo`
--
ALTER TABLE `portafoliotipo`
  MODIFY `idportafoliotipo` int(11) NOT NULL AUTO_INCREMENT;

--
-- AUTO_INCREMENT for table `pregunta`
--
ALTER TABLE `pregunta`
  MODIFY `idpregunta` int(11) NOT NULL AUTO_INCREMENT, AUTO_INCREMENT=9;

--
-- AUTO_INCREMENT for table `respuesta`
--
ALTER TABLE `respuesta`
  MODIFY `idrespuesta` int(11) NOT NULL AUTO_INCREMENT, AUTO_INCREMENT=20;

--
-- AUTO_INCREMENT for table `resultado`
--
ALTER TABLE `resultado`
  MODIFY `idresultado` int(11) NOT NULL AUTO_INCREMENT;

--
-- AUTO_INCREMENT for table `seguimiento`
--
ALTER TABLE `seguimiento`
  MODIFY `idseguimiento` int(11) NOT NULL AUTO_INCREMENT, AUTO_INCREMENT=56;

--
-- AUTO_INCREMENT for table `telefono`
--
ALTER TABLE `telefono`
  MODIFY `idtelefono` int(11) NOT NULL AUTO_INCREMENT, AUTO_INCREMENT=541;

--
-- AUTO_INCREMENT for table `telefono_estado`
--
ALTER TABLE `telefono_estado`
  MODIFY `idtelefono_estado` int(11) NOT NULL AUTO_INCREMENT, AUTO_INCREMENT=2;

--
-- AUTO_INCREMENT for table `tipoasistencia`
--
ALTER TABLE `tipoasistencia`
  MODIFY `idtipoasistencia` int(11) NOT NULL AUTO_INCREMENT, AUTO_INCREMENT=5;

--
-- AUTO_INCREMENT for table `tipodocu`
--
ALTER TABLE `tipodocu`
  MODIFY `idtipodocu` int(11) NOT NULL AUTO_INCREMENT, AUTO_INCREMENT=18;

--
-- AUTO_INCREMENT for table `tipoparticipacion`
--
ALTER TABLE `tipoparticipacion`
  MODIFY `idtipoparticipacion` int(11) NOT NULL AUTO_INCREMENT, AUTO_INCREMENT=5;

--
-- AUTO_INCREMENT for table `tiposeguimiento`
--
ALTER TABLE `tiposeguimiento`
  MODIFY `idtiposeguimiento` int(11) NOT NULL AUTO_INCREMENT, AUTO_INCREMENT=4;

--
-- AUTO_INCREMENT for table `unidad`
--
ALTER TABLE `unidad`
  MODIFY `idunidad` int(11) NOT NULL AUTO_INCREMENT, AUTO_INCREMENT=5;

--
-- AUTO_INCREMENT for table `usuario`
--
ALTER TABLE `usuario`
  MODIFY `idusuario` int(10) UNSIGNED NOT NULL AUTO_INCREMENT, AUTO_INCREMENT=425;

--
-- AUTO_INCREMENT for table `videotutorial`
--
ALTER TABLE `videotutorial`
  MODIFY `idvideotutorial` int(11) NOT NULL AUTO_INCREMENT, AUTO_INCREMENT=11;

--
-- AUTO_INCREMENT for table `visita`
--
ALTER TABLE `visita`
  MODIFY `idvisita` int(11) NOT NULL AUTO_INCREMENT, AUTO_INCREMENT=92;

--
-- AUTO_INCREMENT for table `visitas`
--
ALTER TABLE `visitas`
  MODIFY `idvisitas` int(11) NOT NULL AUTO_INCREMENT, AUTO_INCREMENT=23;

--
-- Constraints for dumped tables
--

--
-- Constraints for table `acceso`
--
ALTER TABLE `acceso`
  ADD CONSTRAINT `fk_acceso_modulo1` FOREIGN KEY (`idmodulo`) REFERENCES `modulo` (`idmodulo`),
  ADD CONSTRAINT `fk_acceso_nivelacceso1` FOREIGN KEY (`idnivelacceso`) REFERENCES `nivelacceso` (`idnivelacceso`),
  ADD CONSTRAINT `fk_acceso_usuario1` FOREIGN KEY (`idusuario`) REFERENCES `usuario` (`idusuario`);

--
-- Constraints for table `articulo`
--
ALTER TABLE `articulo`
  ADD CONSTRAINT `fk_articulo_institucion1` FOREIGN KEY (`idinstitucion`) REFERENCES `institucion` (`idinstitucion`);

--
-- Constraints for table `ascenso`
--
ALTER TABLE `ascenso`
  ADD CONSTRAINT `fk_ascenso_cinturon1` FOREIGN KEY (`idcinturon`) REFERENCES `cinturon` (`idcinturon`),
  ADD CONSTRAINT `fk_ascenso_cliente1` FOREIGN KEY (`idcliente`) REFERENCES `cliente` (`idcliente`),
  ADD CONSTRAINT `fk_ascenso_evento1` FOREIGN KEY (`idevento`) REFERENCES `evento` (`idevento`);

--
-- Constraints for table `cinturon`
--
ALTER TABLE `cinturon`
  ADD CONSTRAINT `fk_cinturon_articulo1` FOREIGN KEY (`idarticulo`) REFERENCES `articulo` (`idarticulo`);

--
-- Constraints for table `cliente`
--
ALTER TABLE `cliente`
  ADD CONSTRAINT `fk_cliente_institucion1` FOREIGN KEY (`idinstitucion`) REFERENCES `institucion` (`idinstitucion`),
  ADD CONSTRAINT `fk_cliente_persona1` FOREIGN KEY (`idpersona`) REFERENCES `persona` (`idpersona`);

--
-- Constraints for table `correo`
--
ALTER TABLE `correo`
  ADD CONSTRAINT `fk_correo_correo_estado1` FOREIGN KEY (`idcorreo_estado`) REFERENCES `correo_estado` (`idcorreo_estado`),
  ADD CONSTRAINT `fk_correo_persona1` FOREIGN KEY (`idpersona`) REFERENCES `persona` (`idpersona`);

--
-- Constraints for table `departamento`
--
ALTER TABLE `departamento`
  ADD CONSTRAINT `fk_departamento_unidad1` FOREIGN KEY (`idunidad`) REFERENCES `unidad` (`idunidad`);

--
-- Constraints for table `destinatario`
--
ALTER TABLE `destinatario`
  ADD CONSTRAINT `fk_documentos_has_persona_documentos1` FOREIGN KEY (`iddocumento`) REFERENCES `documento` (`iddocumento`),
  ADD CONSTRAINT `fk_documentos_has_persona_persona1` FOREIGN KEY (`idpersona`) REFERENCES `persona` (`idpersona`);

--
-- Constraints for table `detainventario`
--
ALTER TABLE `detainventario`
  ADD CONSTRAINT `fk_detainventario_articulo1` FOREIGN KEY (`idarticulo`) REFERENCES `articulo` (`idarticulo`),
  ADD CONSTRAINT `fk_detainventario_inventario1` FOREIGN KEY (`idinventario`) REFERENCES `inventario` (`idinventario`);

--
-- Constraints for table `directorio`
--
ALTER TABLE `directorio`
  ADD CONSTRAINT `fk_directorio_ordenador1` FOREIGN KEY (`idordenador`) REFERENCES `ordenador` (`idordenador`);

--
-- Constraints for table `docente`
--
ALTER TABLE `docente`
  ADD CONSTRAINT `fk_docente_persona1` FOREIGN KEY (`idpersona`) REFERENCES `persona` (`idpersona`);

--
-- Constraints for table `documento`
--
ALTER TABLE `documento`
  ADD CONSTRAINT `documento_ibfk_1` FOREIGN KEY (`idordenador`) REFERENCES `ordenador` (`idordenador`),
  ADD CONSTRAINT `documento_ibfk_2` FOREIGN KEY (`iddirectorio`) REFERENCES `directorio` (`iddirectorio`),
  ADD CONSTRAINT `fk_documento_tipodocu1` FOREIGN KEY (`idtipodocu`) REFERENCES `tipodocu` (`idtipodocu`);

--
-- Constraints for table `emisor`
--
ALTER TABLE `emisor`
  ADD CONSTRAINT `fk_emisor_documento1` FOREIGN KEY (`iddocumento`) REFERENCES `documento` (`iddocumento`),
  ADD CONSTRAINT `fk_persona_has_documentos_persona1` FOREIGN KEY (`idpersona`) REFERENCES `persona` (`idpersona`);

--
-- Constraints for table `estudiante`
--
ALTER TABLE `estudiante`
  ADD CONSTRAINT `fk_estudiante_persona1` FOREIGN KEY (`idpersona`) REFERENCES `persona` (`idpersona`);

--
-- Constraints for table `evaluado`
--
ALTER TABLE `evaluado`
  ADD CONSTRAINT `fk_evaluado_persona1` FOREIGN KEY (`idpersona`) REFERENCES `persona` (`idpersona`);

--
-- Constraints for table `evento`
--
ALTER TABLE `evento`
  ADD CONSTRAINT `fk_evento_evento_estado1` FOREIGN KEY (`idevento_estado`) REFERENCES `evento_estado` (`idevento_estado`),
  ADD CONSTRAINT `fk_evento_institucion1` FOREIGN KEY (`idinstitucion`) REFERENCES `institucion` (`idinstitucion`);

--
-- Constraints for table `funcionario`
--
ALTER TABLE `funcionario`
  ADD CONSTRAINT `fk_funcionario_persona1` FOREIGN KEY (`idpersona`) REFERENCES `persona` (`idpersona`);

--
-- Constraints for table `inventario`
--
ALTER TABLE `inventario`
  ADD CONSTRAINT `fk_Inventario_institucion1` FOREIGN KEY (`idinstitucion`) REFERENCES `institucion` (`idinstitucion`);

--
-- Constraints for table `maestrante`
--
ALTER TABLE `maestrante`
  ADD CONSTRAINT `fk_maestrante_maestrante_estado1` FOREIGN KEY (`idmaestrante_estado`) REFERENCES `maestrante_estado` (`idmaestrante_estado`),
  ADD CONSTRAINT `fk_maestrante_maestria1` FOREIGN KEY (`idmaestria`) REFERENCES `maestria` (`idmaestria`),
  ADD CONSTRAINT `fk_maestrante_persona1` FOREIGN KEY (`idpersona`) REFERENCES `persona` (`idpersona`);

--
-- Constraints for table `mensaje`
--
ALTER TABLE `mensaje`
  ADD CONSTRAINT `fk_mensaje_mensaje_estado1` FOREIGN KEY (`idmensaje_estado`) REFERENCES `mensaje_estado` (`idmensaje_estado`);

--
-- Constraints for table `nombramiento`
--
ALTER TABLE `nombramiento`
  ADD CONSTRAINT `fk_funcionario_has_departamento_departamento1` FOREIGN KEY (`iddepartamento`) REFERENCES `departamento` (`iddepartamento`),
  ADD CONSTRAINT `fk_funcionario_has_departamento_funcionario1` FOREIGN KEY (`idfuncionario`) REFERENCES `funcionario` (`idfuncionario`);

--
-- Constraints for table `participante`
--
ALTER TABLE `participante`
  ADD CONSTRAINT `fk_evento_has_persona_evento1` FOREIGN KEY (`idevento`) REFERENCES `evento` (`idevento`),
  ADD CONSTRAINT `fk_evento_has_persona_persona1` FOREIGN KEY (`idpersona`) REFERENCES `persona` (`idpersona`);

--
-- Constraints for table `persona`
--
ALTER TABLE `persona`
  ADD CONSTRAINT `fk_persona_foto1` FOREIGN KEY (`idfoto`) REFERENCES `foto` (`idfoto`),
  ADD CONSTRAINT `fk_persona_genero1` FOREIGN KEY (`idgenero`) REFERENCES `genero` (`idgenero`);

--
-- Constraints for table `portafolioestudiante`
--
ALTER TABLE `portafolioestudiante`
  ADD CONSTRAINT `fk_portafolioestudiante_estado_portafolio1` FOREIGN KEY (`idestado_portafolio`) REFERENCES `estado_portafolio` (`idestado_portafolio`),
  ADD CONSTRAINT `fk_portafolioestudiante_portafoliomodelo1` FOREIGN KEY (`idportafoliomodelo`) REFERENCES `portafoliomodelo` (`idportafoliomodelo`);

--
-- Constraints for table `pregunta`
--
ALTER TABLE `pregunta`
  ADD CONSTRAINT `fk_pregunta_evaluacion1` FOREIGN KEY (`idevaluacion`) REFERENCES `evaluacion` (`idevaluacion`);

--
-- Constraints for table `respuesta`
--
ALTER TABLE `respuesta`
  ADD CONSTRAINT `fk_respuesta_pregunta1` FOREIGN KEY (`idpregunta`) REFERENCES `pregunta` (`idpregunta`);

--
-- Constraints for table `resultado`
--
ALTER TABLE `resultado`
  ADD CONSTRAINT `fk_resultado_evaluado1` FOREIGN KEY (`idevaluado`) REFERENCES `evaluado` (`idevaluado`),
  ADD CONSTRAINT `fk_resultado_pregunta1` FOREIGN KEY (`idpregunta`) REFERENCES `pregunta` (`idpregunta`),
  ADD CONSTRAINT `fk_resultado_respuesta1` FOREIGN KEY (`idrespuesta`) REFERENCES `respuesta` (`idrespuesta`);

--
-- Constraints for table `telefono`
--
ALTER TABLE `telefono`
  ADD CONSTRAINT `fk_telefono_operadora1` FOREIGN KEY (`idoperadora`) REFERENCES `operadora` (`idoperadora`),
  ADD CONSTRAINT `fk_telefono_persona1` FOREIGN KEY (`idpersona`) REFERENCES `persona` (`idpersona`),
  ADD CONSTRAINT `fk_telefono_telefono_estado1` FOREIGN KEY (`idtelefono_estado`) REFERENCES `telefono_estado` (`idtelefono_estado`);

--
-- Constraints for table `unidad`
--
ALTER TABLE `unidad`
  ADD CONSTRAINT `fk_unidad_institucion1` FOREIGN KEY (`idinstitucion`) REFERENCES `institucion` (`idinstitucion`);

--
-- Constraints for table `usuario`
--
ALTER TABLE `usuario`
  ADD CONSTRAINT `fk_idinstitucion` FOREIGN KEY (`idinstitucion`) REFERENCES `institucion` (`idinstitucion`),
  ADD CONSTRAINT `fk_usuario_perfil1` FOREIGN KEY (`idperfil`) REFERENCES `perfil` (`idperfil`),
  ADD CONSTRAINT `usuario_ibfk_1` FOREIGN KEY (`idpersona`) REFERENCES `persona` (`idpersona`);

--
-- Constraints for table `vitacora_maestrante_estado`
--
ALTER TABLE `vitacora_maestrante_estado`
  ADD CONSTRAINT `fk_maestrante_has_maestrante_estado_maestrante1` FOREIGN KEY (`idmaestrante`) REFERENCES `maestrante` (`idmaestrante`),
  ADD CONSTRAINT `fk_maestrante_has_maestrante_estado_maestrante_estado1` FOREIGN KEY (`idmaestrante_estado`) REFERENCES `maestrante_estado` (`idmaestrante_estado`);
COMMIT;

/*!40101 SET CHARACTER_SET_CLIENT=@OLD_CHARACTER_SET_CLIENT */;
/*!40101 SET CHARACTER_SET_RESULTS=@OLD_CHARACTER_SET_RESULTS */;
/*!40101 SET COLLATION_CONNECTION=@OLD_COLLATION_CONNECTION */;
